epoch,train_tot,train_nll,train_kl,val_tot,val_nll,val_kl,train,val
1,76880.01735606093,75921.02844498005,958.9889110808676,55797.14157039561,54818.347406914894,978.7941634807181,76880.01735606093,55797.14157039561
2,53726.90448517495,52768.060214428195,958.8442707467586,46083.86373836436,45102.985704787236,980.8780335771277,53726.90448517495,46083.86373836436
3,45276.42921480219,44318.53698470745,957.8922300947473,30177.986639793882,29197.240026595744,980.7466131981383,45276.42921480219,30177.986639793882
4,27975.354183115858,27017.045358211435,958.3088249044215,18580.74928316157,17601.04055851064,979.7087246509309,27975.354183115858,18580.74928316157
5,19569.451252389463,18610.733299742355,958.7179526471077,11246.657881067154,10268.99925199468,977.6586290724734,19569.451252389463,11246.657881067154
6,13350.284347209525,12391.95335355718,958.3309936523438,14209.752171293218,13231.359582779256,978.3925885139628,13350.284347209525,14209.752171293218
7,9241.626075257645,8283.123772803774,958.502302453873,6333.880661984707,5353.128812749335,980.7518492353723,9241.626075257645,6333.880661984707
8,6425.9666157174615,5466.172674300823,959.793941416639,5592.609728224734,4610.312354554521,982.2973736702128,6425.9666157174615,5592.609728224734
9,3758.606497906624,2799.759023463472,958.8474744431516,2021.6156759059174,1042.3140219830452,979.3016539228723,3758.606497906624,2021.6156759059174
10,2878.0701037467793,1918.722446198159,959.3476575486203,5166.980720682347,4189.788036589927,977.1926840924202,2878.0701037467793,5166.980720682347
11,2054.7770483138715,1095.231539462475,959.5455088513962,1635.5433193774934,656.080397585605,979.4629217918883,2054.7770483138715,1635.5433193774934
12,1686.3709392141789,727.6017949530419,958.769144261137,1694.719362948803,715.472791306516,979.2465716422872,1686.3709392141789,1694.719362948803
13,1574.630376125904,616.1849506459338,958.44542547997,1269.9139936731217,290.5915722136802,979.3224214594414,1574.630376125904,1269.9139936731217
14,1247.607311654598,289.4091447870782,958.19816686752,1109.7734998337767,132.77799825465425,976.9955015791223,1247.607311654598,1109.7734998337767
15,1147.1566062277936,187.9872012036912,959.1694050241024,1149.489757781333,172.82870808053525,976.6610497007979,1147.1566062277936,1149.489757781333
16,1110.9795432395124,152.36432444795648,958.6152187915559,1118.6222456262467,140.81466999459775,977.8075756316489,1110.9795432395124,1118.6222456262467
17,1079.2647057391227,121.0453609710044,958.2193447681184,1079.5232855614195,101.39886734333444,978.1244182180851,1079.2647057391227,1079.5232855614195
18,1090.8987503051758,132.64773348544506,958.2510168197307,1090.9024398479055,111.80103318234707,979.1014066655586,1090.8987503051758,1090.9024398479055
19,1097.7253040151393,138.40644077544516,959.3188632396941,1059.9762748555934,80.69197050054022,979.2843043550532,1097.7253040151393,1059.9762748555934
20,1049.5309737996852,92.06242378721846,957.4685500124667,1048.7007238509807,70.93802853848072,977.7626953125,1049.5309737996852,1048.7007238509807
21,1034.0205384924056,75.5399398803711,958.4805986120346,1052.9008230655752,73.7254781520113,979.1753449135638,1034.0205384924056,1052.9008230655752
22,1027.2147510609727,68.80568954792429,958.4090615130485,1042.2325627753075,65.57123257251496,976.6613302027926,1027.2147510609727,1042.2325627753075
23,1031.718522213875,73.51150654731913,958.2070156665559,1036.7414901408742,56.33767115816157,980.4038189827128,1031.718522213875,1036.7414901408742
24,1022.9329043043421,64.98276872837798,957.950135575964,1031.6986278777426,53.996396328540555,977.7022315492021,1022.9329043043421,1031.6986278777426
25,1036.2486210275204,77.80712647133686,958.4414945561836,1034.144400089345,54.016927516206785,980.1274725731383,1036.2486210275204,1034.144400089345
26,1013.2143495843766,55.87865882224225,957.3356907621343,1026.701378355635,47.84437203914561,978.8570063164893,1013.2143495843766,1026.701378355635
27,1013.8770009304615,55.83044539106653,958.046555539395,1018.2868493262757,40.0105029167013,978.2763464095744,1013.8770009304615,1018.2868493262757
28,1006.9384462072494,48.759232703675615,958.1792135035738,1020.1119037384683,41.93612248846825,978.17578125,1006.9384462072494,1020.1119037384683
29,1009.5989882286559,51.443447275364655,958.1555409532913,1025.7942764606883,45.83554142079455,979.9587350398937,1009.5989882286559,1025.7942764606883
30,1007.9939427477249,50.23547444445022,957.7584683032746,1026.4952814629737,49.59811141643118,976.8971700465426,1007.9939427477249,1026.4952814629737
31,1003.9333385305201,45.7846971471259,958.1486413833943,1018.2756516476895,42.878969882396945,975.3966817652926,1003.9333385305201,1018.2756516476895
32,1001.1754594356456,42.8456773960844,958.3297820395612,1027.9491583641538,48.67067182824967,979.2784865359042,1001.1754594356456,1027.9491583641538
33,1003.3484876105126,45.76685503695874,957.5816325735539,1013.9076937411694,35.54230353172789,978.3653902094414,1003.3484876105126,1013.9076937411694
34,1002.3588510472724,44.29101112041067,958.0678399268617,1026.644549430685,48.717666950631646,977.9268824800532,1002.3588510472724,1026.644549430685
35,997.3021715854077,39.301010618818566,958.001160966589,1012.1748865005818,33.597177059092424,978.5777094414893,997.3021715854077,1012.1748865005818
36,997.3858492830966,39.70503198339584,957.6808172997008,1017.2105290839013,39.39055941967254,977.8199696642288,997.3858492830966,1017.2105290839013
37,995.9222152791125,37.57058654947484,958.3516287296376,1015.8314234956782,38.366257687832444,977.4651658078458,995.9222152791125,1015.8314234956782
38,994.2560295348471,36.968726665415666,957.2873028694315,1011.8162744400349,33.63748039083278,978.1787940492021,994.2560295348471,1011.8162744400349
39,998.8314753187464,40.56376603309145,958.267709285655,1016.5170229648022,38.41020364964262,978.1068193151596,998.8314753187464,1016.5170229648022
40,991.7931119228931,33.32075305695229,958.4723588659408,1011.733496158681,33.37272903767038,978.3607671210107,991.7931119228931,1011.733496158681
41,992.1144956629327,34.347838259757836,957.7666574031749,1014.459281109749,35.59652969685007,978.8627514128989,992.1144956629327,1014.459281109749
42,992.3569124505875,34.587503270899994,957.7694091796875,1010.7308677511012,30.836689725835274,979.894178025266,992.3569124505875,1010.7308677511012
43,993.3024647489507,35.98301453286029,957.3194502160904,1010.2260514928939,32.21572486390459,978.0103266289893,993.3024647489507,1010.2260514928939
44,993.4128141200289,36.11382496610601,957.2989891539229,1007.1074533665434,27.29273012851147,979.8147232380319,993.4128141200289,1007.1074533665434
45,989.0736003632242,31.617244395803898,957.4563559674202,1006.6027176227975,28.239311705244347,978.3634059175532,989.0736003632242,1006.6027176227975
46,990.6649163834592,33.11397150729565,957.5509448761636,1011.044967002057,32.125782743413396,978.9191842586437,990.6649163834592,1011.044967002057
47,990.5384984523693,33.09407420868569,957.4444242436836,1001.4338128921834,26.287816798433344,975.14599609375,990.5384984523693,1001.4338128921834
48,987.4991792719414,30.003575101811837,957.4956041701297,1008.1929759573429,31.533733936066323,976.6592420212766,987.4991792719414,1008.1929759573429
49,986.8212828534714,29.92227525913969,956.8990075943318,1007.7086665376704,30.732883209877826,976.9757833277926,986.8212828534714,1007.7086665376704
50,988.0296743271199,30.842045763705638,957.1876285634143,1002.3094198348674,24.006841294308927,978.3025785405586,988.0296743271199,1002.3094198348674
51,986.6783448077263,29.523054488161776,957.1552903195645,1000.0423413540454,21.449048468407163,978.5932928856383,986.6783448077263,1000.0423413540454
52,984.8117806252013,28.252931046993176,956.5588495782081,1009.262312219498,32.701973123753326,976.5603390957447,984.8117806252013,1009.262312219498
53,985.5576810633883,28.753500025323095,956.8041810380652,998.5573532429147,20.724605154483875,977.8327480884309,985.5576810633883,998.5573532429147
54,985.0362432561022,28.46920977247522,956.567033483627,1012.3659567325673,34.4688386308386,977.8971181017288,985.0362432561022,1012.3659567325673
55,986.2698655635753,29.200714030164352,957.069151533411,1000.3787250924618,23.086535514669215,977.2921895777926,986.2698655635753,1000.3787250924618
56,984.7279675463412,28.162306704419724,956.5656608419215,1005.288277159346,27.522049599505486,977.7662275598404,984.7279675463412,1005.288277159346
57,985.8402576446533,29.07375088143856,956.7665067632148,1002.2936930554978,24.847029990338264,977.4466630651596,985.8402576446533,1002.2936930554978
58,984.7707727716324,27.699801871117124,957.0709709005152,998.1246962851667,21.9089175285177,976.2157787566489,984.7707727716324,998.1246962851667
59,983.903781200977,26.816906097087454,957.0868751038896,1000.9293501833652,22.881768733897108,978.0475814494681,983.903781200977,1000.9293501833652
60,981.0614933054497,24.55495994649035,956.5065333589595,997.6403164153403,23.350121518398854,974.2901948969414,981.0614933054497,997.6403164153403
61,982.0483762254106,25.601597583040277,956.4467786423703,996.431924211218,20.14153192398396,976.290392287234,982.0483762254106,996.431924211218
62,981.7450400413351,25.806886835301174,955.9381532060339,1003.9696710464802,28.02153274860788,975.9481382978723,981.7450400413351,1003.9696710464802
63,979.2228983006579,23.38420253104352,955.8386957696143,999.1412015874336,22.210651803523938,976.9305497839096,979.2228983006579,999.1412015874336
64,981.3856588728885,24.44677973808126,956.9388791348072,1001.41841011859,22.28073558401554,979.1376745345744,981.3856588728885,1001.41841011859
65,979.8274927545101,23.206483414832583,956.6210093396775,1001.0316006274934,25.038550843583778,975.9930497839096,979.8274927545101,1001.0316006274934
66,978.7788323341532,23.297093533455058,955.4817388006982,992.5767567411382,19.322798546324385,973.2539581948138,978.7788323341532,992.5767567411382
67,979.9621484431815,23.618050412928806,956.3440980302527,996.3580476476791,19.059115633051444,977.2989320146277,979.9621484431815,996.3580476476791
68,979.218025065483,23.293576199957666,955.9244488655253,1005.0067128932222,29.08386133072224,975.9228515625,979.218025065483,1005.0067128932222
69,977.6743042519752,22.01979700047919,955.654507251496,991.3767531374667,14.23085054438165,977.1459025930851,977.6743042519752,991.3767531374667
70,977.6369188694243,21.950560356708284,955.6863585127161,999.8564475850856,24.577026042532413,975.2794215425532,977.6369188694243,999.8564475850856
71,976.864079069584,21.181095671146473,955.6829833984375,997.4220714163273,20.44934244358793,976.9727289727393,976.864079069584,997.4220714163273
72,977.7792859178909,21.93289712134828,955.8463887965426,995.7528269341651,19.92540838363323,975.8274185505319,977.7792859178909,995.7528269341651
73,977.1503241112891,22.163538871927464,954.9867852393617,1000.5711510840882,25.030831519593583,975.5403195644947,977.1503241112891,1000.5711510840882
74,977.462185920553,21.979431598744494,955.4827543218086,993.8002028769636,18.161177777229472,975.639025099734,977.462185920553,993.8002028769636
75,976.3325949729757,20.754597237769595,955.5779977352062,993.5952807487325,17.43324409647191,976.1620366522607,976.3325949729757,993.5952807487325
76,976.2997901997668,20.83569705232661,955.4640931474402,994.6725030452648,18.55318580789769,976.119317237367,976.2997901997668,994.6725030452648
77,974.6477067622733,20.529223239168207,954.118483523105,987.4392641757397,14.22155307201629,973.2177111037234,974.6477067622733,987.4392641757397
78,976.5687144867917,21.28713853308495,955.2815759537068,997.9718551635742,20.606423398281667,977.3654317652926,976.5687144867917,997.9718551635742
79,975.6937181391614,20.750143193184062,954.9435749459774,990.2227137139503,14.169314445333278,976.053399268617,975.6937181391614,990.2227137139503
80,975.7035879175713,20.51701383387789,955.1865740836935,988.7350575873193,14.811894355936253,973.923163231383,975.7035879175713,988.7350575873193
81,975.6917710608625,21.06608409069954,954.6256869701629,988.5237603694835,12.58250995392495,975.9412504155586,975.6917710608625,988.5237603694835
82,976.872445207961,21.68772944998234,955.1847157579788,992.6037318452876,17.640623052069483,974.9631087932181,976.872445207961,992.6037318452876
83,975.8294282872627,20.219475401208754,955.6099528860539,994.2846330683282,17.795022031094167,976.489611037234,975.8294282872627,994.2846330683282
84,975.5451277266158,19.734479559228774,955.810648167387,992.9793335934903,16.249259624075382,976.7300739694149,975.5451277266158,992.9793335934903
85,975.797843040304,20.51155828922353,955.2862847510804,994.8975907995346,18.90323200631649,975.9943587932181,975.797843040304,994.8975907995346
86,973.2310861628106,18.394707131893078,954.8363790309176,993.2719710329745,20.299574507043715,972.9723965259309,973.2310861628106,993.2719710329745
87,972.038347142808,18.364182675138434,953.6741644676696,987.6465176521464,12.730086468635722,974.9164311835107,972.038347142808,987.6465176521464
88,973.1099933157576,18.028110108477005,955.0818832072806,992.5741603120845,16.7202914623504,975.853868849734,973.1099933157576,992.5741603120845
89,972.1575623065868,17.114289679425827,955.043272627161,991.0660252672561,16.082741108346493,974.9832841589096,972.1575623065868,991.0660252672561
90,973.9416588823846,18.888401163385268,955.0532577189994,990.7929614452605,15.533060763744597,975.259900681516,973.9416588823846,990.7929614452605
91,973.1218440177593,18.109624000305825,955.0122200174535,990.8923089859334,14.962766931412068,975.9295420545212,973.1218440177593,990.8923089859334
92,972.004296099886,17.322400945298217,954.6818951545878,990.2022091480012,14.711985161963929,975.4902239860372,972.004296099886,990.2022091480012
93,971.1119604516537,17.092449979579197,954.0195104720744,989.6409996519698,14.07217277364528,975.5688268783244,971.1119604516537,989.6409996519698
94,971.8069420875387,17.138525313519416,954.6684167740193,991.0901089932056,17.438679471929024,973.6514295212766,971.8069420875387,991.0901089932056
95,971.7849780853759,17.454772695581962,954.3302053897938,988.3773943312625,16.373207579267785,972.0041867519947,971.7849780853759,988.3773943312625
96,970.4542057666373,16.162218773618658,954.2919869930187,988.635413474225,14.369175525421792,974.2662379488032,970.4542057666373,988.635413474225
97,972.4029075338485,18.183531598841892,954.2193759350066,987.6685380326941,13.088968966869597,974.5795690658244,972.4029075338485,987.6685380326941
98,973.2412911678882,17.797794139131586,955.4434970287566,990.6005154873462,15.201205314473903,975.3993101728723,973.2412911678882,990.6005154873462
99,967.6557780225227,15.018334642369696,952.637443380153,989.2376730086955,15.14407884313705,974.0935941655586,967.6557780225227,989.2376730086955
100,969.3299715468224,15.106904932793151,954.2230666140292,991.7353152011303,18.01330306682181,973.7220121343086,969.3299715468224,991.7353152011303
101,970.2997571661117,16.056216503711457,954.2435406624003,988.5270796430872,15.799415913033993,972.7276637300532,970.2997571661117,988.5270796430872
102,970.465081326505,17.08416740945045,953.3809139170545,990.6773240109708,16.150001038896278,974.5273229720744,970.465081326505,990.6773240109708
103,969.0227735093299,15.545330544735522,953.4774429645944,987.5835503111495,12.897889157559009,974.6856611535904,969.0227735093299,987.5835503111495
104,970.6529696444247,17.298254094225296,953.3547155501994,990.3364215607339,14.100467438393451,976.2359541223404,970.6529696444247,990.3364215607339
105,968.9811114047436,14.898907438237616,954.082203966506,989.4504318237305,16.512942212693236,972.9374896110372,968.9811114047436,989.4504318237305
106,968.1174383163452,15.288260135244816,952.8291781811004,986.0590693697017,13.258984180206948,972.8000851894947,968.1174383163452,986.0590693697017
107,970.6837400071164,16.389829757365774,954.2939102497506,985.7509240089579,13.533555741005756,972.2173682679521,970.6837400071164,985.7509240089579
108,968.1222087576034,15.120599766995044,953.0016089906084,986.3267536569149,12.678804438164894,973.64794921875,968.1222087576034,986.3267536569149
109,968.1323690921703,15.05092351994616,953.0814455722241,986.0644829932679,11.4856723217254,974.5788106715426,968.1323690921703,986.0644829932679
110,966.3802214074642,13.605096999635087,952.7751244078291,984.2149368448461,11.672747267053483,972.5421895777926,966.3802214074642,984.2149368448461
111,968.3398817346451,15.133106312853224,953.2067754217919,987.0332657834317,14.746312242873172,972.2869535405586,968.3398817346451,987.0332657834317
112,967.630231583372,14.838284847584177,952.7919467357879,985.8817000693464,12.303762070676113,973.5779379986702,967.630231583372,985.8817000693464
113,967.3126881071862,14.76814023484575,952.5445478723404,988.637233328312,15.265391572992852,973.3718417553191,967.3126881071862,988.637233328312
114,967.8223779049325,14.97160236886207,952.8507755360705,983.339178856383,11.504945146276595,971.8342337101063,967.8223779049325,983.339178856383
115,967.0123462677002,14.790480877490754,952.2218653902095,985.8969213607463,12.890937318193151,973.0059840425532,967.0123462677002,985.8969213607463
116,965.8120339170415,13.404906049687812,952.4071278673538,987.1891959981715,15.51272907662899,971.6764669215426,965.8120339170415,987.1891959981715
117,965.2367256752988,12.748480786668493,952.4882448886303,990.8163911535385,17.729404368299118,973.0869867852393,965.2367256752988,990.8163911535385
118,966.8401583864334,13.505981815622208,953.3341765708112,987.8262030418883,14.34454995013298,973.4816530917553,966.8401583864334,987.8262030418883
119,966.870468687504,14.58889403241746,952.2815746550864,986.8288230084358,13.673559959898604,973.1552630485372,966.870468687504,986.8288230084358
120,966.3938157101895,13.32058391165226,953.0732317985372,986.669747048236,12.064527633342337,974.6052194148937,966.3938157101895,986.669747048236
121,965.346475185232,12.86816084638555,952.4783143388464,983.6128354985664,9.577897416784408,974.0349380817819,965.346475185232,983.6128354985664
122,966.0895295346037,13.448799346355681,952.640730188248,987.0280786067882,13.956550598144531,973.0715280086437,966.0895295346037,987.0280786067882
123,965.0340169541379,13.122478972090052,951.9115379820479,983.2345805066697,12.516838236058012,970.7177422706117,965.0340169541379,983.2345805066697
124,964.5225472348801,12.317104197563008,952.2054430373172,980.5647767249574,9.619796671765917,970.9449800531914,964.5225472348801,980.5647767249574
125,964.8372774124146,13.225789557112025,951.6114878553025,982.175065547862,9.926540780574717,972.2485247672872,964.8372774124146,982.175065547862
126,964.8586157332076,12.915912161482142,951.9427035717254,982.1347114887643,10.364245232115401,971.7704662566489,964.8586157332076,982.1347114887643
127,965.5200440934364,13.449877038915107,952.0701670545212,986.574354861645,13.33039084901201,973.243964012633,965.5200440934364,986.574354861645
128,965.0381009020704,12.83194232494273,952.2061585771277,978.956896193484,10.210366107047872,968.7465300864362,965.0381009020704,978.956896193484
129,964.872514004403,12.998902229552574,951.8736117748504,983.6039165740317,12.817711038792387,970.7862055352393,964.872514004403,983.6039165740317
130,965.0566447947888,13.501658612109246,951.5549861826795,983.8031766363915,11.70998764038086,972.0931889960107,965.0566447947888,983.8031766363915
131,964.7551597838706,13.05849412147035,951.6966656624003,980.7932046119203,11.162854296095828,969.6303503158244,964.7551597838706,980.7932046119203
132,965.2241744690753,12.927463095238869,952.2967113738364,986.5894562741544,13.621578947026679,972.9678773271277,965.2241744690753,986.5894562741544
133,963.649951904378,12.65518534437139,950.9947665600066,982.7747245950902,12.327271968760389,970.4474526263298,963.649951904378,982.7747245950902
134,964.4841145556023,13.58358887408642,950.900525681516,989.1823396074011,15.545444245034076,973.636895362367,964.4841145556023,989.1823396074011
135,963.7414564173272,13.170632260911008,950.5708241564163,983.0990545394573,11.799281018845578,971.2997735206117,963.7414564173272,983.0990545394573
136,962.8045975705411,12.225394715654089,950.579202854887,982.5703487802059,11.274668510923995,971.2956802692819,962.8045975705411,982.5703487802059
137,962.416565367516,11.675750509221503,950.7408148582946,981.8508015084774,10.63907444730718,971.2117270611702,962.416565367516,981.8508015084774
138,960.8956595786075,11.058726036802252,949.8369335418051,982.4866755059425,11.812920103681849,970.6737554022607,960.8956595786075,982.4866755059425
139,962.9477066587895,12.18160636374291,950.7661002950465,982.8443919242696,10.139999470812208,972.7043924534574,962.9477066587895,982.8443919242696
140,962.7717021779811,11.99287929940731,950.7788228785738,981.1191879434789,11.617068595074592,969.5021193484042,962.7717021779811,981.1191879434789
141,962.6999030214675,12.528655255094488,950.171247766373,982.5605374600025,10.693536961332281,971.8670004986702,962.6999030214675,982.5605374600025
142,964.6685589019288,12.916121391539878,951.752437510389,980.6748670212766,10.261749916888299,970.4131171043883,964.6685589019288,980.6748670212766
143,962.0909434075052,11.278745986045674,950.8121974214595,980.5102998449447,9.824160799067071,970.6861390458777,962.0909434075052,980.5102998449447
144,961.7775569063552,11.4585534156637,950.3190034906914,982.5856019689681,11.631656240909658,970.9539457280586,961.7775569063552,982.5856019689681
145,963.2575649099147,12.366271120436648,950.891293789478,980.4862303226552,10.940134494862658,969.5460958277926,963.2575649099147,980.4862303226552
146,963.4562977932869,12.724007078941833,950.732290714345,982.0415584483045,10.489862969581116,971.5516954787234,963.4562977932869,982.0415584483045
147,962.0198575232891,10.968925633329027,951.0509318899601,978.3440921864611,8.107909506939826,970.2361826795212,962.0198575232891,978.3440921864611
148,960.241016337212,10.645271656361032,949.5957446808511,978.8189594999272,8.567702435432597,970.2512570644947,960.241016337212,978.8189594999272
149,963.0951846508269,13.227824434320977,949.867360216506,980.6678166490921,10.727833686990941,969.9399829621011,963.0951846508269,980.6678166490921
150,960.1629033088684,10.622669453316547,949.5402338555518,979.3699525062074,9.848977190382938,969.5209753158244,960.1629033088684,979.3699525062074
151,960.4410236794898,10.556172345546965,949.8848513339428,982.1094097380942,12.904861450195312,969.2045482878989,960.4410236794898,982.1094097380942
152,960.6040510015284,10.629818226428743,949.9742327750997,978.3096741209639,8.766227478676655,969.5434466422872,960.6040510015284,978.3096741209639
153,960.9655836287965,11.412657057985346,949.5529265708112,982.5717753146557,10.80283623553337,971.7689390791223,960.9655836287965,982.5717753146557
154,961.8989782434829,11.884621995560666,950.0143562479223,979.7072859419153,10.44026882090467,969.2670171210107,961.8989782434829,979.7072859419153
155,960.7091300538245,10.811404197774035,949.8977258560506,977.8077680709514,8.114824254462059,969.6929438164893,960.7091300538245,977.8077680709514
156,960.4376029359534,10.437528914593635,950.0000740213598,978.0949875851895,9.456554656333111,968.6384329288563,960.4376029359534,978.0949875851895
157,959.903951979698,10.756004059568365,949.1479479201297,978.9510086546553,8.614821819548911,970.3361868351063,959.903951979698,978.9510086546553
158,959.9063808410725,10.787585649084537,949.118795191988,980.2794962132231,11.696561123462434,968.5829350897607,959.9063808410725,980.2794962132231
159,961.6485526713919,12.126333277276222,949.5222193941157,977.0883466842326,8.548920570535863,968.5394261136968,961.6485526713919,977.0883466842326
160,959.4607692627196,9.808604722327374,949.6521645403923,978.574522951816,11.404092017640458,967.1704309341756,959.4607692627196,978.574522951816
161,960.0304378651558,10.45635287305142,949.5740849921044,980.7078384237086,10.315634301368226,970.3922041223404,960.0304378651558,980.7078384237086
162,960.574151028978,11.263039254127666,949.3111117748504,978.8058327208174,9.131059200205701,969.6747735206117,960.574151028978,978.8058327208174
163,959.8660866960566,10.322446559337859,949.5436401367188,978.9348954545691,9.000667977840342,969.9342274767288,959.8660866960566,978.9348954545691
164,959.9918872346269,10.941012483962039,949.0508747506649,977.5641935632584,10.052661814588182,967.5115317486702,959.9918872346269,977.5641935632584
165,959.4009602932219,10.101723102813072,949.2992371904089,979.962574005127,10.622179640100358,969.3403943650266,959.4009602932219,979.962574005127
166,958.3657045719472,9.563088371398601,948.8026162005485,975.8640642369047,8.3935481132345,967.4705161236702,958.3657045719472,975.8640642369047
167,958.5587820753138,9.80687829788695,948.7519037774268,987.6153002799825,15.738367932908078,971.8769323470744,958.5587820753138,987.6153002799825
168,959.1290714943663,10.397488528109612,948.7315829662566,977.7910303968064,11.875180995210687,965.9158494015958,959.1290714943663,977.7910303968064
169,959.6555630450553,10.539737797797994,949.1158252472574,979.1591848819813,11.286023728390957,967.8731611535904,959.6555630450553,979.1591848819813
170,958.9863193085853,10.531107425689697,948.4552118828956,977.9135616383654,8.384586821211146,969.5289748171542,958.9863193085853,977.9135616383654
171,958.1125619462196,9.360511424693655,948.7520505215259,977.3989699343417,9.039594934341755,968.359375,958.1125619462196,977.3989699343417
172,957.8022208822534,9.8318515026823,947.9703693795711,978.4879584616804,9.468666157823927,969.0192923038563,957.8022208822534,978.4879584616804
173,958.0378891001357,10.20533320751596,947.8325558926197,975.8478871609302,7.848032606408951,967.9998545545212,958.0378891001357,975.8478871609302
174,957.4324181079865,9.463027888155999,947.9693902198304,979.3258862596878,8.892998959155793,970.4328873005319,957.4324181079865,979.3258862596878
175,959.183829906139,11.100898712239367,948.0829311938996,976.8815870082125,9.953125405818858,966.9284616023937,959.183829906139,976.8815870082125
176,957.6656525591586,10.001164111685245,947.6644884474734,978.3247973665278,9.20509573753844,969.1197016289893,957.6656525591586,978.3247973665278
177,957.7563705850155,10.157476749825985,947.5988938351895,975.3325284592648,8.373544084264877,966.958984375,957.7563705850155,975.3325284592648
178,957.174173710194,9.766744562920104,947.4074291472739,976.1688068471057,8.41825623207904,967.7505506150266,957.174173710194,976.1688068471057
179,956.5423370270018,9.364966265698696,947.1773707613032,978.6764833977882,9.977981486219042,968.6985019115691,956.5423370270018,978.6764833977882
180,957.7339539020619,10.177791169349183,947.5561627327128,974.5774267480729,7.679415195546252,966.8980115525266,957.7339539020619,974.5774267480729
181,957.6014823507755,10.168453500625935,947.4330288501496,975.2092941771162,7.772012345334317,967.4372818317819,957.6014823507755,975.2092941771162
182,957.9445613495847,9.67481972308869,948.269741626496,982.5738113078665,14.483801334462267,968.0900099734042,957.9445613495847,982.5738113078665
183,957.0819724519203,9.60154136191023,947.48043109001,977.0247009764327,9.994739207815616,967.029961768617,957.0819724519203,977.0247009764327
184,956.7492625256803,9.990094266039259,946.759168259641,977.4261340283333,8.339978360115214,969.0861556682181,956.7492625256803,977.4261340283333
185,957.3521232706436,9.752833356248571,947.599289914395,975.652082564983,8.30075901112658,967.3513235538563,957.3521232706436,975.652082564983
186,957.019513322952,9.272370287712585,947.7471430352393,977.999198629501,8.651760547719103,969.3474380817819,957.019513322952,977.999198629501
187,956.6678154925082,9.651317819635919,947.0164976728723,974.7070630661984,8.89829270383145,965.808770362367,956.6678154925082,974.7070630661984
188,957.0411589602206,10.023217221523852,947.0179417386968,974.9358957168904,8.109568007448887,966.8263277094414,957.0411589602206,974.9358957168904
189,956.0823932404214,9.388623501392122,946.6937697390292,976.3642887764788,9.163303902808655,967.2009848736702,956.0823932404214,976.3642887764788
190,955.3383687252694,8.593833319684292,946.7445354055851,978.4776742001798,11.141788644993559,967.3358855551862,955.3383687252694,978.4776742001798
191,956.0909332163791,9.048295614567209,947.0426376018119,971.7024644080628,6.964671439312874,964.73779296875,956.0909332163791,971.7024644080628
192,955.5493897377177,8.810642283013527,946.7387474547041,976.3155816260804,10.956975409325134,965.3586062167553,955.5493897377177,976.3155816260804
193,956.350727999464,9.589359876957346,946.7613681225066,975.6229552411019,9.542690114772066,966.0802651263298,956.350727999464,975.6229552411019
194,955.5169260349679,9.116402950692684,946.4005230842753,976.336652877483,10.36510824649892,965.971544630984,955.5169260349679,976.336652877483
195,955.4748138265406,8.823327165968875,946.6514866605718,974.8092396512944,7.952607337464678,966.8566323138298,955.4748138265406,974.8092396512944
196,955.1460064421309,8.825919902071039,946.3200865400598,974.4217436770175,8.710639953613281,965.7111037234042,955.1460064421309,974.4217436770175
197,954.9338284502638,9.033407956995863,945.9004204932679,974.4231657474598,8.30892871288543,966.1142370345744,954.9338284502638,974.4231657474598
198,955.687227086818,9.601219461319294,946.0860076254987,978.4677360210013,13.75247671249065,964.7152593085107,955.687227086818,978.4677360210013
199,954.991996049881,8.643722955216752,946.3482730946643,976.5407504629582,10.113909538756026,966.4268409242021,954.991996049881,976.5407504629582
200,954.8603245654004,8.634569807255522,946.225754758145,975.5681970474568,9.173011292802526,966.3951857546542,954.8603245654004,975.5681970474568
201,954.1673621877711,8.407362811108852,945.7599993766622,975.136291260415,7.6181105755745095,967.5181806848404,954.1673621877711,975.136291260415
202,955.5226526615468,9.391651736929061,946.1310009246176,977.1723521618133,8.61804905343563,968.5543031083777,955.5226526615468,977.1723521618133
203,954.5339763418157,8.806284042114907,945.7276922997008,975.3102211647845,7.938628744571767,967.3715924202128,954.5339763418157,975.3102211647845
204,954.4241029911852,8.994041488525715,945.4300615026596,972.3089504241943,7.424444523263485,964.8845059009309,954.4241029911852,972.3089504241943
205,953.9315837849962,8.584692422379838,945.3468913626164,974.2408469179843,7.119150608143908,967.1216963098404,953.9315837849962,974.2408469179843
206,953.4996032156843,8.23101606267564,945.2685871530086,972.0580934565118,7.857274806245845,964.200818650266,953.4996032156843,972.0580934565118
207,955.3568807003346,9.620133120962914,945.7367475793717,973.6342295382885,7.259894431905543,966.374335106383,955.3568807003346,973.6342295382885
208,954.5082945519305,8.949564446794225,945.5587301051363,973.493175100773,9.352144931225066,964.1410301695479,954.5082945519305,973.493175100773
209,953.0302433866135,8.19576813312287,944.8344752534907,971.5147616203795,6.619149918251849,964.8956117021277,953.0302433866135,971.5147616203795
210,953.3319150539155,8.06323180300124,945.2686832509143,972.853763661486,7.9900876309009305,964.8636760305851,953.3319150539155,972.853763661486
211,953.8503903581741,8.819263727106947,945.0311266310672,972.1747839095744,8.453987283909575,963.7207966256649,953.8503903581741,972.1747839095744
212,953.1536173313222,8.588468145816885,944.5651491855053,971.5750032790164,7.869260260399352,963.705743018617,953.1536173313222,971.5750032790164
213,953.8815077365713,8.938211993968233,944.943295742603,973.8929165779276,8.412104992156333,965.4808115857712,953.8815077365713,973.8929165779276
214,952.3735821297828,7.715956890836675,944.6576252389461,970.1921607484209,5.952528933261303,964.2396318151596,952.3735821297828,970.1921607484209
215,953.1703107610662,8.316983436016326,944.8533273250499,969.3398297898312,7.016753825735538,962.3230759640958,953.1703107610662,969.3398297898312
216,952.554999802975,8.007309269397817,944.5476905335771,968.8184563657071,5.717257479403881,963.1011988863032,952.554999802975,968.8184563657071
217,953.1537553782159,8.642665160463212,944.5110902177527,973.0526703367842,9.749374957794839,963.3032953789893,953.1537553782159,973.0526703367842
218,953.0383012599134,8.52805124952438,944.510250010389,970.6467262024576,6.143557568813892,964.5031686336437,953.0383012599134,970.6467262024576
219,953.3347278605116,8.48338742459074,944.8513404359209,971.2042971671896,6.940760348705536,964.263536818484,953.3347278605116,971.2042971671896
220,953.0166770042257,8.298658127480365,944.7180188767453,971.499479050332,7.562799778390438,963.9366792719414,953.0166770042257,971.499479050332
221,953.5898232662931,8.885743780339018,944.7040794859541,976.5926284790039,9.363053179801778,967.2295752992021,953.5898232662931,976.5926284790039
222,952.8294927718791,8.575051490296708,944.2544412815824,968.8560261827835,6.256447974671709,962.5995782081117,952.8294927718791,968.8560261827835
223,952.4442279338837,8.806067715299891,943.6381602185837,969.3455601144344,7.017777950205701,962.3277821642288,952.4442279338837,969.3455601144344
224,952.5351041225676,8.375536147584306,944.1595679749834,971.4265444329444,6.51785302669444,964.90869140625,952.5351041225676,971.4265444329444
225,951.7578294835192,7.616507124393545,944.1413223591256,969.9970867887456,7.135602829304148,962.8614839594414,951.7578294835192,969.9970867887456
226,951.240115693275,7.8344864338002305,943.4056292594747,971.4633271643456,7.851261422989216,963.6120657413563,951.240115693275,971.4633271643456
227,951.2075607218641,7.6295733756207404,943.5779873462434,972.7305167989527,6.22425225440492,966.5062645445479,951.2075607218641,972.7305167989527
228,951.6502086456786,8.140649501313554,943.509559144365,968.4958468498068,6.585441264700382,961.9104055851063,951.6502086456786,968.4958468498068
229,951.5851467315186,7.613985193536637,943.9711615379821,971.6946183062614,8.135318106793342,963.5593001994681,951.5851467315186,971.6946183062614
230,950.864125561207,7.552002161107165,943.3121234000997,969.9564512131062,6.676998503664707,963.2794527094414,950.864125561207,969.9564512131062
231,952.7577590181472,9.164273936697777,943.5934850814494,971.7210720955057,7.928861739787649,963.7922103557181,952.7577590181472,971.7210720955057
232,950.1987000576993,7.482755077646134,942.7159449800532,975.5224847996489,11.176470005765875,964.346014793883,950.1987000576993,975.5224847996489
233,950.0085062980652,7.377553422400292,942.6309528756649,969.7954839341184,6.369629961379031,963.4258539727393,950.0085062980652,969.7954839341184
234,950.5294034886867,7.283038327034483,943.2463651616523,970.470336021261,7.427949053175906,963.0423869680851,950.5294034886867,970.470336021261
235,951.1529044496252,7.831751742261521,943.3211527073637,968.2734092144256,5.537133034239424,962.7362761801862,951.1529044496252,968.2734092144256
236,949.7720018194077,7.700438748014734,942.0715630713929,970.2040133374802,7.79835550835792,962.4056578291223,949.7720018194077,970.2040133374802
237,951.1791706972933,8.151156859194979,943.0280138380984,971.6935001941438,7.456527953452253,964.2369722406914,951.1791706972933,971.6935001941438
238,950.9549358449084,7.565447137710896,943.3894887071975,969.3259632029432,6.1843408625176615,963.1416223404256,950.9549358449084,969.3259632029432
239,950.4696536723603,7.772723091409562,942.6969305809508,969.4749361403445,7.6672150632168385,961.8077210771277,950.4696536723603,969.4749361403445
240,949.6506904084632,7.166908877961179,942.483781530502,970.0626577012082,8.223665846155045,961.8389918550532,949.6506904084632,970.0626577012082
241,950.4019698690861,8.032538353128636,942.3694315159574,968.9944863015032,6.456670477035198,962.5378158244681,950.4019698690861,968.9944863015032
242,949.2392724092971,6.628442954509817,942.6108294547872,970.0689962671158,6.993780176690284,963.0752160904256,949.2392724092971,970.0689962671158
243,950.5234294850776,7.874781608581543,942.648647876496,969.8186509152677,6.348477627368683,963.4701732878989,950.5234294850776,969.8186509152677
244,949.066146906386,7.446690716642014,941.619456189744,969.5866545007584,7.465820474827543,962.1208340259309,949.066146906386,969.5866545007584
245,949.6912298405424,7.497719825582301,942.1935100149601,970.1396777376216,7.756304233632189,962.3833735039893,949.6912298405424,970.1396777376216
246,949.1702665166652,7.54940911556812,941.620857401097,971.6000061846794,6.879510838934716,964.7204953457447,949.1702665166652,971.6000061846794
247,949.3084110960048,7.98956343975473,941.31884765625,969.2787515762004,5.584903919950444,963.69384765625,949.3084110960048,969.2787515762004
248,949.3380031382784,7.081703530981185,942.2562996072973,967.0196651296412,6.018179507965737,961.0014856216756,949.3380031382784,967.0196651296412
249,949.1033779154433,7.212663310639401,941.8907146048039,967.8055532739518,5.812139876345371,961.9934133976063,949.1033779154433,967.8055532739518
250,948.2432261274216,6.990365266799927,941.2528608606217,966.5885564114185,5.800626308359998,960.7879301030586,948.2432261274216,966.5885564114185
251,949.870237847592,8.200744517306065,941.669493330286,968.5477155726006,6.935296606510244,961.6124189660904,949.870237847592,968.5477155726006
252,948.1863599787367,7.178621500096423,941.0077384786402,966.3231222680274,5.9278949575221285,960.3952273105053,948.1863599787367,966.3231222680274
253,947.6738303570037,6.96098518371582,940.7128451732879,965.323176789791,6.041906011865494,959.2812707779256,947.6738303570037,965.323176789791
254,948.2200711280742,7.115689323303547,941.1043818047706,967.4349227661783,5.864537543438851,961.5703852227393,948.2200711280742,967.4349227661783
255,948.9201599486331,7.4360667492480985,941.484093199385,969.4053819534627,5.924206753994556,963.4811751994681,948.9201599486331,969.4053819534627
256,949.9377609567439,7.789740313874915,942.148020642869,967.938592383202,7.3201685966329375,960.6184237865691,949.9377609567439,967.938592383202
257,948.8538493805743,7.843713648775791,941.0101357317985,966.4823725274268,4.872072909740692,961.6102996176862,948.8538493805743,966.4823725274268
258,948.2990456946353,7.52552248569245,940.7735232089428,967.399185221246,6.616169097575735,960.7830161236702,948.2990456946353,967.399185221246
259,948.515914095209,6.984491378703016,941.531422716506,966.3842205696917,5.597589086978994,960.7866314827128,948.515914095209,966.3842205696917
260,947.3019928171279,6.600226174009607,940.7017666431184,969.5405231232339,8.552449652489196,960.9880734707447,947.3019928171279,969.5405231232339
261,947.2704900832887,7.40002486553598,939.8704652177527,971.6993540500073,8.797020688970038,962.9023333610372,947.2704900832887,971.6993540500073
262,946.8925192761928,7.034912997103752,939.857606279089,966.4703817164644,7.118580270320811,959.3518014461437,946.8925192761928,966.4703817164644
263,947.421623143744,6.713955569774546,940.7076675739694,967.5082323601905,6.815911881467129,960.6923204787234,947.421623143744,967.5082323601905
264,947.6348816790479,7.529842772382371,940.1050389066655,966.0280169629036,6.590589685642973,959.4374272772607,947.6348816790479,966.0280169629036
265,947.2613526912446,6.341321732135529,940.920030959109,968.8285441297165,6.656554851126163,962.1719892785904,947.2613526912446,968.8285441297165
266,947.0117069153075,6.285023643615398,940.7266832716922,965.9614917673963,5.709050361146319,960.25244140625,947.0117069153075,965.9614917673963
267,946.327220074674,6.811304183716469,939.5159158909574,969.1039647041483,6.926147217446185,962.1778174867021,946.327220074674,969.1039647041483
268,947.0556463713342,6.526623505227109,940.5290228661071,967.2680401903518,5.956153139154962,961.3118870511968,947.0556463713342,967.2680401903518
269,945.8309819165696,6.158816025612202,939.6721658909574,967.5947027003511,6.887370170430934,960.7073325299202,945.8309819165696,967.5947027003511
270,946.0902479252917,6.24875622607292,939.8414916992188,964.7942481751138,4.56909857404993,960.2251496010638,946.0902479252917,964.7942481751138
271,947.390467582865,6.938700939746613,940.4517666431184,969.3171447591578,8.113313309689785,961.2038314494681,947.390467582865,969.3171447591578
272,947.5411315471569,7.369476013995231,940.1716555331616,963.4528027798267,6.201524937406499,957.2512778424202,947.5411315471569,963.4528027798267
273,945.6141324550548,5.90949066649092,939.7046417885638,964.5989407478495,6.143592509817569,958.4553482380319,945.6141324550548,964.5989407478495
274,946.9200621462883,6.890130245939214,940.0299319003491,966.3158368455603,6.42893109423049,959.8869057513298,946.9200621462883,966.3158368455603
275,945.8013205578986,6.0829445605582375,939.7183759973404,965.5305034556287,5.475005616532996,960.0554978390958,945.8013205578986,965.5305034556287
276,946.6618329971394,6.720752700846246,939.9410802962932,965.7775193884017,5.4676477959815495,960.3098715924202,946.6618329971394,965.7775193884017
277,945.603981160103,6.128092644062448,939.4758885160405,965.6475342689677,4.89868744383467,960.748846825133,945.603981160103,965.6475342689677
278,945.6835028567212,6.51472506624587,939.1687777904754,968.3720512390137,8.368685215077502,960.0033660239362,945.6835028567212,968.3720512390137
279,945.6927349947869,6.708789838121293,938.9839451566655,964.6164246417106,5.270576071231924,959.3458485704788,945.6927349947869,964.6164246417106
280,945.1053610811842,5.835758407065209,939.269602674119,964.6583753139415,6.719088412345724,957.9392869015958,945.1053610811842,964.6583753139415
281,945.0794896775103,5.649859316805576,939.4296303607048,964.9787798130766,5.458822615603183,959.5199571974734,945.0794896775103,964.9787798130766
282,945.0118758881346,6.245249651848002,938.7666262362866,965.3725893954013,5.778683560959836,959.5939058344414,945.0118758881346,965.3725893954013
283,945.6113546198987,7.020231728858136,938.5911228910405,963.7700223314001,5.22916254084161,958.5408597905586,945.6113546198987,963.7700223314001
284,944.9109970610192,6.538115110803158,938.3728819502161,964.4884739327938,5.517022802474651,958.9714511303191,944.9109970610192,964.4884739327938
285,945.9079783317891,6.467722659415387,939.4402556723737,965.7977651230832,6.384928520689619,959.4128366023937,945.9079783317891,965.7977651230832
286,945.4565844485101,6.4561104520838315,939.0004739964262,963.414511700894,6.037537797968438,957.3769739029256,945.4565844485101,963.414511700894
287,944.4541418171943,6.757976123627196,937.6961656935672,965.5675438414229,8.116153798204786,957.4513900432181,944.4541418171943,965.5675438414229
288,943.8860584573542,6.048040567560399,937.8380178897938,966.2029515124382,6.645396658714781,959.5575548537234,943.8860584573542,966.2029515124382
289,944.4886440824955,6.3731227123990974,938.1155213700964,964.8100508426098,4.9174519396842795,959.8925989029256,944.4886440824955,964.8100508426098
290,944.1468989544726,6.450544960955356,937.6963539935173,962.7117462564022,4.834502240444752,957.8772440159574,944.1468989544726,962.7117462564022
291,944.839131999523,6.1870739459991455,938.6520580535239,965.0929408783609,7.015252214797,958.0776886635638,944.839131999523,965.0929408783609
292,943.9201221060246,6.412943332753283,937.5071787732712,962.3757054755029,4.619970768056017,957.7557347074468,943.9201221060246,962.3757054755029
293,944.4165305609399,5.916355247193194,938.5001753137467,959.1096875413936,4.804303980888204,954.3053835605053,944.4165305609399,959.1096875413936
294,942.9696283873092,5.785386625756609,937.1842417615525,961.9701461386173,4.577152455106694,957.3929936835107,942.9696283873092,961.9701461386173
295,944.0837575400129,6.535117714963061,937.5486398250499,966.0779535821143,7.673459316821808,958.4044942652926,944.0837575400129,966.0779535821143
296,943.9179070224153,6.207435727119446,937.7104712952959,962.1825224693786,5.799616468713639,956.3829060006649,943.9179070224153,962.1825224693786
297,943.9397811509193,6.460434408898049,937.4793467420212,964.5361171478921,5.009396735658037,959.526720412234,943.9397811509193,964.5361171478921
298,943.2833983847436,6.210749666741553,937.072648718002,963.3298056176368,5.470596841041078,957.8592087765958,943.2833983847436,963.3298056176368
299,943.6821932919482,5.896359162127718,937.7858341298205,962.5143229910668,5.45930304425828,957.0550199468086,943.6821932919482,962.5143229910668
300,943.0819903028772,6.000712252677755,937.0812780501994,963.2199744772404,5.363072050378678,957.8569024268617,943.0819903028772,963.2199744772404
301,943.0940680782845,5.802949862277254,937.2911182160074,964.8840862030679,6.932259823413605,957.9518263796542,943.0940680782845,964.8840862030679
302,942.7266999254836,6.159175563365855,936.5675243621176,960.7399677520102,4.3949087427017535,956.3450590093086,942.7266999254836,960.7399677520102
303,944.2194348548321,7.011289388575452,937.2081454662566,962.9348028467057,4.572581270907787,958.3622215757979,944.2194348548321,962.9348028467057
304,943.153582593228,6.037446975708008,937.11613561752,960.9861349552235,4.302904818920379,956.6832301363032,943.153582593228,960.9861349552235
305,943.3328237533569,6.011780130102279,937.3210436232547,961.1315739002633,5.50878674933251,955.6227871509309,943.3328237533569,961.1315739002633
306,942.9723326982336,5.791308917897813,937.1810237803357,960.9232978414982,4.947867738439681,955.9754301030586,942.9723326982336,960.9232978414982
307,943.0535472809,5.849497663213851,937.2040496176862,961.5002802585034,6.124407585631025,955.3758726728723,943.0535472809,961.5002802585034
308,942.8982836312437,5.833335731891876,937.0649478993518,962.0945692671106,6.391111820302111,955.7034574468086,942.8982836312437,962.0945692671106
309,943.3514505523316,6.692161780722598,936.659288771609,964.5064965106071,7.2066087114050035,957.2998877992021,943.3514505523316,964.5064965106071
310,943.0092165825215,6.342973698960974,936.6662428835605,961.5150476415107,4.648369200686191,956.8666784408244,943.0092165825215,961.5150476415107
311,942.6426975016898,5.7521867802802555,936.8905107214096,960.6190728126688,5.21161769298797,955.4074551196809,942.6426975016898,960.6190728126688
312,942.7266937316732,5.784591421167901,936.9421023105053,957.9725534763742,3.7818121199912214,954.190741356383,942.7266937316732,957.9725534763742
313,942.5961712446618,6.108701632377949,936.4874696122839,960.0103307683418,4.872074451852352,955.1382563164893,942.5961712446618,960.0103307683418
314,942.0310362501348,5.765387874968509,936.2656483751663,960.5528453664576,5.18543969823959,955.3674056682181,942.0310362501348,960.5528453664576
315,941.7084053272897,6.003702503569583,935.70470282372,960.110502973516,5.726672355164873,954.3838306183511,941.7084053272897,960.110502973516
316,941.9302579189869,6.011063271380485,935.9191946476063,963.2109409900422,5.617544214776221,957.593396775266,941.9302579189869,963.2109409900422
317,941.745352537074,5.398884524690344,936.3464680123836,964.3663442895768,7.01957110141186,957.3467731881649,941.745352537074,964.3663442895768
318,941.9274363314852,5.772848565527734,936.1545877659574,960.8887885073398,6.15693802529193,954.7318504820479,941.9274363314852,960.8887885073398
319,941.7884190615188,5.831138476412347,935.9572805851063,957.8418656207145,4.031318745714553,953.810546875,941.7884190615188,957.8418656207145
320,941.7754630459116,6.12608144892023,935.6493815969914,960.9115274713395,6.477486995940513,954.4340404753989,941.7754630459116,960.9115274713395
321,941.7580430431569,6.069296367624973,935.6887466755319,959.0949246832665,3.1754703115909657,955.9194543716756,941.7580430431569,959.0949246832665
322,941.4077657308984,5.419390980233538,935.9883747506649,959.7723172776242,4.829757852757231,954.942559424867,941.4077657308984,959.7723172776242
323,941.0757812692764,5.919902674695279,935.1558785945812,961.5741063381763,5.744921663974194,955.8291846742021,941.0757812692764,961.5741063381763
324,940.5730832434715,5.498748916260739,935.0743343272107,962.5294048228162,7.4892203148375165,955.0401845079788,940.5730832434715,962.5294048228162
325,940.4965087809461,5.362089887578437,935.1344188933676,959.2323444853438,4.585475718721431,954.6468687666223,940.4965087809461,959.2323444853438
326,941.0997202675393,5.416749855305286,935.682970412234,959.8198780303305,5.255279459851853,954.5645985704788,941.0997202675393,959.8198780303305
327,941.2408342665815,5.619714544174519,935.6211197224069,956.0084927741517,4.0881033958272734,951.9203893783244,941.2408342665815,956.0084927741517
328,940.8050793054256,5.431051972064566,935.374027333361,961.0046451649768,5.947962984125665,955.0566821808511,940.8050793054256,961.0046451649768
329,940.0121874555629,5.750607657939829,934.261579797623,960.0406263229695,4.499922366852456,955.540703956117,940.0121874555629,960.0406263229695
330,939.4924790732404,5.184990449154631,934.3074886240857,962.0311446494245,5.643158445967004,956.3879862034574,939.4924790732404,962.0311446494245
331,940.6262604226457,4.9195122718811035,935.7067481507646,960.7211662454808,4.973399872475482,955.7477663730053,940.6262604226457,960.7211662454808
332,940.0773362555402,5.154997648076808,934.9223386074634,959.9112190084254,4.610458536350981,955.3007604720744,940.0773362555402,959.9112190084254
333,939.4888892883951,5.631501177523998,933.857388110871,958.6340513026461,5.520967442938622,953.1130838597074,939.4888892883951,958.6340513026461
334,939.8253547790202,5.314059379252981,934.5112953997673,958.5608556625691,5.029138159244619,953.5317175033244,939.8253547790202,958.5608556625691
335,940.1680656950524,5.228385311491946,934.9396803835605,960.5183691876999,5.109428446343604,955.4089407413563,940.1680656950524,960.5183691876999
336,939.211346235681,5.580879044025503,933.6304671916556,958.4547124416271,4.015082704259994,954.439629737367,939.211346235681,958.4547124416271
337,940.9286401982004,6.343001380879828,934.5856388173205,959.9023695194975,5.45699468572089,954.4453748337766,940.9286401982004,959.9023695194975
338,939.3592675239482,5.208849627920922,934.1504178960273,956.7613213315923,4.292934945289125,952.4683863863032,939.3592675239482,956.7613213315923
339,940.3544515954687,5.324018427666197,935.0304331678025,959.0997132646277,5.029826712101064,954.0698865525266,940.3544515954687,959.0997132646277
340,938.9660658608092,5.627602544236691,933.3384633165725,961.1164434311238,5.54711788258654,955.5693255485372,938.9660658608092,961.1164434311238
341,939.54742388776,5.12764875685915,934.4197751309009,959.6782649019931,5.684778781647378,953.9934861203458,939.54742388776,959.6782649019931
342,939.6344034976148,5.778495813937897,933.8559076836768,958.4655027186617,4.035981442065949,954.4295212765958,939.6344034976148,958.4655027186617
343,938.0227665038819,4.983053395088683,933.0397131087932,958.0009860992432,4.520423848578271,953.4805622506649,938.0227665038819,958.0009860992432
344,938.3143541508532,5.013743020118551,933.3006111307348,957.9799357880937,4.723307629849049,953.2566281582447,938.3143541508532,957.9799357880937
345,938.3770836135175,5.4052987377694315,932.971784875748,958.621940612793,4.972256437261054,953.6496841755319,938.3770836135175,958.621940612793
346,939.3510058966089,5.43118791123654,933.9198179853723,956.5671682154879,5.264600063892121,951.3025681515958,939.3510058966089,956.5671682154879
347,937.7797724503151,5.071130911086468,932.7086415392288,958.118463962636,5.721938031785031,952.3965259308511,937.7797724503151,958.118463962636
348,938.0572649240494,5.150381197320654,932.9068837267288,957.2415426538346,4.496456633222864,952.7450860206117,938.0572649240494,957.2415426538346
349,938.3493851930538,5.424948015111558,932.9244371779422,957.467724414582,4.731198899289395,952.7365255152926,938.3493851930538,957.467724414582
350,937.7314930444068,5.4581230726647885,932.273369971742,957.948482432264,4.621427495428857,953.3270549368351,937.7314930444068,957.948482432264
351,938.0980425616528,4.978074715492573,933.1199678461602,957.1488931534138,4.922309875488281,952.2265832779256,938.0980425616528,957.1488931534138
352,937.9129511168662,4.620794004582344,933.2921571122839,955.6736510256503,4.2866725515812005,951.3869784740691,937.9129511168662,955.6736510256503
353,937.9443749874196,5.311205366824535,932.633169620595,958.1419297482105,5.542954099939225,952.5989756482712,937.9443749874196,958.1419297482105
354,938.7657688932215,5.566750130754836,933.1990187624667,958.7322475758004,5.194026581784512,953.538220994016,938.7657688932215,958.7322475758004
355,937.7204045463116,4.9830180457297795,932.7373865005818,956.1552744520471,3.2647637306375707,952.8905107214096,937.7204045463116,956.1552744520471
356,937.3453805218352,4.752649938806575,932.5927305830286,958.3906689501823,4.0755301536397734,954.3151387965426,937.3453805218352,958.3906689501823
357,937.174756871893,5.174069901730152,932.0006869701629,955.747690444297,4.174219699616128,951.5734707446809,937.174756871893,955.747690444297
358,936.7929996784698,4.684109063858681,932.108890614611,956.9435614727913,3.3495413597593915,953.5940201130319,936.7929996784698,956.9435614727913
359,937.0866413852002,4.854083155063873,932.2325582301363,957.7168065334888,5.05267131074946,952.6641352227393,937.0866413852002,957.7168065334888
360,937.6112752645573,5.172525991784766,932.4387492727726,959.2589124314328,4.917416836353058,954.3414955950798,937.6112752645573,959.2589124314328
361,937.2859419914003,5.018018433388243,932.267923558012,955.7967083707769,3.959430694580078,951.8372776761968,937.2859419914003,955.7967083707769
362,937.1705383823273,4.4659342537535,932.7046041285738,956.750369213997,6.223015075034284,950.5273541389628,937.1705383823273,956.750369213997
363,936.7017455481468,4.980800879762528,931.7209446683843,956.2981786119177,3.959955540109188,952.3382230718086,936.7017455481468,956.2981786119177
364,936.8795156529609,4.994299406700946,931.88521624626,954.8949034670566,4.2991380082800035,950.5957654587766,936.8795156529609,954.8949034670566
365,936.8079778767647,4.819139518636338,931.9888383581283,955.8251732460996,4.298930726152785,951.5262425199468,936.8079778767647,955.8251732460996
366,937.1780016168635,5.2091126644865,931.968888952377,955.1430725746966,3.3893325481008976,951.7537400265958,937.1780016168635,955.1430725746966
367,935.8886477947235,4.675520820820585,931.213126973903,952.406748589049,3.361369599687292,949.0453789893617,935.8886477947235,952.406748589049
368,937.2653037385737,5.167917601605679,932.0973861369681,954.9561903933261,4.59306497776762,950.3631254155586,937.2653037385737,954.9561903933261
369,935.4311350457211,4.761623534750431,930.6695115109708,955.6691437985035,4.961489210737512,950.707654587766,935.4311350457211,955.6691437985035
370,936.4162717322085,4.778920554100199,931.6373511781084,955.5504429593999,4.0881029494265295,951.4623400099734,936.4162717322085,955.5504429593999
371,936.0090446954077,5.023233421305393,930.9858112741024,956.1416369904863,4.394784846204392,951.7468521442819,936.0090446954077,956.1416369904863
372,936.8541682578148,4.566366718170491,932.2878015396443,957.8201761854456,3.94379445339771,953.8763817320479,936.8541682578148,957.8201761854456
373,936.1800734971432,4.672711618403171,931.50736187874,955.679255018843,4.692137332672768,950.9871176861702,936.1800734971432,955.679255018843
374,936.6959218243335,5.0036117345728774,931.6923100897607,957.2497147905066,5.394381097022523,951.855333693484,936.6959218243335,957.2497147905066
375,935.7850014377148,4.782040583326461,931.0029608543883,954.3242121757345,3.8869822887664145,950.4372298869681,935.7850014377148,954.3242121757345
376,935.7545631286946,4.939391866643378,930.8151712620512,955.4991167352555,3.831283041771422,951.667833693484,935.7545631286946,955.4991167352555
377,935.9137729837539,5.13507866859436,930.7786943151596,956.318779072863,3.542276828847033,952.776502244016,935.9137729837539,956.318779072863
378,935.3824410362447,4.634120152351704,930.7483208838929,952.7187661515906,4.900604166883103,947.8181619847074,935.3824410362447,952.7187661515906
379,935.9677645906489,4.800551637690118,931.1672129529587,954.335780427811,3.890551039513121,950.4452293882979,935.9677645906489,954.335780427811
380,936.1794035130358,5.483949463418189,930.6954540496176,953.3354073788257,4.16254542736297,949.1728619514628,936.1794035130358,953.3354073788257
381,935.2932402656434,4.905851427544939,930.3873888380984,951.9672838170478,4.311137706675428,947.6561461103723,935.2932402656434,951.9672838170478
382,935.8443905926765,4.9116149734943475,930.9327756191822,954.9555008665044,3.9216744037384683,951.033826462766,935.8443905926765,954.9555008665044
383,934.6808251269321,4.491162924056358,930.1896622028756,955.4485568594425,3.8965393228733793,951.5520175365691,934.6808251269321,955.4485568594425
384,934.8527862721301,4.806219045152056,930.046567226978,955.6033791886999,4.496092370215883,951.107286818484,934.8527862721301,955.6033791886999
385,935.17023939782,4.920474448102586,930.2497649497175,951.790615852843,3.3601699585610247,948.4304458942819,935.17023939782,951.790615852843
386,933.9937522208437,4.508418839028541,929.4853333818152,953.565821667935,3.9643838354881775,949.6014378324468,933.9937522208437,953.565821667935
387,934.1488908351736,4.504598531317203,929.6442923038563,953.3004459624594,4.638544366714802,948.6619015957447,934.1488908351736,953.3004459624594
388,934.5036105348709,4.411514977191357,930.0920955576795,953.6976960770627,4.235345678126558,949.4623503989362,934.5036105348709,953.6976960770627
389,934.9414263938336,4.434708630785029,930.5067177630485,953.971408154102,4.637299111548891,949.3341090425532,934.9414263938336,953.971408154102
390,934.9126186928851,4.154880214244761,930.7577384786402,953.9956217015043,4.592509168259641,949.4031125332447,934.9126186928851,953.9956217015043
391,934.0734811995892,4.9698772684056705,929.1036039311836,953.5942065665063,4.373212550548797,949.2209940159574,934.0734811995892,953.5942065665063
392,935.0469616182307,4.900030517831762,930.1469311003989,953.1007940819923,4.633446591965695,948.4673474900266,935.0469616182307,953.1007940819923
393,933.6781703411265,4.540289325917021,929.1378810152095,954.9303310069632,4.122994321457883,950.8073366855053,933.6781703411265,954.9303310069632
394,933.7183492437322,4.438604344712927,929.2797448990193,954.7888469290226,3.5785951005651597,951.2102518284574,933.7183492437322,954.7888469290226
395,934.0070759134089,4.982582635067879,929.0244932783411,955.1064049741055,4.012810808547,951.0935941655586,934.0070759134089,955.1064049741055
396,934.1697666721141,4.359684703197885,929.8100819689163,951.7742734462657,3.902286245467815,947.8719872007979,934.1697666721141,951.7742734462657
397,933.5290296027001,4.742368251719373,928.7866613509807,951.375168090171,4.015055473814619,947.3601126163563,933.5290296027001,951.375168090171
398,933.2966528306616,4.539662357340467,928.7569904733211,953.1540588622397,4.831325733915288,948.3227331283244,933.2966528306616,953.1540588622397
399,933.0526816591304,4.226891578511989,928.8257900806184,952.544012475521,4.3229145699359,948.2210979055851,933.0526816591304,952.544012475521
400,933.2699146270752,4.4661413557986,928.8037732712766,950.872132889768,2.947619093225357,947.9245137965426,933.2699146270752,950.872132889768
401,933.8270249214578,4.392666284074175,929.4343586373836,952.7256703072405,3.147721919607609,949.577948387633,933.8270249214578,952.7256703072405
402,933.192734223731,4.347436268278893,928.8452979554521,951.2750193210359,4.247291179413491,947.0277281416223,933.192734223731,951.2750193210359
403,933.0751659033147,4.5138930995413595,928.5612728037732,952.9861762270015,4.340325578730157,948.6458506482712,933.0751659033147,952.9861762270015
404,933.0895494133869,4.608288504975907,928.481260908411,952.3570873585153,4.504756075270633,947.8523312832447,933.0895494133869,952.3570873585153
405,932.7920197603551,4.391935609756632,928.4000841505984,953.7976460964122,5.296721478726002,948.5009246176862,932.7920197603551,953.7976460964122
406,932.7854683982565,4.76953043075318,928.0159379675033,950.7134541856482,4.597783474211997,946.1156707114362,932.7854683982565,950.7134541856482
407,933.832704252385,4.198412623811276,929.6342916285738,951.781483102352,4.2884956522190825,947.492987450133,933.832704252385,951.781483102352
408,932.5646518747857,4.098195238316313,928.4664566364694,951.2534587129634,3.6085326823782413,947.6449260305851,932.5646518747857,951.2534587129634
409,932.7850807981288,4.876675088354882,927.9084057097739,951.5371309442723,3.5600489961340074,947.9770819481383,932.7850807981288,951.5371309442723
410,933.6602282473382,5.120364498584829,928.5398637487533,951.0831254796778,3.2842142429757626,947.7989112367021,933.6602282473382,951.0831254796778
411,931.6862661914622,4.039187048343902,927.6470791431184,952.2358428468095,3.8071838541233793,948.4286589926862,931.6862661914622,952.2358428468095
412,931.7874001911346,4.471240679000286,927.3161595121343,950.4732085288839,3.348353974362637,947.1248545545212,931.7874001911346,950.4732085288839
413,932.2421529597425,4.779533746394705,927.4626192133477,951.0953492103739,3.8038660820494306,947.2914831283244,932.2421529597425,951.0953492103739
414,933.003972137228,4.679941687178104,928.3240304500499,950.0413330362198,2.9078764205283307,947.1334566156914,933.003972137228,950.0413330362198
415,931.6608994514385,4.4001092149856245,927.2607902364527,952.4563773946559,4.223934741730385,948.2324426529256,931.6608994514385,952.4563773946559
416,932.0291530959149,4.255546775270016,927.773606320645,951.1106089936926,3.61379840526175,947.4968105884309,932.0291530959149,951.1106089936926
417,931.5077982912672,4.376563614987313,927.13123467628,951.8378467153996,4.2630357945219,947.5748109208777,931.5077982912672,951.8378467153996
418,931.7151728817757,4.709091442696591,927.0060814390791,951.0036593498068,4.386814685578042,946.6168446642288,931.7151728817757,951.0036593498068
419,931.4664634669081,4.219608725385463,927.2468547415226,950.0351136796017,4.350584922952855,945.6845287566489,931.4664634669081,950.0351136796017
420,932.0869064293009,4.444147796072858,927.642758633228,950.4287087866601,3.637298381074946,946.7914104055851,932.0869064293009,950.4287087866601
421,932.5284115722839,4.8430283234474505,927.6853832488364,949.1703426685739,3.135664310861141,946.0346783577128,932.5284115722839,949.1703426685739
422,931.2936104434601,4.361945144673611,926.9316652987866,948.6749260882114,3.42005366467415,945.2548724235372,931.2936104434601,948.6749260882114
423,931.6170364783165,4.556083135148312,927.0609533431682,947.6412736202808,3.227533178126558,944.4137404421542,931.6170364783165,947.6412736202808
424,930.7645879387856,4.263459437705101,926.5011285010804,949.6553795794223,2.943652518252109,946.7117270611702,930.7645879387856,949.6553795794223
425,930.7378459534747,4.010695178458032,926.7271507750166,950.0982915188404,2.892257609265916,947.2060339095744,930.7378459534747,950.0982915188404
426,931.3865778522288,4.266374955786035,927.1202028964428,951.223430937909,3.5306014000101293,947.6928295378989,931.3865778522288,951.223430937909
427,930.5780747063617,3.872252471903537,926.7058222344581,949.4672896202575,2.4160304779702044,947.0512591422872,930.5780747063617,949.4672896202575
428,929.9185755227475,3.5278816958691213,926.3906938268783,951.2697386234364,4.624854148702418,946.644884474734,929.9185755227475,951.2697386234364
429,930.6671179989551,4.421058013084087,926.246059985871,949.9914563868908,3.497336539816349,946.4941198470744,930.6671179989551,949.9914563868908
430,930.6766967817824,4.38910042415274,926.2875963576297,949.5889719293473,3.9026770490281124,945.6862948803191,930.6766967817824,949.5889719293473
431,931.8934413651202,4.8821147984646736,927.0113265666556,949.2577760168847,5.388479557443173,943.8692964594414,931.8934413651202,949.2577760168847
432,930.9753625190004,4.280439605104163,926.6949229138962,949.7063177189929,3.181924434418374,946.5243932845744,930.9753625190004,949.7063177189929
433,931.0994865551908,4.39956784882444,926.6999187063664,949.7324207387072,3.3876733982816654,946.3447473404256,931.0994865551908,949.7324207387072
434,931.221937714739,4.179433870822825,927.0425038439163,947.0459836594601,3.097429803077211,943.948553856383,931.221937714739,947.0459836594601
435,930.2989486379827,4.298357765725318,926.0005908722574,952.7079300981887,4.718838509092939,947.9890915890958,930.2989486379827,952.7079300981887
436,930.1003313977668,4.162922301190965,925.9374090965758,950.3752112287156,4.992835065151783,945.3823761635638,930.1003313977668,950.3752112287156
437,929.0622877567372,4.087775778263174,924.9745119784741,950.7674432308116,4.400972569242437,946.3664706615691,929.0622877567372,950.7674432308116
438,929.9951464305533,4.254390010174284,925.740756420379,947.780710524701,2.773240860472334,945.0074696642288,929.9951464305533,947.780710524701
439,930.0095468074718,4.344518133934508,925.6650286735372,950.7044952473742,4.791907980086956,945.9125872672872,930.0095468074718,950.7044952473742
440,929.2641837076937,4.12530405343847,925.1388796542553,945.7495655100396,3.009788249401336,942.7397772606383,929.2641837076937,945.7495655100396
441,930.0734164220222,4.397113126643161,925.676303295379,949.213248476069,3.873061890297748,945.3401865857712,930.0734164220222,949.213248476069
442,929.3399385974762,3.687400054424367,925.6525385430518,948.0991169341067,3.05148353982479,945.0476333942819,929.3399385974762,948.0991169341067
443,929.8131119976653,3.8614284662490195,925.9516835314163,948.0507530861712,4.0761748780595495,943.9745782081117,929.8131119976653,948.0507530861712
444,929.243361862416,4.109597473702532,925.1337643887134,948.4118441723763,3.94241888979648,944.4694252825798,929.243361862416,948.4118441723763
445,929.3688100766628,3.6550052229394305,925.7138048537234,946.9808799459579,3.486552319628127,943.4943276263298,929.3688100766628,946.9808799459579
446,930.0115545252536,4.548979464997637,925.462575060256,948.1831036425651,3.435160657192798,944.7479429853723,930.0115545252536,948.1831036425651
447,929.2240937618499,4.094917398817996,925.1291763630319,948.3022862698169,2.5192909240722656,945.7829953457447,929.2240937618499,948.3022862698169
448,929.1130724206884,3.8639269128758857,925.2491455078125,946.8760960761537,2.866912233068588,944.0091838430851,929.1130724206884,946.8760960761537
449,928.5406009618272,4.189044954928946,924.3515560068982,948.3327011351889,3.3648341970240816,944.9678669381649,928.5406009618272,948.3327011351889
450,928.3142513696183,3.7715189685212804,924.542732401097,950.6301298750208,4.2147791436377995,946.415350731383,928.3142513696183,950.6301298750208
451,928.9406607905601,4.491966683179774,924.4486941073803,945.700995972816,2.6541209728159805,943.046875,928.9406607905601,945.700995972816
452,928.6868929000611,4.058329485832377,924.6285634142288,946.9812741381057,2.1551334299939744,944.8261407081117,928.6868929000611,946.9812741381057
453,927.7181165484672,3.7959065044179874,923.9222100440492,947.5763244831816,3.1577012285273125,944.4186232546542,927.7181165484672,947.5763244831816
454,928.3007914005442,3.684910312612006,924.6158810879322,945.494134213062,2.7912897150567235,942.7028444980053,928.3007914005442,945.494134213062
455,928.8594815794457,4.064897345735671,924.7945842337101,949.4659089839205,3.576894273149206,945.8890147107712,928.8594815794457,949.4659089839205
456,928.6842790943512,4.057842820248705,924.6264362741024,947.1305338271121,3.385749086420587,943.7447847406914,928.6842790943512,947.1305338271121
457,927.9113946366817,4.220535105847298,923.6908595308345,949.2021449474578,4.514385223388672,944.6877597240691,927.9113946366817,949.2021449474578
458,928.5592706025915,4.269493861401335,924.2897767411902,947.3683619600662,3.263049044507615,944.1053129155586,928.5592706025915,947.3683619600662
459,926.7180961116832,3.9335865746153162,922.7845095370678,945.9530090575522,4.137662481754385,941.8153465757979,926.7180961116832,945.9530090575522
460,927.5353892851383,3.6807464576782065,923.8546428274601,946.7011344990832,3.3057929099874293,943.3953415890958,927.5353892851383,946.7011344990832
461,928.1064123295723,4.028200322009147,924.0782120075631,947.0005023834553,3.7001055250776576,943.3003968583777,928.1064123295723,947.0005023834553
462,927.6703341590597,3.8707697163236903,923.799564442736,946.081774691318,3.1895809579402843,942.8921937333777,927.6703341590597,946.081774691318
463,927.9134943853034,3.917004556097883,923.9964898292054,946.7576666284115,4.416389201549774,942.3412774268617,927.9134943853034,946.7576666284115
464,927.953344512493,4.0980575693414565,923.8552869431516,946.0046044207634,3.464118632864445,942.5404857878989,927.953344512493,946.0046044207634
465,927.2884629394146,3.6742895372370454,923.6141734021775,947.0696833184425,3.3478374075382313,943.7218459109042,927.2884629394146,947.0696833184425
466,927.0740449289058,3.9264943866019553,923.1475505423039,946.7749835481035,3.4803941199120056,943.2945894281914,927.0740449289058,946.7749835481035
467,926.6874619671639,3.788498525923871,922.89896344124,945.1449092905572,3.561402807844446,941.5835064827128,926.6874619671639,945.1449092905572
468,927.7105751823872,3.9876072635041906,923.722967918883,946.3424179807622,4.177513974778195,942.164904005984,927.7105751823872,946.3424179807622
469,926.8388633271481,3.5042465240397354,923.3346168031084,947.5646143568323,2.270243096858897,945.2943712599734,926.8388633271481,947.5646143568323
470,927.6275793960754,4.356036583159832,923.2715428129155,948.0570599982079,4.206640284112159,943.8504197140958,927.6275793960754,948.0570599982079
471,926.7152027500437,4.363897376872123,922.3513053731715,948.5389747619629,3.9875286183458694,944.551446143617,926.7152027500437,948.5389747619629
472,926.8195429659904,3.7635152897936233,923.0560276761968,947.9675123336467,3.8662718914924783,944.1012404421542,926.8195429659904,947.9675123336467
473,927.0396193747824,3.998151829902162,923.0414675448803,947.1569703487639,3.0648306379926966,944.0921397107712,927.0396193747824,947.1569703487639
474,926.7927767786574,4.05529677741071,922.7374800012467,943.7168003041694,3.317043405898074,940.3997568982712,926.7927767786574,943.7168003041694
475,926.1987325561807,4.099124479801096,922.0996080763797,945.8574736676318,1.8733895585892049,943.9840841090426,926.1987325561807,945.8574736676318
476,926.1226702687588,3.48668523925416,922.6359850295047,946.6538008831917,2.8498094436970165,943.8039914394947,926.1226702687588,946.6538008831917
477,926.9532103411694,4.226108913725995,922.7271014274435,944.7803790315669,2.780950424518991,941.9994286070479,926.9532103411694,944.7803790315669
478,926.4312703229011,3.9898069336059248,922.4414633892952,947.9784979718796,3.9512061666935048,944.0272918051862,926.4312703229011,947.9784979718796
479,926.9929359694745,4.3625635771041225,922.6303723923703,944.7396614196452,3.7866195313473967,940.9530418882979,926.9929359694745,944.7396614196452
480,925.8406873142466,3.5862707064506854,922.2544166077959,943.2151943876388,2.3279561895005245,940.8872381981383,925.8406873142466,943.2151943876388
481,926.4824161149086,3.553714267751004,922.9287018471575,946.9053971919608,3.366615193955442,943.5387819980053,926.4824161149086,946.9053971919608
482,926.1716882408933,4.02671545997579,922.1449727809176,945.0382935950097,3.5524329733341298,941.4858606216756,926.1716882408933,945.0382935950097
483,925.2789882320038,3.9394301784799453,921.3395580535239,945.236341273531,3.2781152928129154,941.9582259807181,925.2789882320038,945.236341273531
484,926.2654989095445,4.0210544073835335,922.244444502161,943.5786835284944,4.085737634212412,939.4929458942819,926.2654989095445,943.5786835284944
485,925.6545381983544,3.6996834360538644,921.9548547623006,943.8960582246171,3.345443198021422,940.5506150265958,925.6545381983544,943.8960582246171
486,924.9489136477735,3.2962569302700935,921.6526567175033,943.7812163170348,3.838397168098612,939.9428191489362,924.9489136477735,943.7812163170348
487,925.6709440058851,4.204040644016672,921.4669033618684,943.7919031102607,2.6555999187712973,941.1363031914893,925.6709440058851,943.7919031102607
488,925.5138177782932,3.7718029947991067,921.742014783494,944.9870675675412,4.050159738418904,940.9369078291223,925.5138177782932,944.9870675675412
489,925.3088718665407,3.365899480403738,921.942972386137,946.499309499213,3.8635049779364405,942.6358045212766,925.3088718665407,946.499309499213
490,924.926180946066,3.9931598876384977,920.9330210584275,943.8669572992528,4.229667156300646,939.6372901429521,924.926180946066,943.8669572992528
491,925.1174493292544,3.8646300244838634,921.2528193047706,943.7906080611209,3.2846655744187374,940.5059424867021,925.1174493292544,943.7906080611209
492,925.193836872882,4.003622756359425,921.1902141165226,942.3264327962348,3.188269980410312,939.1381628158244,925.193836872882,942.3264327962348
493,924.8153912957679,3.9658559421275523,920.8495353536402,942.9927048581711,3.02027716535203,939.9724276928191,924.8153912957679,942.9927048581711
494,925.3396289982694,3.9779229747488145,921.3617060235206,942.2590941571175,2.6230506896972656,939.6360434674202,925.3396289982694,942.2590941571175
495,924.2849277739829,3.4273903217721493,920.8575374522107,941.4271245510021,2.3545264791935048,939.0725980718086,924.2849277739829,941.4271245510021
496,923.5209496262225,3.6169683159665857,919.903981310256,942.4640712738037,2.460881862234562,940.0031894115691,923.5209496262225,942.4640712738037
497,923.6859549715164,3.5600511317557477,920.1259038397607,944.8035679066435,3.2121450343030564,941.5914228723404,923.6859549715164,944.8035679066435
498,923.7726600740818,3.6119622993976512,920.1606977746842,942.8160736408639,3.0954432386033077,939.7206304022607,923.7726600740818,942.8160736408639
499,923.3987013088896,3.81146129268281,919.5872400162068,942.1158755687957,2.9515429557637964,939.1643326130319,923.3987013088896,942.1158755687957
500,923.4685802472399,3.547863616588268,919.9207166306516,943.9549193686628,3.0568662602850734,940.8980531083777,923.4685802472399,943.9549193686628
501,924.1588683800494,3.8274435857509044,920.3314247942985,942.9553393911808,3.2146375128563416,939.7407018783244,924.1588683800494,942.9553393911808
502,923.6030229304699,3.644087903043057,919.9589350274268,943.4686143753377,2.6912186805238116,940.7773956948138,923.6030229304699,943.4686143753377
503,924.0553462720932,3.325220357864461,920.7301259142288,940.9580509510446,2.898033913145674,938.0600170378989,924.0553462720932,940.9580509510446
504,924.2469622923973,3.742658664571478,920.5043036278258,942.7318136742774,4.0934950240114905,938.638318650266,924.2469622923973,942.7318136742774
505,923.4915468616689,3.581586703341058,919.9099601583277,944.9510860646025,4.1508450406662964,940.8002410239362,923.4915468616689,944.9510860646025
506,923.4532118921584,3.5329004310547036,919.9203114611038,944.1741499799363,4.042906213313975,940.1312437666223,923.4532118921584,944.1741499799363
507,923.2071305665564,3.498896794116243,919.7082337724402,943.7774759049112,3.1347938902834627,940.6426820146277,923.2071305665564,943.7774759049112
508,923.5953471647932,3.799195496325797,919.7961516684675,942.6743321317307,3.010851413645643,939.6634807180851,923.5953471647932,942.6743321317307
509,922.9414927008304,3.546736789510605,919.3947559113199,940.3252575651128,3.048973489314952,937.2762840757979,922.9414927008304,940.3252575651128
510,923.2579141271875,3.59909026166226,919.6588238655253,940.9834923845657,2.639596939086914,938.3438954454788,923.2579141271875,940.9834923845657
511,923.1508238188763,3.3589095485971328,919.7919142702792,943.7002165774081,4.074021846690076,939.6261947307181,923.1508238188763,943.7002165774081
512,924.4818736657184,3.9616242786671254,920.5202493870512,941.0666382262048,2.828221919688773,938.238416306516,924.4818736657184,941.0666382262048
513,922.8647245092595,3.538353945346589,919.3263705639129,940.6620998991297,2.5671655573743455,938.0949343417553,922.8647245092595,940.6620998991297
514,923.1736003198522,3.2641076648488956,919.9094926550033,941.1946302576268,2.8773825016427548,938.317247755984,923.1736003198522,941.1946302576268
515,922.395552815275,3.560547724683234,918.8350050905917,942.0891089946666,1.9682126349591194,940.1208963597074,922.395552815275,942.0891089946666
516,921.4582299907157,3.1636301735614207,918.2945998171542,942.0367985583366,3.8124177405174744,938.2243808178191,921.4582299907157,942.0367985583366
517,922.4898198513274,3.7960046605860933,918.6938151907414,941.4508795636765,3.161349560352082,938.2895300033244,922.4898198513274,941.4508795636765
518,921.4875905437673,3.250388447274553,918.2372020964926,939.4138854006503,2.7318499950652426,936.6820354055851,921.4875905437673,939.4138854006503
519,922.1236929272084,3.618651683026172,918.5050412441822,942.1201224834361,3.1423133079041827,938.9778091755319,922.1236929272084,942.1201224834361
520,921.6785719318593,3.3468406631591474,918.3317312687001,939.7283966997836,2.5255937576293945,937.2028029421542,921.6785719318593,939.7283966997836
521,921.8897787839809,4.024223649755437,917.8655551342254,941.2685959998597,3.5135469639554935,937.7550490359042,921.8897787839809,941.2685959998597
522,922.4612646559451,3.578954722018952,918.8823099339262,939.025407689683,2.4119498273159596,936.613457862367,922.4612646559451,939.025407689683
523,922.2621675932661,3.3553098389442932,918.9068577543218,941.5283283882952,3.145806779252722,938.3825216090426,922.2621675932661,941.5283283882952
524,922.1782265070905,3.449242080145694,918.7289844269449,944.4296968744156,2.8665631476868976,941.5631337267288,922.1782265070905,944.4296968744156
525,922.2718317965243,3.9868677423355425,918.2849640541888,942.6800466496894,3.577808867109583,939.1022377825798,922.2718317965243,942.6800466496894
526,921.4386294623639,3.3122892861670636,918.1263401761968,941.1982217951024,3.1858589294108937,938.0123628656914,921.4386294623639,941.1982217951024
527,921.9946010860991,3.491437646936863,918.5031634391622,941.2070644054007,2.3681972179007023,938.8388671875,921.9946010860991,941.2070644054007
528,922.4690674305597,3.379762608003109,919.0893048225565,940.2604987976399,2.3642637577462704,937.8962350398937,922.4690674305597,940.2604987976399
529,921.9341455507786,3.6443934833749814,918.2897520674036,940.0376801998058,3.5186164531301944,936.5190637466756,921.9341455507786,940.0376801998058
530,921.1113922202841,3.4091788517667894,917.7022133685173,942.6280257042418,2.6502269176726645,939.9777987865691,921.1113922202841,942.6280257042418
531,921.407437091178,3.678129307767178,917.729307783411,938.7649017090494,2.8152674005386675,935.9496343085107,921.407437091178,938.7649017090494
532,921.319976375458,3.5701451961030353,917.749831179355,938.4108771466194,2.4138587789332613,935.9970183676862,921.319976375458,938.4108771466194
533,921.0281732741822,3.473728616186913,917.5544446579953,938.0399531100659,3.8044249351988446,934.235528174867,921.0281732741822,938.0399531100659
534,921.3049166836637,3.1917860736238195,918.1131306100399,939.007660419383,2.5536108016967773,936.4540496176862,921.3049166836637,939.007660419383
535,920.6860648393631,3.629155399951529,917.0569094394116,939.4741558825716,2.3510570627577763,937.1230988198138,920.6860648393631,939.4741558825716
536,920.7317975226869,3.0621081007287856,917.6696894219581,939.9778151410691,3.0340921523723194,936.9437229886968,920.7317975226869,939.9778151410691
537,920.3507457730618,2.967852758600357,917.3828930144614,937.8994091520918,2.0706296474375625,935.8287795046542,920.3507457730618,937.8994091520918
538,920.8624469739326,3.403623627855423,917.4588233460771,939.7461358739974,3.4467155781198056,936.2994202958777,920.8624469739326,939.7461358739974
539,920.8877752638878,3.235327624260111,917.6524476396277,937.5446035506877,3.1607937102622174,934.3838098404256,920.8877752638878,937.5446035506877
540,920.7693655998149,3.553202451543605,917.2161631482712,940.1285365287293,3.1747258571868247,936.9538106715426,920.7693655998149,940.1285365287293
541,920.3510186868779,3.301649037193745,917.0493696496842,938.7856977746842,2.8520624688331115,935.9336353058511,920.3510186868779,938.7856977746842
542,920.4810612759692,3.6789385511520063,916.8021227248172,940.5654184463176,2.7528145566899727,937.8126038896277,920.4810612759692,940.5654184463176
543,920.4594703412992,3.183197953084365,917.2762723882148,938.1351023734884,3.322404983195853,934.8126973902926,920.4594703412992,938.1351023734884
544,920.4206054096526,3.37669645852231,917.0439089511303,939.4864172326758,2.1656580072768192,937.3207592253989,920.4206054096526,939.4864172326758
545,920.0222919951094,2.9328923732676406,917.0893996218417,939.8660449170052,3.385067107829642,936.4809778091756,920.0222919951094,939.8660449170052
546,920.030470020118,3.4495335070693747,916.5809365130485,938.9705033200852,2.2641785195533264,936.7063248005319,920.030470020118,938.9705033200852
547,920.4859590942556,3.73090486386989,916.7550542303857,939.4686719204517,2.765318363270861,936.7033535571809,920.4859590942556,939.4686719204517
548,919.2196646389809,3.0496648467601615,916.1699997922208,940.2652171520476,3.6139122983242604,936.6513048537234,919.2196646389809,940.2652171520476
549,920.0669430675025,3.655398592352867,916.4115444751496,939.1357067392228,2.0344766860312604,937.1012300531914,920.0669430675025,939.1357067392228
550,919.2637931184565,3.264443727249795,915.9993493912068,940.3968710392079,3.2004365312292222,937.1964345079788,919.2637931184565,940.3968710392079
551,919.3924004815995,3.195377698604097,916.1970227829953,938.350402568249,1.9580010556160135,936.392401512633,919.3924004815995,938.350402568249
552,919.5350304753223,3.487308774856811,916.0477217004654,941.1985955745616,4.547301109800947,936.6512944647607,919.5350304753223,941.1985955745616
553,919.3413356187496,3.2158460388792323,916.1254895798703,938.4043009128976,3.8590465910891267,934.5452543218086,919.3413356187496,938.4043009128976
554,919.6682824574887,3.3383199096994196,916.3299625477893,936.2005891799927,1.8241243362426758,934.37646484375,919.6682824574887,936.2005891799927
555,918.8035075772316,2.980661468937042,915.8228461082946,936.3809639748107,2.064183722151087,934.3167802526596,918.8035075772316,936.3809639748107
556,918.5460968347306,3.3365228860936265,915.209573948637,937.8279205281684,2.029611851306672,935.7983086768617,918.5460968347306,937.8279205281684
557,919.5086772720864,3.191242514772618,916.3174347573138,937.2933657828797,2.986590101363811,934.306775681516,919.5086772720864,937.2933657828797
558,919.1274090986302,3.7434395279021975,915.383969570728,939.5779286648365,3.303192544490733,936.2747361203458,919.1274090986302,939.5779286648365
559,919.0835736206872,3.2256491796133364,915.8579244410738,938.8830441515496,2.4792563357251756,936.4037878158244,919.0835736206872,938.8830441515496
560,918.8993440371879,2.9295135850602008,915.9698304521277,939.4086363873583,2.350011470470023,937.0586249168883,918.8993440371879,939.4086363873583
561,918.2132966290129,2.8798615704191493,915.3334350585938,938.0393322072131,2.9476807776917804,935.0916514295212,918.2132966290129,938.0393322072131
562,919.1131031792214,3.583568656698186,915.5295345225232,939.0761582394864,2.647146022066157,936.4290122174202,919.1131031792214,939.0761582394864
563,919.5118308726777,3.5418627667934337,915.9699681058843,937.5854810653849,2.3454233027519065,935.240057762633,919.5118308726777,937.5854810653849
564,918.436059888373,3.0844999856137214,915.3515599027593,934.6464330008689,1.8343173924912797,932.8121156083777,918.436059888373,934.6464330008689
565,918.2896880000195,3.2366523450993476,915.0530356549202,937.9152971835847,2.1915916483452977,935.7237055352393,918.2896880000195,937.9152971835847
566,917.3212421726673,2.7320009825077465,914.5892411901596,937.4038441840638,2.2773066175744887,935.1265375664893,917.3212421726673,937.4038441840638
567,918.0943466399578,3.1927716732025146,914.9015749667553,936.8496849181804,3.27183003121234,933.5778548869681,918.0943466399578,936.8496849181804
568,918.298348097091,3.0807369871342436,915.2176111099568,937.6697081099165,3.3724383293314184,934.2972697805851,918.298348097091,937.6697081099165
569,918.3806369342702,3.419968248681819,914.9606686855884,936.3790368627995,1.6775637078792491,934.7014731549202,918.3806369342702,936.3790368627995
570,917.6744541089903,3.2375605646917163,914.4368935442985,937.430427388942,2.922791501309009,934.507635887633,917.6744541089903,937.430427388942
571,917.9260021860296,3.28654464572034,914.6394575403092,935.4950261420393,2.5582533694328147,932.9367727726063,917.9260021860296,935.4950261420393
572,918.0404737674176,3.232238436632968,914.8082353307846,937.977980065853,2.8246805312785694,935.1532995345744,918.0404737674176,937.977980065853
573,917.4630126521943,3.217207195911002,914.2458054562833,936.0801935703197,2.4936950663302806,933.5864985039893,917.4630126521943,936.0801935703197
574,917.6962852021481,3.619852304458618,914.0764328976895,934.4403756070644,1.2214489946974085,933.218926612367,917.6962852021481,934.4403756070644
575,917.5822591122161,3.1149557752812163,914.4673033369348,939.1246021554825,3.2476386415197496,935.8769635139628,917.5822591122161,939.1246021554825
576,917.6418389018546,3.145790603566677,914.4960482982879,938.0482930731266,2.920633498658525,935.1276595744681,917.6418389018546,938.0482930731266
577,918.2392998959156,3.6093131937879197,914.6299867021277,933.6351495397852,2.0481108097319907,931.5870387300532,918.2392998959156,933.6351495397852
578,916.2794189136079,3.1307567522880877,913.1486621613199,937.2732152938843,2.513273056517256,934.759942237367,916.2794189136079,937.2732152938843
579,917.1877234730315,2.95731575818772,914.2304077148438,938.1123497333932,2.475402426212392,935.6369473071809,917.1877234730315,938.1123497333932
580,916.6792352909738,2.997382990857388,913.6818523001164,936.8296742743635,3.4871190050815013,933.3425552692819,916.6792352909738,936.8296742743635
581,916.8026033069225,2.9707668499743685,913.8318364569482,938.6787607213284,2.5857483376847936,936.0930123836437,916.8026033069225,938.6787607213284
582,917.0317491757426,3.3691709987977716,913.6625781769449,937.6918356875155,2.792556681531541,934.899279005984,917.0317491757426,937.6918356875155
583,916.4339066439486,2.8290586344739226,913.6048480094747,935.2200971968631,2.8309993743896484,932.3890978224734,916.4339066439486,935.2200971968631
584,915.6694893259952,2.929904261168013,912.7395850648271,936.4112473751636,2.1252703971051154,934.2859769780586,915.6694893259952,936.4112473751636
585,916.1956182870459,2.7067396716868624,913.488878615359,935.1949995122058,1.8380139736419028,933.3569855385638,916.1956182870459,935.1949995122058
586,917.0838900011905,3.104044588956427,913.979845412234,937.0247337564509,3.0323800330466413,933.9923537234042,917.0838900011905,937.0247337564509
587,916.074130419721,3.2149891713832286,912.8591412483378,937.2955579554781,3.8042846842015043,933.4912732712766,916.074130419721,937.2955579554781
588,916.5084940778448,3.3964387254512056,913.1120553523937,934.0161613504937,2.706757261397991,931.3094040890958,916.5084940778448,934.0161613504937
589,916.0549536753208,2.774427006853388,913.2805266684675,935.1699110700729,2.7001637296473726,932.4697473404256,916.0549536753208,935.1699110700729
590,915.9016564678639,2.9432201106497584,912.958436357214,936.320063925804,2.8901894244741886,933.4298745013298,915.9016564678639,936.320063925804
591,916.003654062748,3.3056806896595243,912.6979733730884,935.0626836330333,1.8986419109587973,933.1640417220744,916.003654062748,935.0626836330333
592,916.1317257069527,3.008799603644838,913.1229261033078,937.2597873363089,3.5229605410961393,933.7368267952128,916.1317257069527,937.2597873363089
593,916.402187429844,3.291978715582097,913.110208714262,933.4385535260465,2.1814370865517474,931.2571164394947,916.402187429844,933.4385535260465
594,915.6521384330823,2.954620875735232,912.697517557347,935.3652270398242,2.6995126947443535,932.6657143450798,915.6521384330823,935.3652270398242
595,916.1037281612132,2.862826295355533,913.2409018658577,935.0320709715498,1.6984605992094,933.3336103723404,916.1037281612132,935.0320709715498
596,915.067321995828,2.93675351178551,912.1305684840426,934.9656566457545,1.9641190792651886,933.0015375664893,915.067321995828,934.9656566457545
597,916.0524887848408,3.106211409923878,912.9462773749169,933.1557927030198,2.0208400766900243,931.1349526263298,916.0524887848408,933.1557927030198
598,915.4362851596893,2.973778926311655,912.4625062333777,932.5529797229361,2.332203875196741,930.2207758477393,915.4362851596893,932.5529797229361
599,915.3153570617767,3.105300026371124,912.2100570354056,933.4883849823728,2.5086122928781713,930.9797726894947,915.3153570617767,933.4883849823728
600,915.9774293595171,3.458350029397518,912.5190793301197,934.4407115134787,2.5898346850212586,931.8508768284574,915.9774293595171,934.4407115134787
601,915.5384512505633,2.7429449964076915,912.7955062541556,934.5821629788013,2.8699060805300447,931.7122568982712,915.5384512505633,934.5821629788013
602,915.4927617653888,3.0873156113827482,912.405446154006,933.0483952684606,1.8136150989126651,931.2347801695479,915.4927617653888,933.0483952684606
603,915.1188624260274,3.120249352556594,911.9986130734708,936.290355357718,2.0194008198190243,934.2709545378989,915.1188624260274,936.290355357718
604,915.9859968804299,3.3713261066599096,912.61467077377,931.7772547742154,2.7084486738164375,929.0688061003989,915.9859968804299,931.7772547742154
605,915.1715286767229,3.3881138766065555,911.7834148001164,935.9379463804529,2.669568305319928,933.268378075133,915.1715286767229,935.9379463804529
606,914.8622628678667,3.00167885232479,911.8605840155419,934.7133698159075,3.0512396629820477,931.6621301529256,914.8622628678667,934.7133698159075
607,914.1382507770619,2.693490190708891,911.444760586353,937.429443897085,2.432300861845625,934.9971430352393,914.1382507770619,937.429443897085
608,915.3199015285106,3.3277906471110406,911.9921108813996,935.078518552983,2.3636851919458266,932.7148333610372,915.3199015285106,935.078518552983
609,915.0945606054144,3.13209722650812,911.9624633789062,932.9452370988562,2.655270759095537,930.2899663397607,915.0945606054144,932.9452370988562
610,915.0807701653623,3.8388540770145174,911.2419160883477,930.014017556576,1.432142141017508,928.5818754155586,915.0807701653623,930.014017556576
611,914.8996943710966,3.408138000584663,911.491556370512,933.5269406298373,3.0924222621511905,930.4345183676862,914.8996943710966,933.5269406298373
612,914.189323521675,2.8482590685499476,911.341064453125,932.368167248178,2.345789422380163,930.0223778257979,914.189323521675,932.368167248178
613,914.6736425364271,3.0701775576205965,911.6034649788065,932.9423437727258,2.8939519841620265,930.0483917885638,914.6736425364271,932.9423437727258
614,914.0901234562093,2.76280230220328,911.327321154006,932.555506817838,2.2492194175720215,930.306287400266,914.0901234562093,932.555506817838
615,914.7505253547049,2.981243439811341,911.7692819148937,931.5823429493194,2.7282039865534355,928.854138962766,914.7505253547049,931.5823429493194
616,913.5196550925996,2.603714787579597,910.91594030502,934.4972405940929,3.012574703135389,931.4846658909574,913.5196550925996,934.4972405940929
617,914.2890806039597,3.429073175851335,910.8600074281084,932.4211650909261,2.25173149717615,930.16943359375,914.2890806039597,932.4211650909261
618,913.4799595614697,2.9228851972742285,910.5570743641955,934.9571326641326,2.6616082292922,932.2955244348404,913.4799595614697,934.9571326641326
619,913.4465746296213,3.0795624433679785,910.3670121862533,934.8723225492112,2.8614660831207925,932.0108564660904,913.4465746296213,934.8723225492112
620,914.098103183064,3.116642287119906,910.9814608959441,932.0124091087504,1.8398692151333422,930.172539893617,914.098103183064,932.0124091087504
621,913.0674261834394,2.7715238500782786,910.295902333361,933.171616290478,2.4554011973928898,930.7162150930851,913.0674261834394,933.171616290478
622,912.7204448010059,2.5763304081368954,910.144114392869,933.2519568382426,2.7201250563276576,930.5318317819149,912.7204448010059,933.2519568382426
623,913.3944908130042,2.803979572146497,910.5905112408577,933.3064159839711,2.994165319077512,930.3122506648937,913.3944908130042,933.3064159839711
624,914.2199511179265,3.1406300885880247,911.0793210293384,932.8530902862549,2.533910183196372,930.3191801030586,914.2199511179265,932.8530902862549
625,913.4726758542213,3.1237690328283514,910.3489068213929,932.9593972145243,2.3743947211732257,930.5850024933511,913.4726758542213,932.9593972145243
626,912.211431552755,2.566553571122758,909.6448779816324,933.150437192714,2.537529945373535,930.6129072473404,912.211431552755,933.150437192714
627,912.5151675565446,2.6773795225518815,909.8377880339926,934.4774070090436,2.426137477793592,932.05126953125,912.5151675565446,934.4774070090436
628,912.9908416911643,2.882127688920244,910.108714002244,933.2114619194193,2.2668766468129258,930.9445852726063,912.9908416911643,933.2114619194193
629,912.6878312445701,3.10063148559408,909.5871997589761,932.2188529460988,2.153038866976474,930.0658140791223,912.6878312445701,932.2188529460988
630,912.7409746285449,2.8939936611246555,909.8469809674202,928.8175315654024,2.068840574710927,926.7486909906914,912.7409746285449,928.8175315654024
631,912.9114775594245,2.69255094705744,910.218926612367,933.2767178149934,3.1247376786901597,930.1519801363032,912.9114775594245,933.2767178149934
632,913.0252260702088,3.0387122424993107,909.9865138277095,932.540645660238,2.476639260636999,930.0640063996011,913.0252260702088,932.540645660238
633,912.5814239474687,2.918475663725366,909.6629482837434,932.2511067086077,2.685469241852456,929.5656374667553,912.5814239474687,932.2511067086077
634,912.1977704065118,2.580830942997907,909.616939463514,929.7699005147244,1.9001365519584494,927.869763962766,912.1977704065118,929.7699005147244
635,911.9666634202003,3.4536785153632468,908.5129849048371,931.9371173736897,2.8525719947003303,929.0845453789893,911.9666634202003,931.9371173736897
636,912.0961604117555,3.1059766829489392,908.9901837288065,931.8428957715947,2.000309335424545,929.8425864361702,912.0961604117555,931.8428957715947
637,912.941904011559,3.297606513221213,909.6442974983378,929.8393033818995,3.248202567404889,926.5911008144947,912.941904011559,929.8393033818995
638,912.376060776254,2.8873600718822887,909.4887007043717,931.7678045516318,2.789652540328655,928.9781520113032,912.376060776254,931.7678045516318
639,912.4600487005838,2.5863953698822795,909.8736533307015,930.4773883007942,2.3725740554484913,928.1048142453458,912.4600487005838,930.4773883007942
640,912.0561660323689,2.782562308964577,909.2736037234042,930.3698777290101,1.534812901882415,928.8350648271277,912.0561660323689,930.3698777290101
641,911.2890565765506,2.5094856926576887,908.7795708838929,930.4006815768303,1.907673348771765,928.4930082280586,911.2890565765506,930.4006815768303
642,912.2827693040067,3.0816545683018703,909.2011147357048,928.9749432827564,1.7798385620117188,927.1951047207447,912.2827693040067,928.9749432827564
643,911.671758027787,2.832932396137968,908.8388256316489,930.7293781270372,2.114548921585083,928.6148292054521,911.671758027787,930.7293781270372
644,912.2578899670154,2.9745076324077364,909.2833823346077,929.3465995687119,1.9186885813449293,927.427910987367,912.2578899670154,929.3465995687119
645,912.1035559640286,3.1196134046037147,908.9839425594249,930.2944056632671,2.800503984410712,927.4939016788563,912.1035559640286,930.2944056632671
646,911.5899543483207,3.0415326914888747,908.5484216568318,930.7329923142778,1.9526253761129175,928.7803669381649,911.5899543483207,930.7329923142778
647,912.1406530686357,2.5919807780771813,909.5486722905586,929.389454050267,1.8147885748680601,927.5746654753989,912.1406530686357,929.389454050267
648,911.5523687930818,2.776108092450081,908.7762607006316,931.0158236787674,2.103859749246151,928.9119639295212,911.5523687930818,931.0158236787674
649,910.9930521167339,2.7762331651880388,908.2168189515459,931.3845283832956,2.676925740343459,928.7076026429521,910.9930521167339,931.3845283832956
650,912.0055373006678,3.0265476792416672,908.9789896214262,930.5594104274791,2.01341848931414,928.5459919381649,912.0055373006678,930.5594104274791
651,910.2100144028664,2.9264905186409647,907.2835238842254,929.9261837411434,1.755804751781707,928.1703789893617,910.2100144028664,929.9261837411434
652,911.4305795126772,3.116115998714528,908.3144635139628,928.3998236757644,2.4973240913228785,925.9024995844414,911.4305795126772,928.3998236757644
653,911.0793972395836,2.5645734883369284,908.5148237512467,929.3798889200738,2.243481838956792,927.136407081117,911.0793972395836,929.3798889200738
654,911.1342632149128,2.9029438685863576,908.2313193463265,929.6879286461688,2.3966013522858316,927.291327293883,911.1342632149128,929.6879286461688
655,911.2141084835885,2.651272140918894,908.5628363426696,930.0845353857,2.069741502721259,928.0147938829788,911.2141084835885,930.0845353857
656,910.908978867404,2.746429260106797,908.1625496072973,930.0701175852025,2.4671941310801406,927.6029234541223,910.908978867404,930.0701175852025
657,910.6991522293141,2.7641481776186763,907.9350040516955,929.2881145477295,2.125350668075237,927.1627638796542,910.6991522293141,929.2881145477295
658,910.0315114063152,2.535412461833751,907.4960989444813,928.6943433639851,2.6546783041446766,926.0396650598404,910.0315114063152,928.6943433639851
659,910.0403237040056,2.8784247055015664,907.161898998504,929.4761987696303,1.372641588779206,928.1035571808511,910.0403237040056,929.4761987696303
660,910.7931307566927,2.714642142995875,908.0784886136968,929.0805627538803,2.5931230098643203,926.487439744016,910.7931307566927,929.0805627538803
661,909.6030526047057,2.540540917122618,907.0625116875831,930.050972431264,2.928933285652323,927.1220391456117,909.6030526047057,930.050972431264
662,910.254974900408,2.5431647275356535,907.7118101728723,927.5599142439822,1.8833434328119805,925.6765708111702,910.254974900408,927.5599142439822
663,910.2767093739611,2.6845333018201463,907.592176072141,928.2113080329084,2.1046757190785508,926.1066323138298,910.2767093739611,928.2113080329084
664,909.16954869666,2.588291424386045,906.5812572722739,927.3956831059558,2.420512726966371,924.9751703789893,909.16954869666,927.3956831059558
665,909.6466406653536,2.810451233006538,906.836189432347,931.0732716499491,2.4428590003480304,928.6304126496011,909.6466406653536,931.0732716499491
666,909.807108056038,2.399164655107133,907.4079434009309,930.9304327863327,2.7526152996306723,928.1778174867021,909.807108056038,930.9304327863327
667,909.7585731659163,2.7778615739117276,906.9807115920047,928.4376817358301,2.5915838302449976,925.8460979055851,909.7585731659163,928.4376817358301
668,909.1649909209698,2.4728626380575465,906.6921282829122,934.8264113081262,3.0204979105198637,931.8059133976063,909.1649909209698,934.8264113081262
669,909.082376118036,2.7015738823312394,906.3808022357048,926.399648970746,1.4533702972087454,924.9462786735372,909.082376118036,926.399648970746
670,909.5078203760563,2.5956993134731943,906.9121210625831,928.7658927897189,2.787771945304059,925.9781208444149,909.5078203760563,928.7658927897189
671,909.2881089068474,2.694273197904546,906.5938357089428,926.9021558051413,2.299512853013708,924.6026429521277,909.2881089068474,926.9021558051413
672,909.5737797858867,2.6165225759465645,906.9572572099402,929.1856287540273,2.389065422910325,926.796563331117,909.5737797858867,929.1856287540273
673,910.8629309744277,3.0542112582541527,907.8087197161735,928.6387840027505,2.430672300622818,926.2081117021277,910.8629309744277,928.6387840027505
674,909.4506135386356,2.942624426268517,906.507989112367,926.1202191291972,1.8800159210854388,924.2402032081117,909.4506135386356,926.1202191291972
675,908.9235836983995,2.0316925435624222,906.8918911548371,928.2938537394747,3.186390308623618,925.1074634308511,908.9235836983995,928.2938537394747
676,909.2913235387904,2.698289078600863,906.5930344601895,931.0397477251419,3.214355022349256,927.8253927027926,909.2913235387904,931.0397477251419
677,909.4130670269753,2.6618696990165303,906.7511973279587,927.7681065670987,1.7134086781359734,926.0546978889628,909.4130670269753,927.7681065670987
678,908.593745952591,2.481368542351621,906.1123774102393,926.5238942085429,1.473642795643908,925.0502514128989,908.593745952591,926.5238942085429
679,907.9993447766025,2.8223311358943897,905.1770136407081,928.7331519431257,2.5980330933915807,926.135118849734,907.9993447766025,928.7331519431257
680,908.8174210805843,2.664770856182626,906.1526502244016,927.1872792751232,2.199288916080556,924.9879903590426,908.8174210805843,927.1872792751232
681,909.2270614430308,2.8958678031538394,906.331193639877,927.4980933108228,1.74802058808347,925.7500727227393,909.2270614430308,927.4980933108228
682,907.9235651236265,2.603544813204319,905.3200203104223,928.1738517081484,2.742470807217537,925.4313809009309,907.9235651236265,928.1738517081484
683,907.9853806292757,2.2599726027630744,905.7254080265126,928.9970839175772,2.7886917134548757,926.2083922041223,907.9853806292757,928.9970839175772
684,908.3204529583454,2.4672204325807856,905.8532325257646,928.151959946815,1.9005989926926634,926.2513609541223,908.3204529583454,928.151959946815
685,908.7906755310424,2.8611477613449097,905.9295277696975,927.104225493492,2.2852843365770705,924.8189411569149,908.7906755310424,927.104225493492
686,908.1399966399086,2.5081191465575645,905.6318774933511,925.3145948775272,2.0612807984047747,923.2533140791223,908.1399966399086,925.3145948775272
687,908.773550396904,3.1341045441779682,905.6394458527261,928.4413207033847,2.982138938092171,925.4591817652926,908.773550396904,928.4413207033847
688,908.7023111443888,2.824012648710545,905.8782984956782,927.386357327725,2.074854668150557,925.3115026595744,908.7023111443888,927.386357327725
689,908.3477728468307,2.593552330706982,905.7542205161237,927.1525701563409,2.120031924957925,925.032538231383,908.3477728468307,927.1525701563409
690,907.1028999597469,2.313621888769434,904.7892780709774,926.6810177539257,1.5949659753353038,925.0860517785904,907.1028999597469,926.6810177539257
691,908.5280814868339,2.7010784948125797,905.8270029920212,926.6063694142281,1.8761915551855208,924.7301778590426,908.5280814868339,926.6063694142281
692,907.9679504043245,2.6720130082140576,905.2959373961104,926.9784925846343,1.1308571125598663,925.8476354720744,907.9679504043245,926.9784925846343
693,907.7599747891122,2.3883758757976774,905.3715989133145,928.0564320341069,2.1756038259952626,925.8808282081117,907.7599747891122,928.0564320341069
694,907.5991681541534,2.725331717983205,904.8738364361702,926.7927638926404,2.738034836789395,924.0547290558511,907.5991681541534,926.7927638926404
695,907.0558414972843,2.803694877852785,904.2521466194315,928.3194982041704,2.3861849561650703,925.9333132480053,907.0558414972843,928.3194982041704
696,907.5722294100659,2.4841141237461186,905.0881152863199,925.6509461098528,2.210578756129488,923.4403673537234,907.5722294100659,925.6509461098528
697,906.7784999387061,2.345619131275948,904.4328808074301,926.318596971796,2.5123303494554885,923.8062666223404,906.7784999387061,926.318596971796
698,907.5695770737973,2.799470534984102,904.7701065388131,926.2949822202642,1.6736079682695104,924.6213742519947,907.5695770737973,926.2949822202642
699,907.455732937823,2.9976498053428973,904.45808313248,926.9595936765062,2.0814458207881197,924.8781478557181,907.455732937823,926.9595936765062
700,907.3449636203178,2.8745942407465996,904.4703693795711,925.3857868884472,1.2706875699631712,924.115099318484,907.3449636203178,925.3857868884472
701,906.767921620861,2.6968676086435925,904.0710540122175,924.4288859265915,1.649111159304355,922.7797747672872,906.767921620861,924.4288859265915
702,906.8365376357068,2.781039796611096,904.0554978390958,926.7992817087377,2.5812069913174245,924.2180747174202,906.8365376357068,926.7992817087377
703,907.312844426074,2.5213859715360276,904.7914584545379,926.1960863052531,1.729819267354113,924.4662670378989,907.312844426074,926.1960863052531
704,906.5334259709145,2.4725050932549415,904.0609208776596,922.9806522612876,1.9156069654099486,921.0650452958777,906.5334259709145,922.9806522612876
705,906.4563821709537,2.3316107281345,904.1247714428191,923.482843703412,2.383317440114123,921.0995262632979,906.4563821709537,923.482843703412
706,906.9987381360633,2.6123817011396935,904.3863564349235,926.5692875334557,2.407988497551451,924.1612990359042,906.9987381360633,926.5692875334557
707,906.5774254716457,2.4777537628691246,904.0996717087766,925.8562848517236,2.1335143231331033,923.7227705285904,906.5774254716457,925.8562848517236
708,906.595316522299,2.217749149875438,904.3775673724235,925.2231692456185,1.2623252462833485,923.9608439993351,906.595316522299,925.2231692456185
709,906.4474435306769,2.4885422673789743,903.9589012632979,925.5068357041541,1.5684630312818162,923.9383726728723,906.4474435306769,925.5068357041541
710,905.7847868076506,2.3844637109085602,903.400323096742,925.440819344622,2.2923506777337255,923.1484686668883,905.7847868076506,925.440819344622
711,905.7918183353353,2.3769558852023267,903.414862450133,927.3071937966854,2.385713577270508,924.9214802194149,905.7918183353353,927.3071937966854
712,905.3551863482658,2.4743867098016943,902.880799638464,927.2361574071518,2.6975208546252962,924.5386365525266,905.3551863482658,927.2361574071518
713,906.1840140033275,2.652444542722499,903.531569460605,925.2995180170586,3.1116128475108047,922.1879051695479,906.1840140033275,925.2995180170586
714,906.0432544419582,2.4339755398637437,903.6092789020944,924.6135589315536,2.070860294585532,922.5426986369681,906.0432544419582,924.6135589315536
715,905.8312625686856,2.6606446331802833,903.1706179355053,921.691164087742,2.3814691076887415,919.3096949800532,905.8312625686856,921.691164087742
716,905.215805281667,2.2829270714775043,902.9328782101895,925.3994686755728,1.4744250419292044,923.9250436336437,905.215805281667,925.3994686755728
717,904.8878677699794,2.488449811618379,902.399417958361,924.7201503591334,1.6457861636547333,923.0743641954788,904.8878677699794,924.7201503591334
718,905.2527324038934,2.279450218886771,902.9732821850066,925.0490472874743,2.192944810745564,922.8561024767288,905.2527324038934,925.0490472874743
719,905.324639440851,2.595745917330397,902.7288935235206,924.2756474271733,2.4366347941946476,921.8390126329788,905.324639440851,924.2756474271733
720,905.6647867798171,2.7470258090724338,902.9177609707447,923.3112758169783,1.456627795036803,921.8546480219414,905.6647867798171,923.3112758169783
721,905.7036608064428,2.6890201606649033,903.014640645778,923.4618487053729,2.041168436090997,921.4206802692819,905.7036608064428,923.4618487053729
722,905.6351762169853,2.493752565472684,903.1414236515126,921.3721012460425,2.2218560665211777,919.1502451795212,905.6351762169853,921.3721012460425
723,905.1641334174795,2.6201257712029395,902.5440076462766,924.9985759207543,1.4367408143713118,923.561835106383,905.1641334174795,924.9985759207543
724,905.145922539082,2.472025587203655,902.6738969518783,924.2935160981848,1.6221917132113843,922.6713243849734,905.145922539082,924.2935160981848
725,905.0672964804033,2.675876724751706,902.3914197556516,924.1736570419149,1.1960556456383238,922.9776013962766,905.0672964804033,924.1736570419149
726,905.2308421312495,2.4202692838425333,902.8105728474069,924.4036642845641,2.57972603655876,921.8239382480053,905.2308421312495,924.4036642845641
727,904.8369131500417,2.2883330615276987,902.548580088514,922.7324685441687,1.6385107649133561,921.0939577792553,904.8369131500417,922.7324685441687
728,905.225191695259,2.434899401791552,902.7902922934675,922.1006754408492,1.7901701217002057,920.3105053191489,905.225191695259,922.1006754408492
729,903.8968596402952,2.304844597077116,901.5920150432181,923.1582716069323,1.8938413376503802,921.2644302692819,903.8968596402952,923.1582716069323
730,904.5387907668631,2.667193152168964,901.8715976146941,921.3646734318835,1.592700775633467,919.77197265625,904.5387907668631,921.3646734318835
731,903.9147313199145,2.3847539678533027,901.5299773520612,922.2729720562062,1.5962765774828322,920.6766954787234,903.9147313199145,922.2729720562062
732,904.7976919200192,2.058127633117615,902.7395642869016,924.5830145085112,2.1275104360377535,922.4555040724734,904.7976919200192,924.5830145085112
733,904.6791369398223,2.8362868837219604,901.8428500561004,922.3314516595069,1.813343697405876,920.5181079621011,904.6791369398223,922.3314516595069
734,904.211281671169,2.4537847359129725,901.757496935256,923.3147134780884,2.836696523301145,920.4780169547872,904.211281671169,923.3147134780884
735,903.6777637340921,2.162275089228407,901.5154886448637,924.9908824271345,3.175057959049306,921.8158244680851,903.6777637340921,924.9908824271345
736,903.9243979834496,2.5314809185393314,901.3929170649102,921.8428659134722,2.1205628882063197,919.722303025266,903.9243979834496,921.8428659134722
737,904.2438205596297,2.2990236119069953,901.9447969477227,922.939794986806,2.2064069382687834,920.7333880485372,904.2438205596297,922.939794986806
738,903.673102390893,2.4670347171895046,901.2060676737035,924.2614666984437,1.6096943413957636,922.6517723570479,903.673102390893,924.2614666984437
739,904.1742249484709,2.356769413231535,901.8174555352393,922.3174529481441,1.7210329847132906,920.5964199634309,904.1742249484709,922.3174529481441
740,903.5354481047773,2.2005378134707185,901.3349102913065,923.43557635774,3.168559236729399,920.2670171210107,903.5354481047773,923.43557635774
741,903.9548617563349,2.518224040244488,901.4366377160904,923.3526139360794,2.3059467153346285,921.0466672207447,903.9548617563349,923.3526139360794
742,903.681179185814,3.004591492579338,900.6765876932348,925.108549462988,3.651622102615681,921.4569273603723,903.681179185814,925.108549462988
743,903.7056789602688,2.8181953228851584,900.8874836373836,922.0276860074794,2.7072176730379147,919.3204683344414,903.7056789602688,922.0276860074794
744,902.7110863293105,2.316674552382307,900.3944117769282,920.2886833383682,1.3343220517990437,918.9543612865691,902.7110863293105,920.2886833383682
745,903.3318393075085,2.5125384327579052,900.8193008747506,923.9460165551368,2.2229031907751207,921.7231133643617,903.3318393075085,923.9460165551368
746,903.6337621726809,2.0959684247586954,901.5377937479223,922.7484273606158,1.8400995680626402,920.9083277925532,903.6337621726809,922.7484273606158
747,902.4533105175545,2.046100837119082,900.4072096804355,921.6298831878825,1.6555023700632947,919.9743808178191,902.4533105175545,921.6298831878825
748,903.3179230658297,2.4925381547593055,900.8253849110705,921.9394818163933,1.3392802705156042,920.6002015458777,903.3179230658297,921.9394818163933
749,902.8224191488104,1.9849856381720685,900.8374335106383,922.5086090412545,1.5054300186481882,921.0031790226063,902.8224191488104,922.5086090412545
750,903.3849988500489,2.491751935570798,900.893246914478,920.9601358251368,2.362770466094321,918.5973653590426,903.3849988500489,920.9601358251368
751,902.5000913022681,2.2788388608617987,900.2212524414062,921.9303045678646,1.959528720125239,919.9707758477393,902.5000913022681,921.9303045678646
752,902.1497578614569,2.101090765379845,900.0486670960771,920.4913571540345,2.0900626892739154,918.4012944647607,902.1497578614569,920.4913571540345
753,903.5240633440145,2.751210223170037,900.7728531208444,920.08326636984,1.4764366657175916,918.6068297041223,903.5240633440145,920.08326636984
754,902.5539609843746,2.550561196309455,900.0033997880652,919.9793434498158,1.1676433999487694,918.811700049867,902.5539609843746,919.9793434498158
755,902.1235775002774,2.3137007133757814,899.8098767869016,922.5817568441655,1.570328985122924,921.0114278590426,902.1235775002774,922.5817568441655
756,902.3416648202754,2.3534017509602485,899.9882630693152,923.2519398750143,1.6392300179664125,921.6127098570479,902.3416648202754,923.2519398750143
757,902.5221409750112,2.2677659230663423,900.2543750519449,921.0173928686913,2.196010305526409,918.8213825631649,902.5221409750112,921.0173928686913
758,902.6413921193873,2.3886013842643576,900.252790735123,920.8629488742098,1.2537608755395768,919.6091879986702,902.6413921193873,920.8629488742098
759,901.7035517908157,2.2536252927272877,899.4499264980884,918.4697278509749,2.0730356967195553,916.3966921542553,901.7035517908157,918.4697278509749
760,902.7010147422552,2.721949800848961,899.9790649414062,920.7550811361759,1.8323022964152884,918.9227788397607,902.7010147422552,920.7550811361759
761,902.3114479558265,2.414529841631017,899.8969181141955,923.4102543490998,2.158031111067914,921.2522232380319,902.3114479558265,923.4102543490998
762,901.3462650931262,2.3744126891202115,898.971852404006,921.9880676573896,1.7731511846501777,920.2149164727393,901.3462650931262,921.9880676573896
763,902.2233419595881,2.2897365220049593,899.9336054375831,922.5547636924906,2.8219782037937895,919.7327854886968,902.2233419595881,922.5547636924906
764,901.594440373176,2.2712293525642537,899.3232110206117,920.7011000754985,1.9610319239027956,918.7400681515958,901.594440373176,920.7011000754985
765,901.5424619607944,2.1310187780318106,899.4114431827626,919.3550154097537,2.3267574310302734,917.0282579787234,901.5424619607944,919.3550154097537
766,901.7917284508969,2.391937788496626,899.3997906624003,920.7844641056466,1.7424511402211291,919.0420129654256,901.7917284508969,920.7844641056466
767,901.4002644495761,2.285584585463747,899.1146798641124,920.4223406061213,2.139116703195775,918.2832239029256,901.4002644495761,920.4223406061213
768,902.4619289078611,2.651044391571207,899.8108845162899,922.0957540882395,1.846024201271382,920.2497298869681,902.4619289078611,922.0957540882395
769,901.8811580833602,2.7029925664054586,899.1781655169548,919.7601403378426,2.0449537520712995,917.7151865857712,901.8811580833602,919.7601403378426
770,900.4333046811058,2.2446670896829444,898.1886375914229,918.6829571216664,2.022447646932399,916.660509474734,900.4333046811058,918.6829571216664
771,901.6268496139253,2.6214343670834888,899.0054152468417,917.5697732884834,0.8740763968609749,916.6956968916223,901.6268496139253,917.5697732884834
772,900.9303760167132,2.450961746433948,898.4794142702792,919.7844669666696,1.6807851182653548,918.1036818484042,900.9303760167132,919.7844669666696
773,901.9695976508108,2.462303300328711,899.5072943504821,919.9600033049887,1.4964893422228225,918.463513962766,901.9695976508108,919.9600033049887
774,901.4009232850785,2.2936520500386015,899.1072712350399,921.8004911402438,1.7390612034087485,920.0614299368351,901.4009232850785,921.8004911402438
775,902.1913572411112,2.7078990670753287,899.483458174036,918.8218134007556,1.8544970776172394,916.9673163231383,902.1913572411112,918.8218134007556
776,900.5887562965459,2.097485622509997,898.491270674036,917.3513392996281,2.7052704831387135,914.6460688164893,900.5887562965459,917.3513392996281
777,901.1580204120341,2.5386629174364375,898.6193574945977,918.8101282931389,1.7458206136175927,917.0643076795212,901.1580204120341,918.8101282931389
778,900.2469454512317,1.9241876491206757,898.322757802111,920.7712646443794,3.063859391719737,917.7074052526596,900.2469454512317,920.7712646443794
779,900.4757209984546,2.2189305126667023,898.2567904857879,918.3578258727459,1.5922216506714517,916.7656042220744,900.4757209984546,918.3578258727459
780,899.9486577368164,2.304747227341571,897.6439105094747,918.202351691875,1.9573072271144136,916.2450444647607,899.9486577368164,918.202351691875
781,900.4820212151142,2.2647841078169804,898.2172371072973,917.6449670791626,1.35191521746047,916.2930518617021,900.4820212151142,917.6449670791626
782,900.9340501814446,2.0334738537352135,898.9005763277095,918.5122264091004,1.9853086065738759,916.5269178025266,900.9340501814446,918.5122264091004
783,899.8668939358694,2.3527558561652264,897.5141380797041,920.2063692681332,2.6281819343566895,917.5781873337766,899.8668939358694,920.2063692681332
784,900.5592445477527,2.0477881190624645,898.5114564286902,919.5985915001403,2.421563574608336,917.1770279255319,900.5592445477527,919.5985915001403
785,899.61906849799,2.1550441774282048,897.4640243205619,918.8171389813119,2.0397536754608154,916.7773853058511,899.61906849799,918.8171389813119
786,900.1971910971594,2.2039439229572073,897.9932471742021,919.3396519194258,1.8556613110481424,917.4839906083777,900.1971910971594,919.3396519194258
787,900.538917211776,2.185844416313983,898.3530727954621,920.3850949165669,1.966939165237102,918.4181557513298,900.538917211776,920.3850949165669
788,900.0186909294509,2.3903288013757544,897.6283621280751,919.4823618594636,2.354369838187035,917.1279920212766,900.0186909294509,919.4823618594636
789,899.5597093511135,2.209068871558981,897.3506404795545,919.234967911497,1.5364140551140968,917.698553856383,899.5597093511135,919.234967911497
790,900.0258318582114,2.5282161251661623,897.4976157330452,918.2373380610284,1.7974693775177002,916.4398686835107,900.0258318582114,918.2373380610284
791,899.4958392907964,2.2060170978941818,897.2898221929023,919.8851139190349,1.6687326025455556,918.2163813164893,899.4958392907964,919.8851139190349
792,899.8540881094622,2.0140729415765466,897.8400151678857,918.4654648963441,3.0742581144292305,915.3912067819149,899.8540881094622,918.4654648963441
793,899.3950352180511,2.298890562133586,897.0961446559176,919.402767729252,1.8789666155551343,917.5238011136968,899.3950352180511,919.402767729252
794,900.156628266928,2.484024740914081,897.672603526014,920.7665962158366,2.221923675942928,918.5446725398937,900.156628266928,920.7665962158366
795,899.9423117485452,2.4196157607626407,897.5226959877825,919.5476304115133,2.746838772550542,916.8007916389628,899.9423117485452,919.5476304115133
796,898.8923132693831,2.01229799760783,896.8800152717753,919.3248998357894,2.2162728411086063,917.1086269946809,898.8923132693831,919.3248998357894
797,899.7718203632121,2.3941646846050912,897.3776556786071,917.9876322239003,2.1118322737673494,915.875799950133,899.7718203632121,917.9876322239003
798,899.3894911442507,2.517358497974086,896.8721326462766,919.175560717887,1.464353104855152,917.7112076130319,899.3894911442507,919.175560717887
799,899.5197037972034,2.158423721156222,897.3612800760473,917.7314440747525,2.1194302782099297,915.6120137965426,899.5197037972034,917.7314440747525
800,899.2480187558747,2.4322046767523946,896.8158140791223,917.3385374774324,1.3860565931239026,915.9524808843086,899.2480187558747,917.3385374774324
801,899.7442262378779,2.165005202306078,897.5792210355718,918.3610266827523,2.0464073343479887,916.3146193484042,899.7442262378779,918.3610266827523
802,899.2839387512588,2.3033790978345463,896.9805596534242,917.1628634168746,2.239149570465088,914.9237138464096,899.2839387512588,917.1628634168746
803,898.7627196518031,2.1967289603136955,896.5659906914893,918.0445686198295,1.6531436696965645,916.391424950133,898.7627196518031,918.0445686198295
804,899.557014961509,2.57025179869317,896.9867631628158,917.9498180429986,1.7666502404720226,916.1831678025266,899.557014961509,917.9498180429986
805,899.4130637183627,2.526216404948463,896.8868473134143,917.821057684878,2.232491777298298,915.5885659075798,899.4130637183627,917.821057684878
806,899.3702195977911,2.403569466890173,896.9666501309009,919.7556768782596,2.580342353658473,917.1753345246011,899.3702195977911,919.7556768782596
807,898.4269297554138,2.3031946116305413,896.1237351437833,918.3719970419052,2.489693601080712,915.8823034408244,898.4269297554138,918.3719970419052
808,898.6246716795449,2.524050679295621,896.1006210002494,917.3571503923295,2.1205105984464603,915.236639793883,898.6246716795449,917.3571503923295
809,899.1176518425345,2.5083054121821484,896.6093464303524,918.2625053081107,2.3557150820468333,915.9067902260638,899.1176518425345,918.2625053081107
810,898.5602081005877,2.323751412173535,896.2364566884143,916.6903603330571,1.594677985982692,915.0956823470744,898.5602081005877,916.6903603330571
811,898.244827072909,2.1283590085804462,896.1164680643285,916.3744836462305,1.8591703151134735,914.515313331117,898.244827072909,916.3744836462305
812,898.6299461811146,2.347419637314817,896.2825265437999,917.5299425886033,1.693745364534094,915.8361972240691,898.6299461811146,917.5299425886033
813,897.5586848937451,2.1638211969365466,895.3948636968086,917.1234369480864,2.1841812133789062,914.9392557347074,897.5586848937451,917.1234369480864
814,898.1689605059776,2.0877214143884943,896.081239091589,916.7794314242424,1.7152588012370658,915.0641726230053,898.1689605059776,916.7794314242424
815,897.8324372297589,1.9624265291272325,895.8700107006316,918.6392827541271,2.6150660819195686,916.0242166722074,897.8324372297589,918.6392827541271
816,897.582302177206,2.149388904267169,895.4329132729388,917.154344152897,1.9478323510352602,915.2065118018617,897.582302177206,917.154344152897
817,897.9619992348424,2.243911531218823,895.7180877036237,916.6475308600892,2.0095654345573264,914.6379654255319,897.9619992348424,916.6475308600892
818,897.4828288215906,1.9993485710088243,895.4834802505818,916.6189335660731,2.5326012854880475,914.0863322805851,897.4828288215906,916.6189335660731
819,897.4977019597242,2.3300565661902124,895.1676453935339,913.6627594359378,2.161460815592015,911.5012986203458,897.4977019597242,913.6627594359378
820,897.3389856744003,2.027410292086449,895.3115753823138,917.783604261723,2.5095226460314812,915.2740816156914,897.3389856744003,917.783604261723
821,896.9086435299288,2.087553156341644,894.8210903735871,916.6497183048979,1.9807522144723446,914.6689660904256,896.9086435299288,916.6497183048979
822,897.2076253023871,2.2347716620944915,894.9728536402926,915.7243341486504,3.0014389525068568,912.7228951961437,897.2076253023871,915.7243341486504
823,897.4121562596014,2.527423100110064,894.8847331594914,917.0153574436268,2.4907771577226354,914.5245802859042,897.4121562596014,917.0153574436268
824,896.8637650234903,2.0843317933539125,894.7794332301363,914.965013991011,2.041933871330099,912.9230801196809,896.8637650234903,914.965013991011
825,897.3530586880255,2.134268430794807,895.2187902572307,914.9313236208673,1.7444157917448815,913.1869078291223,897.3530586880255,914.9313236208673
826,897.9244082514593,2.2708528886767145,895.6535553627825,914.676454369058,1.6645174508399152,913.0119369182181,897.9244082514593,914.676454369058
827,896.9524827444966,2.2493278762286013,894.7031548682679,914.381190142733,1.8054338262436238,912.5757563164893,896.9524827444966,914.381190142733
828,897.6026182263455,1.9688213721234749,895.633796854222,915.0103564363845,1.8953090627142724,913.1150473736702,897.6026182263455,915.0103564363845
829,897.0761109787098,2.2000409155449967,894.8760700631649,914.7150271902693,1.8239242979820738,912.8911028922872,897.0761109787098,914.7150271902693
830,896.1402365865702,1.78531585435601,894.354920732214,915.6943440741682,2.10250564331704,913.5918384308511,896.1402365865702,915.6943440741682
831,897.3016044481637,2.2168707692242684,895.0847336789395,915.9766647663522,1.7980784964054188,914.1785862699468,897.3016044481637,915.9766647663522
832,896.725145506732,2.46794855277589,894.2571969539562,914.1894489342862,1.5549222554298157,912.6345266788563,896.725145506732,914.1894489342862
833,896.5920354628817,2.2486464793377734,894.3433889835438,914.334970611207,1.423484573972986,912.911486037234,896.5920354628817,914.334970611207
834,895.9213958932681,2.065858316389804,893.8555375768783,915.606674215895,1.3583676168259153,914.2483065990691,895.9213958932681,915.606674215895
835,896.8870347428353,2.3177338680846895,894.5693008747506,915.2146753250285,2.355497715320993,912.8591776097074,896.8870347428353,915.2146753250285
836,895.9052092994148,2.1486291901228274,893.7565801092919,915.3829082732505,2.1483151050324136,913.2345931682181,895.9052092994148,915.3829082732505
837,896.4997945662509,2.2197224149044525,894.2800721513464,916.2798521569434,1.244301126358357,915.0355510305851,896.4997945662509,916.2798521569434
838,895.9901859446409,2.226621855129587,893.7635640895113,916.8541691151071,2.069366089841153,914.784803025266,895.9901859446409,916.8541691151071
839,896.0955925288195,2.096914524331372,893.998678004488,914.6585953134171,1.468092903177789,913.1905024102393,896.0955925288195,914.6585953134171
840,895.7699949354568,2.129759521560466,893.6402354138962,913.3062388237487,2.4766697579241814,910.8295690658244,895.7699949354568,913.3062388237487
841,895.97113930862,2.144984315684501,893.8261549929355,914.406327125874,2.160877491565461,912.2454496343086,895.97113930862,914.406327125874
842,895.1859453440981,1.997275287166555,893.1886700569315,912.5705200256185,1.330711598091937,911.2398084275266,895.1859453440981,912.5705200256185
843,896.1210840988032,2.209211072706162,893.911873026097,915.5511246539177,1.6870434537846992,913.864081200133,896.1210840988032,915.5511246539177
844,896.1442944586594,2.3933088058169854,893.7509856528425,914.2994804991052,2.1091754791584423,912.1903050199468,896.1442944586594,914.2994804991052
845,895.7607165953898,2.3310810402035713,893.4296355551862,913.5354638809854,1.5652178703470434,911.9702460106383,895.7607165953898,913.5354638809854
846,895.583409707597,2.137463480868238,893.4459462267288,915.508648304229,2.4960153255056827,913.0126329787234,895.583409707597,915.508648304229
847,895.2985899161469,2.0357868181581193,893.2628030979887,916.5242766598437,1.6521440135671737,914.8721326462766,895.2985899161469,916.5242766598437
848,894.8992747214246,2.086044896790322,892.8132298246343,915.1004927411992,1.5640170929279733,913.5364756482712,894.8992747214246,915.1004927411992
849,895.8805195007552,1.930285229644877,893.9502342711104,912.290265428259,0.8050073664239112,911.4852580618351,895.8805195007552,912.290265428259
850,894.5272899206649,2.2788716402459652,892.2484182804188,915.077248020375,2.4932948122633265,912.5839532081117,894.5272899206649,915.077248020375
851,895.5458585612,2.067023475594977,893.478835085605,915.4699614403096,2.812797211586161,912.6571642287234,895.5458585612,915.4699614403096
852,894.8900654848586,2.511224165875861,892.3788413189827,913.1879294831703,1.5037227843670136,911.6842066988032,894.8900654848586,913.1879294831703
853,895.3057348709157,2.270721469153749,893.035013401762,912.9217927709539,1.2846169065921864,911.6371758643617,895.3057348709157,912.9217927709539
854,894.125115012869,2.2221544182046933,891.9029605946643,914.8307095943613,1.4324383177655808,913.3982712765958,894.125115012869,914.8307095943613
855,895.1593479070258,2.243851730164061,892.9154961768617,913.4364444448593,2.1292843717209835,911.3071600731383,895.1593479070258,913.4364444448593
856,894.8863865441465,2.2984400784715695,892.5879464656749,913.8683407763217,1.4299473255238635,912.4383934507979,894.8863865441465,913.8683407763217
857,895.5711353823859,2.3470974003380918,893.2240379820479,913.6367080363822,1.9958440902385306,911.6408639461437,895.5711353823859,913.6367080363822
858,895.0979486656316,2.2852279001728015,892.8127207654587,915.3361498548629,1.2942303901023053,914.0419194647607,895.0979486656316,915.3361498548629
859,894.9288738564925,2.593424637742499,892.33544921875,913.7926008777415,2.079918031996869,911.7126828457447,894.9288738564925,913.7926008777415
860,894.4910113037901,2.0610497948971203,892.4299615088929,914.0468499914128,1.3374708358277665,912.7093791555851,894.4910113037901,914.0468499914128
861,894.8507404646816,2.3248394818857627,892.5259009827959,913.3704172220636,2.552379904909337,910.8180373171542,894.8507404646816,913.3704172220636
862,894.0122681577155,1.8462135741051207,892.1660545836104,911.1441636947875,1.4101730864098732,909.7339906083777,894.0122681577155,911.1441636947875
863,894.2426824802731,2.062322294933999,892.180360185339,912.3765879286096,1.7560863494873047,910.6205015791223,894.2426824802731,912.3765879286096
864,893.5769971973718,1.819128856696981,891.7578683406749,911.675514873038,1.3981087892613513,910.2774060837766,893.5769971973718,911.675514873038
865,894.6793200969696,2.602622280729578,892.07669781624,911.680894902412,1.80527156464597,909.875623337766,894.6793200969696,911.680894902412
866,894.1052217376517,2.064216501614515,892.0410052360372,914.8929980054814,2.3771860041516892,912.5158120013298,894.1052217376517,914.8929980054814
867,894.2604894600016,2.1038485752775316,892.1566408847241,912.5783147710434,1.4557457883307274,911.1225689827128,894.2604894600016,912.5783147710434
868,894.2468104663682,2.3148724573089723,891.9319380090592,914.1626162630447,2.864556921289322,911.2980593417553,894.2468104663682,914.1626162630447
869,894.2298751476598,2.4820373505353928,891.7478377971244,910.4724679957045,1.3122078560768289,909.1602601396277,894.2298751476598,910.4724679957045
870,893.9822980644221,2.0336169432452382,891.9486811211768,911.0428846541871,1.79764279913395,909.2452418550532,893.9822980644221,911.0428846541871
871,894.1318616590443,2.0832244312351054,892.0486372278092,912.576651710145,1.8484581429907616,910.7281935671542,894.1318616590443,912.576651710145
872,893.0265080710833,1.8894231101458376,891.1370849609375,911.918259458339,1.7343020946421521,910.1839573636968,893.0265080710833,911.918259458339
873,893.9342197251129,2.434657360169482,891.4995623649435,912.424548839001,1.4439761993732858,910.9805726396277,893.9342197251129,912.424548839001
874,893.2551402059642,2.104195070076496,891.1509451358876,912.4761765256841,2.061719245099007,910.4144572805851,893.2551402059642,912.4761765256841
875,892.8492779456317,2.1475385735405887,890.7017393720911,913.0703652792788,1.4163073504224737,911.6540579288563,892.8492779456317,913.0703652792788
876,893.5792273511278,2.430662586333904,891.1485647647938,911.334963068049,1.5293821172511324,909.8055809507979,893.5792273511278,911.334963068049
877,893.8355772831338,2.04216959945699,891.7934076836768,910.678287688722,2.1096997565411506,908.5685879321809,893.8355772831338,910.678287688722
878,892.6802694223662,2.123588540135546,890.5566808822307,911.0886779744575,2.3466359199361597,908.7420420545212,892.6802694223662,911.0886779744575
879,892.6949022558141,2.2831344179650572,890.4117678378491,911.6624560964868,2.6414392248113105,909.0210168716756,892.6949022558141,911.6624560964868
880,893.0923289694684,2.154283548923249,890.9380454205452,911.3553072518491,1.7924851940033284,909.5628220578458,893.0923289694684,911.3553072518491
881,892.4488749280572,2.2002748407899064,890.2486000872673,911.7530569421484,1.6485024208718158,910.1045545212766,892.4488749280572,911.7530569421484
882,893.2204023618648,2.004898912729101,891.2155034491357,911.4754501758738,1.605717379996117,909.8697327958777,893.2204023618648,911.4754501758738
883,892.0994427857247,1.9204786172572603,890.1789641684675,909.9789897431718,2.1003224393154714,907.8786673038563,892.0994427857247,909.9789897431718
884,892.2723723754603,2.2626716814776686,890.0097006939827,911.2540094497356,2.3983848652941115,908.8556245844414,892.2723723754603,911.2540094497356
885,892.9207568726641,2.241194040217298,890.6795628324468,912.883772383345,2.4504279684513173,910.4333444148937,892.9207568726641,912.883772383345
886,893.463302676982,2.4803210966130522,890.982981580369,910.730264420205,1.8375304607634848,908.8927339594414,893.463302676982,910.730264420205
887,892.0121214028369,2.0274788870456373,889.9846425157913,909.4217295849577,1.8090924506491803,907.6126371343086,892.0121214028369,909.4217295849577
888,892.0485177017907,2.0233686201749963,890.0251490816157,910.5811579886903,1.134972815817975,909.4461851728723,892.0485177017907,910.5811579886903
889,892.3603112108689,2.1693607766101968,890.1909504342586,909.3885366054292,1.0784260668653123,908.3101105385638,892.3603112108689,909.3885366054292
890,892.901744309258,2.3906320149594165,890.5111122942985,912.1402703650455,1.8783750026784045,910.261895362367,892.901744309258,912.1402703650455
891,892.310348378217,1.973610928083988,890.336737450133,909.7666624150378,1.9242629801973383,907.8423994348404,892.310348378217,909.7666624150378
892,892.9261391646368,2.189933109949244,890.7362060546875,911.3304021510672,2.0946558079821,909.2357463430851,892.9261391646368,911.3304021510672
893,891.4944604371298,2.0409926013585102,889.4534678357712,910.848000607592,1.7727637392409303,909.0752368683511,891.4944604371298,910.848000607592
894,892.253535243425,1.900540365183607,890.3529948782414,910.8414365788724,1.6207022869840582,909.2207342918883,892.253535243425,910.8414365788724
895,892.1007448266002,2.220565928661443,889.8801788979388,911.651835948863,2.1478465871608003,909.5039893617021,892.1007448266002,911.651835948863
896,891.5859857623248,2.1879651194557233,889.398020642869,911.6822485416493,1.8417295090695645,909.8405190325798,891.5859857623248,911.6822485416493
897,892.3757667785629,2.012547862339527,890.3632189162234,910.7444844854639,1.452793577884106,909.2916909075798,892.3757667785629,910.7444844854639
898,891.4960183368084,1.9399127433908747,889.5561055934176,909.4912754626985,1.5406126468739612,907.9506628158244,891.4960183368084,909.4912754626985
899,891.596730723026,2.0538320985246212,889.5428986245013,910.9832566951184,1.1891867150651647,909.7940699800532,891.596730723026,910.9832566951184
900,891.2474210834566,1.8590115297664986,889.3884095536902,910.4476026169797,1.3924580026180187,909.0551446143617,891.2474210834566,910.4476026169797
901,891.5230236575007,2.2732340339967547,889.249789623504,909.3488523807931,1.3920392990112305,907.9568130817819,891.5230236575007,909.3488523807931
902,891.3989691356237,2.2280031698656844,889.170965965758,908.037638349736,1.2851242207466287,906.7525141289893,891.3989691356237,908.037638349736
903,891.4412707909942,2.2921619042754173,889.1491088867188,912.2440694849541,1.9997106917360996,910.2443587932181,891.4412707909942,912.2440694849541
904,890.8843039886115,1.9472351305662317,888.9370688580452,908.3739363589185,1.0730200524025775,907.300916306516,890.8843039886115,908.3739363589185
905,890.6437683452634,1.736318420063942,888.9074499251994,908.6723541604712,1.2430510520935059,907.4293031083777,890.6437683452634,908.6723541604712
906,890.6160069900624,2.078127533197403,888.537879456865,909.4097309695914,2.034886804032833,907.3748441655586,890.6160069900624,909.4097309695914
907,891.0742477788887,2.122612296425282,888.9516354824634,911.6723274677357,1.497626669863437,910.1747007978723,891.0742477788887,911.6723274677357
908,891.1681466283317,2.1370966158648756,889.0310500124667,909.9427936026391,1.6006642808305456,908.3421293218086,891.1681466283317,909.9427936026391
909,891.4040916530375,2.1609107084730836,889.2431809445645,908.0504492698832,1.5483922552555165,906.5020570146277,891.4040916530375,908.0504492698832
910,890.6772872954607,1.9999723748323766,888.6773149206283,908.1269963396356,1.40384141942288,906.7231549202128,890.6772872954607,908.1269963396356
911,891.2090089165783,2.187327151285841,889.0216817652926,905.917735282411,1.5615704719056474,904.3561648105053,891.2090089165783,905.917735282411
912,890.7598621995842,1.7679629933009757,888.9918992062833,909.3023288097787,1.096315678129805,908.2060131316489,890.7598621995842,909.3023288097787
913,889.9220305865115,1.9216617783333392,888.0003688081782,909.0506952823476,1.137276898039148,907.9134183843086,889.9220305865115,909.0506952823476
914,890.6428356891934,2.0212458662213164,888.621589822972,910.2260321759163,1.630723831501413,908.5953083444149,890.6428356891934,910.2260321759163
915,890.3730029451086,1.9148237147229783,888.4581792303857,909.3343899402213,1.4443467221361526,907.8900432180851,890.3730029451086,909.3343899402213
916,890.3670657663903,2.1327115443158657,888.2343542220744,911.142316037036,1.245561549004088,909.8967544880319,890.3670657663903,911.142316037036
917,889.817023927544,1.8566539246351161,887.9603700029089,909.6697247180533,1.3395530923883965,908.3301716256649,889.817023927544,909.6697247180533
918,890.4358279495797,1.926376590703396,888.5094513588763,907.2238675355911,1.4110974225592106,905.8127701130319,890.4358279495797,907.2238675355911
919,889.8745952052005,2.0277129329265433,887.8468822722739,907.8828214280148,2.2073622358606215,905.6754591921542,889.8745952052005,907.8828214280148
920,889.5377661934558,1.943909706587487,887.5938564868684,907.4808053057244,1.6630381016021079,905.8177672041223,889.5377661934558,907.4808053057244
921,889.3996282907876,1.860516443214518,887.5391118475732,907.8536580268373,1.550705483619203,906.3029525432181,889.3996282907876,907.8536580268373
922,889.6164174774226,2.292219505348104,887.3241979720744,910.0948939754608,2.0152002420831234,908.0796937333777,889.6164174774226,910.0948939754608
923,890.7853924438674,2.3834434744525463,888.4019489694149,910.0676851069674,2.045442337685443,908.0222427692819,890.7853924438674,910.0676851069674
924,889.3733973302582,2.0228230803412326,887.3505742499169,906.4937802857542,1.1666630151424002,905.3271172706117,889.3733973302582,906.4937802857542
925,889.5452345434101,1.973992231242517,887.5712423121676,908.4936618424476,1.336954728085944,907.1567071143617,889.5452345434101,908.4936618424476
926,888.6724292613725,1.7059388607740402,886.9664904005984,907.3913031638937,2.519004294212828,904.8722988696809,888.6724292613725,907.3913031638937
927,889.6067309423172,1.8923767721874918,887.7143541701297,907.5599488806217,1.4603810614727912,906.0995678191489,889.6067309423172,907.5599488806217
928,889.2694321230371,1.5644994435158182,887.7049326795212,908.2098413223916,1.7952074294394635,906.4146338929521,889.2694321230371,908.2098413223916
929,889.3909538010968,1.6436549314159028,887.7472988696809,906.9038332929002,1.3541221060651414,905.5497111868351,889.3909538010968,906.9038332929002
930,889.0415062359039,2.2200756237861956,886.8214306121176,906.7264712313388,1.3908454002218043,905.335625831117,889.0415062359039,906.7264712313388
931,889.3531683214168,1.962635523461281,887.3905327979554,906.7058299500892,1.2877780883870227,905.4180518617021,889.3531683214168,906.7058299500892
932,889.8966511285051,2.013690585785724,887.8829605427194,906.8118941022994,1.7644788762356372,905.0474152260638,889.8966511285051,906.8118941022994
933,889.0056121789236,2.125511198205517,886.8801009807181,908.6294883971518,1.3223698798646317,907.3071185172872,889.0056121789236,908.6294883971518
934,888.4046939386333,2.2007300298898778,886.2039639087434,906.3994917913955,0.9394061863422394,905.4600856050532,888.4046939386333,906.3994917913955
935,888.8653261192302,1.9344529788544838,886.9308731403756,907.8503190202916,1.880665180530954,905.9696538397607,888.8653261192302,907.8503190202916
936,889.2205326690319,2.1239205097898526,887.096612159242,909.7126341982091,2.93103097347503,906.781603224734,889.2205326690319,909.7126341982091
937,888.9125113924767,2.1364247069713915,886.7760866855053,907.4141977797163,1.8055188402216484,905.6086789394947,888.9125113924767,907.4141977797163
938,889.2773015572036,2.2888631741417216,886.9884383830619,905.3898171719085,1.918241374036099,903.4715757978723,889.2773015572036,905.3898171719085
939,888.2528271865338,2.0920800642764315,886.1607471222574,908.3320224919217,1.827586404820706,906.5044360871011,888.2528271865338,908.3320224919217
940,888.1134103524716,1.9266453715873526,886.1867649808843,906.191403064322,1.3204028149868579,904.8710002493351,888.1134103524716,906.191403064322
941,888.5760241058913,1.9258373642855502,886.6501867416057,905.7247721628939,1.4692660126280277,904.255506150266,888.5760241058913,905.7247721628939
942,887.9202274787933,1.7444968749868108,886.1757306038065,907.201066301224,1.7083905199740796,905.49267578125,887.9202274787933,907.201066301224
943,888.2638240948795,2.0996408231873462,886.1641832716922,905.7388527951342,1.1668053383522845,904.5720474567819,888.2638240948795,905.7388527951342
944,888.8849821471154,2.0675110284318317,886.8174711186836,907.0019780245233,1.789554902847777,905.2124231216756,888.8849821471154,907.0019780245233
945,889.0265742495973,1.8635454513925187,887.1630287982048,907.1791821337761,1.0085018644941615,906.1706802692819,889.0265742495973,907.1791821337761
946,887.837847365978,1.7135343361408153,886.1243130298371,904.8750716498557,1.0398717662121386,903.8351998836437,887.837847365978,904.8750716498557
947,888.9479244075557,2.1380411275523774,886.8098832800033,905.5954956982998,1.6085338465710903,903.9869618517288,888.9479244075557,905.5954956982998
948,888.7001577454045,2.2260418461358293,886.4741158992687,908.6073113908159,1.3843226940073865,907.2229886968086,888.7001577454045,908.6073113908159
949,888.3867899886471,1.872594769647781,886.5141952189994,907.3516252193045,1.6938584307406812,905.6577667885638,888.3867899886471,907.3516252193045
950,887.5399078454901,1.777072281992816,885.7628355634973,907.809653312602,1.5813454668572609,906.2283078457447,887.5399078454901,907.809653312602
951,887.4746747872931,1.9704529725490731,885.504221814744,905.5177179904695,1.0702549751768722,904.4474630152926,887.4746747872931,905.5177179904695
952,887.2773548488287,1.911578949144546,885.3657758996842,905.3297075540462,0.9579073545780588,904.3718001994681,887.2773548488287,905.3297075540462
953,886.9010251145413,2.148951217849204,884.7520738966922,907.0657907141016,1.7993553750058437,905.2664353390958,886.9010251145413,907.0657907141016
954,887.7467356159332,1.8428127435927695,885.9039228723404,905.4746059661215,2.08851055388755,903.386095412234,887.7467356159332,905.4746059661215
955,887.7130054864795,2.2519731871942255,885.4610322992852,903.4979546881736,1.8799672380406807,901.617987450133,887.7130054864795,903.4979546881736
956,887.4216497416826,2.2041918689266162,885.217457872756,906.5674571585148,1.9239855827169214,904.6434715757979,887.4216497416826,906.5674571585148
957,887.9627455717864,2.016704545772456,885.946041026014,906.6196408804427,1.6590773831022547,904.9605634973404,887.9627455717864,906.6196408804427
958,887.731174136413,2.1912883111137025,885.5398858252992,906.581073862441,1.2652493943559362,905.3158244680851,887.731174136413,906.581073862441
959,887.6744885763272,2.2120031208751048,885.4624854554521,903.9083552867809,1.0616340434297602,902.8467212433511,887.6744885763272,903.9083552867809
960,886.801371713585,2.01173911925326,884.7896325943318,903.5895078943131,1.1816060492332945,902.4079018450798,886.801371713585,903.5895078943131
961,886.8549007678286,1.857173353433609,884.997727414395,905.0695053973096,1.1799712384000738,903.8895341589096,886.8549007678286,905.0695053973096
962,887.3216659315723,2.222409781306348,885.099256150266,904.606699953688,1.9868736571453987,902.6198262965426,887.3216659315723,904.606699953688
963,887.1588765829405,2.1697590214378657,884.9891175615027,903.3742973753747,1.9562455136725243,901.4180518617021,887.1588765829405,903.3742973753747
964,886.7619991533934,1.9265187677550824,884.8354803856383,905.534020464471,1.9743358733806204,903.5596845910904,886.7619991533934,905.534020464471
965,886.7475909530482,1.8873952249897288,884.8601957280586,901.4739276627276,0.956245648100021,900.5176820146277,886.7475909530482,901.4739276627276
966,885.9438507978587,2.028593567140559,883.9152572307181,905.754592489689,1.5272196505932099,904.2273728390958,885.9438507978587,905.754592489689
967,886.1526679292004,1.7734928647888468,884.3791750644116,905.8465070014304,1.2262443684517068,904.6202626329788,886.1526679292004,905.8465070014304
968,887.0129168238094,1.9533465113094512,885.0595703125,905.0664181379561,1.8031306545785133,903.2632874833777,887.0129168238094,905.0664181379561
969,886.2195065646096,1.9546776188814894,884.264828945728,905.2302728891373,1.4693229223819488,903.7609499667553,886.2195065646096,905.2302728891373
970,885.6583578383669,1.8395010917744739,883.8188567465925,905.425597343039,1.5905740717624097,903.8350232712766,885.6583578383669,905.425597343039
971,886.7173528417628,2.0307307091165097,884.6866221326462,903.9617945995736,1.866320031754514,902.0954745678191,886.7173528417628,903.9617945995736
972,886.8662288767543,2.2499724875422236,884.6162563892121,904.2221693485341,1.5280204123639045,902.6941489361702,886.8662288767543,904.2221693485341
973,885.9686382561922,1.926230510181569,884.0424077460107,906.1853930239981,1.8130837653545624,904.3723092586437,885.9686382561922,906.1853930239981
974,885.758197244336,1.9859531764337357,883.7722440679023,903.6215537050937,1.4608052842160488,902.1607484208777,885.758197244336,903.6215537050937
975,886.3514245108087,2.0253941854263875,884.3260303253824,903.3726574613693,1.6548840238692912,901.7177734375,886.3514245108087,903.3726574613693
976,885.4879533759457,1.8632494613845298,883.6247039145612,902.6192320762797,1.1216215377158307,901.4976105385638,885.4879533759457,902.6192320762797
977,885.1178584566459,1.768011434122603,883.3498470225232,906.0298003617753,1.2275542680253373,904.80224609375,885.1178584566459,906.0298003617753
978,885.9749711296977,1.9075142958379807,884.0674568338598,905.2270424010906,2.039438511462922,903.1876038896277,885.9749711296977,905.2270424010906
979,885.3772058540836,2.034188275958629,883.343017578125,903.5546143612963,0.950807845338862,902.6038065159574,885.3772058540836,903.5546143612963
980,885.4610009030935,1.7523775445495515,883.7086233585438,904.6590382291915,1.292775346877727,903.3662628823138,885.4610009030935,904.6590382291915
981,885.6296176710662,1.9977271915116208,883.6318904795545,905.8674524895688,2.2340374297284065,903.6334150598404,885.6296176710662,905.8674524895688
982,886.0002425049847,1.9770829097387639,884.023159595246,902.2221385063009,1.1631603646785655,901.0589781416223,886.0002425049847,902.2221385063009
983,884.7128598515658,1.6943493171575221,883.0185105344083,904.2317032712571,1.1137781549007335,903.1179251163563,884.7128598515658,904.2317032712571
984,884.9536227831181,1.9974239487597283,882.9561988343584,902.1724944926323,1.530290370291852,900.6422041223404,884.9536227831181,902.1724944926323
985,884.8644851152884,1.8498600529546434,883.0146250623337,902.8408463445115,1.2330192999636873,901.6078270445479,884.8644851152884,902.8408463445115
986,885.0183923407754,1.7784540512143296,883.2399382895612,901.9921739963775,1.0940273873349453,900.8981466090426,885.0183923407754,901.9921739963775
987,884.9108062971462,1.6485888769334935,883.2622174202128,902.631080073245,1.4266772308248155,901.2044028424202,884.9108062971462,902.631080073245
988,884.292458408215,1.7227770377029763,882.569681370512,904.4675422424966,2.1021312551295503,902.365410987367,884.292458408215,904.4675422424966
989,885.3866665112845,2.1167106124314854,883.269955898853,901.7927091679675,1.482494739775962,900.3102144281914,885.3866665112845,901.7927091679675
990,884.9112883070682,2.092409483929898,882.8188788231383,903.5228624343872,1.5639819490148665,901.9588804853723,884.9112883070682,903.5228624343872
991,885.0744354800975,2.039471425908677,883.0349640541888,902.0316550883841,1.7474650119213349,900.2841900764628,885.0744354800975,902.0316550883841
992,885.0769308367942,2.1188230305276017,882.9581078062666,901.6324757413661,1.4322700399033568,900.2002057014628,885.0769308367942,901.6324757413661
993,884.7612800160621,1.8550923498387033,882.9061876662234,904.8740745579943,1.1379749901751255,903.7360995678191,884.7612800160621,904.8740745579943
994,884.2949944277235,1.7905271737340918,882.5044672539893,901.0152009294388,1.8252075783749844,899.1899933510638,884.2949944277235,901.0152009294388
995,885.2605673781735,2.166569341687446,883.093998036486,903.1816786299361,1.7748572369839282,901.4068213929521,885.2605673781735,903.1816786299361
996,884.7038588181455,2.0255348695085402,882.678323948637,904.0235976767033,1.8017309878734833,902.2218666888298,884.7038588181455,904.0235976767033
997,884.0422979138316,1.9233962349752163,882.1189016788563,901.3306838908094,1.4944762777774891,899.8362076130319,884.0422979138316,901.3306838908094
998,884.6779878960645,1.8590753087972074,882.8189125872673,902.2556732055989,0.6943575473541909,901.5613156582447,884.6779878960645,902.2556732055989
999,884.2451238391247,1.6939945588720606,882.5511292802527,901.7143156515791,1.1908365957280422,900.5234790558511,884.2451238391247,901.7143156515791
1000,884.4739136208403,1.7265433270404948,882.7473702937999,901.7453091436244,0.7452364208850455,901.0000727227393,884.4739136208403,901.7453091436244
1001,883.5751243284408,2.0948023225398775,881.4803220059009,902.1425627444653,1.901611531034429,900.2409512134309,883.5751243284408,902.1425627444653
1002,883.532743615673,1.8253033002640338,881.7074403154089,901.2105964396862,0.7251409875585678,900.4854554521277,883.532743615673,901.2105964396862
1003,884.7441707710002,2.1742075998732386,882.569963171127,904.064724100397,2.2539278902906053,901.8107962101063,884.7441707710002,904.064724100397
1004,884.2456737262138,1.8844520880820903,882.3612216381316,901.0811255079635,1.5941324893464432,899.486993018617,884.2456737262138,901.0811255079635
1005,882.7499837187377,1.6453162174909672,881.1046675012467,902.3370418650039,0.8793041655357848,901.4577376994681,882.7499837187377,902.3370418650039
1006,883.0250353044335,1.549519492432158,881.4755158120013,902.0679332011557,0.8468664624589555,901.2210667386968,883.0250353044335,902.0679332011557
1007,883.2326741404039,1.7931508899052093,881.4395232504987,901.81442531119,1.4714648723602295,900.3429604388298,883.2326741404039,901.81442531119
1008,883.4798598724635,1.8739612791290943,881.6058985933345,902.4341831359458,1.9323235116106399,900.5018596243351,883.4798598724635,902.4341831359458
1009,882.882923162681,1.7199930596224806,881.1629301030586,902.9716683448629,2.4517111473895135,900.5199571974734,882.882923162681,902.9716683448629
1010,883.7082069956875,1.9359642264056713,881.7722427692819,900.2999367511019,1.4178722564210282,898.8820644946809,883.7082069956875,900.2999367511019
1011,883.3914369534939,1.7968103847605117,881.5946265687334,902.865651769841,3.1768323715696942,899.6888193982712,883.3914369534939,902.865651769841
1012,883.5612052900995,2.152846330657918,881.4083589594414,901.9951777356736,1.4727167981736204,900.5224609375,883.5612052900995,901.9951777356736
1013,883.110509201488,1.8986379934593718,881.2118712080286,901.5807295657219,1.6205712379293238,899.9601583277926,883.110509201488,901.5807295657219
1014,882.6243808161705,1.981298826476361,880.6430819896941,901.3509113224263,1.3943891316018207,899.9565221908244,882.6243808161705,901.3509113224263
1015,882.9889647634502,1.71967116097345,881.2692936024768,903.3824205297104,1.4420427870243153,901.9403777426862,882.9889647634502,903.3824205297104
1016,882.6329349699489,1.6162866571165146,881.0166483128324,901.5227376450883,2.179268147083039,899.3434694980053,882.6329349699489,901.5227376450883
1017,883.6812055542906,2.019485765394378,881.6617197888962,900.2627839788478,1.227160225523279,899.0356237533244,883.6812055542906,900.2627839788478
1018,883.0384401463448,2.0496797054371934,880.9887604409075,901.489247890229,1.4475569826491335,900.0416909075798,883.0384401463448,901.489247890229
1019,882.5870104146765,1.77888157076024,880.8081288439163,900.2130330078145,1.203298549702827,899.0097344581117,882.5870104146765,900.2130330078145
1020,882.8106278672498,1.8307370033035888,880.9798908639461,902.1817714711453,2.1795378441506243,900.0022336269947,882.8106278672498,902.1817714711453
1021,883.1798873413751,2.0537666320166688,881.1261207093584,902.3491311682031,1.3072948151446404,901.0418363530586,883.1798873413751,902.3491311682031
1022,882.7064478935555,1.8715324077675952,880.8349154857879,899.9866920887156,1.418956051481531,898.567736037234,882.7064478935555,899.9866920887156
1023,882.5593419284263,1.8718146573989949,880.6875272710273,900.9252334757055,1.2759856366096658,899.6492478390958,882.5593419284263,900.9252334757055
1024,882.7886219275125,2.2755642999359904,880.5130576275765,899.9888298765142,1.303386891141851,898.6854429853723,882.7886219275125,899.9888298765142
1025,881.3417699744409,1.5419484048764756,879.7998215695645,902.0245428896965,2.036053860441167,899.9884890292553,881.3417699744409,902.0245428896965
1026,882.5463127302046,1.7565346903940464,880.7897780398105,900.0956484967089,1.1528397367355672,898.9428087599734,882.5463127302046,900.0956484967089
1027,882.0679524689913,2.1961691515876893,879.8717833174036,899.4602934451814,1.1340176805536797,898.3262757646277,882.0679524689913,899.4602934451814
1028,881.556898048742,2.0455533014015947,879.5113447473404,902.5827190318006,1.493394729938913,901.0893243018617,881.556898048742,902.5827190318006
1029,881.1463354564411,1.8499604252741693,879.2963750311669,898.4631655672763,1.1299915313720703,897.3331740359042,881.1463354564411,898.4631655672763
1030,881.8588859136117,1.906984213977418,879.9519016996343,900.3540933893082,1.4431891339890501,898.9109042553191,881.8588859136117,900.3540933893082
1031,881.3639850036261,1.957846684975827,879.4061383186503,899.8347731397507,0.9179056198038953,898.9168675199468,881.3639850036261,899.8347731397507
1032,882.8640131352747,2.123173603193557,880.7408395320812,899.0426080784899,1.8408440326122528,897.2017640458777,882.8640131352747,899.0426080784899
1033,881.9622763557003,1.8586321672860613,880.1036441884143,899.2665422064193,1.2746975421905518,897.9918446642288,881.9622763557003,899.2665422064193
1034,881.3621122694396,1.9755844166304202,879.3865278528092,899.0638776890775,1.3528051325615416,897.711072556516,881.3621122694396,899.0638776890775
1035,881.1334271153554,1.903453139707129,879.2299739756482,899.7634797502071,1.0875114988773427,898.6759682513298,881.1334271153554,899.7634797502071
1036,881.7812314129019,1.8290297319676647,879.9522016809342,900.5552952670037,1.1268648314983287,899.4284304355053,881.7812314129019,900.5552952670037
1037,881.1828407854476,1.8110016273691298,879.3718391580785,899.7403580888789,0.9627442258469602,898.7776138630319,881.1828407854476,899.7403580888789
1038,881.1267790934666,1.5555588578448651,879.5712202356217,900.6271055505631,1.932468333142869,898.6946372174202,881.1267790934666,900.6271055505631
1039,881.6129430329546,1.8602276178116495,879.7527154151429,897.4888458454863,1.9687743694224256,895.5200714760638,881.6129430329546,897.4888458454863
1040,881.1304067943959,1.9005795628466504,879.2298272315492,898.6742414920888,1.8198324162909325,896.8544090757979,881.1304067943959,898.6742414920888
1041,880.5825323338838,1.8288377590001899,878.7536945748836,900.5922596302438,1.777785727318297,898.8144739029256,880.5825323338838,900.5922596302438
1042,880.0701349992702,1.7377154617867572,878.3324195374834,897.4869716268905,1.1659318994968495,896.3210397273937,880.0701349992702,897.4869716268905
1043,881.3128661326272,1.838694392683658,879.4741717399435,899.2613355251069,1.7083622039632593,897.5529733211437,881.3128661326272,899.2613355251069
1044,881.1695196836235,1.8002634814127962,879.3692562022107,900.3416070583019,1.316756659365715,899.0248503989362,881.1695196836235,900.3416070583019
1045,880.3018208297485,2.008985837644085,878.2928349921044,900.7470914150806,1.6688833033784907,899.0782081117021,880.3018208297485,900.7470914150806
1046,880.3433309100727,1.5655819905248094,878.7777489195479,900.2325492158849,1.1285556985976848,899.1039935172872,880.3433309100727,900.2325492158849
1047,881.0784988565014,1.9865344594767753,879.0919643970246,898.9576946116508,1.9014695451614705,897.0562250664893,881.0784988565014,898.9576946116508
1048,880.4528388561721,1.7790665718469214,878.6737722843251,899.7439354024035,1.6526995313928483,898.0912358710107,880.4528388561721,899.7439354024035
1049,880.9331568359061,1.638316773987831,879.2948400619182,900.5196646629496,2.1449243870187313,898.3747402759309,880.9331568359061,900.5196646629496
1050,880.2889616776337,1.722643733817212,878.5663179438164,895.8853522742048,1.2314917356409925,894.6538605385638,880.2889616776337,895.8853522742048
1051,880.1451048047302,1.6680592179615448,878.4770455867687,898.4840877411214,1.4845344665202689,896.9995532746011,880.1451048047302,898.4840877411214
1052,880.7998961494008,2.315735421757749,878.4841607276429,898.7804607431939,1.6367086654013776,897.1437520777926,880.7998961494008,898.7804607431939
1053,879.9555773716023,1.6820606557612723,878.2735167158411,901.5563420133387,1.6276934096153746,899.9286486037234,879.9555773716023,901.5563420133387
1054,879.6860488954377,1.6253319011723741,878.0607169942652,899.8892927575619,1.4544211651416534,898.4348715924202,879.6860488954377,899.8892927575619
1055,880.9250046225621,1.9394387877050867,878.9855658348571,898.0396373627034,1.9711533201501725,896.0684840425532,880.9250046225621,898.0396373627034
1056,879.3329053280202,1.7731116528206683,877.5597936751994,898.6254311318094,1.4422009955061244,897.1832301363032,879.3329053280202,898.6254311318094
1057,879.8159303145205,1.66953814156512,878.1463921729554,896.227614727426,1.0437508643941675,895.1838638630319,879.8159303145205,896.227614727426
1058,879.7945948636278,1.776871293149096,878.0177235704788,900.2386296454896,1.7736612279364403,898.4649684175532,879.7945948636278,900.2386296454896
1059,880.2849123427209,1.6406615947155243,878.6442507480053,897.9054540066008,1.323443534526419,896.5820104720744,880.2849123427209,897.9054540066008
1060,879.3940975888771,1.7400370627800201,877.654060526097,898.9782864134362,1.4470468023990064,897.5312396110372,879.3940975888771,898.9782864134362
1061,879.0851520719997,1.8913680481466841,877.193784023853,898.3632694863259,1.9458305734269163,896.4174389128989,879.0851520719997,898.3632694863259
1062,879.8001982330325,1.6833951246548207,878.1168031083777,897.9681704297979,1.0807660082553296,896.8874044215426,879.8001982330325,897.9681704297979
1063,879.148244015714,1.6179342168442747,877.5303097988697,896.4194729987611,0.8469476496919672,895.5725253490691,879.148244015714,896.4194729987611
1064,878.9297971444086,1.6060368073906035,877.3237603370179,897.6225984451619,1.5779570721565408,896.0446413730053,878.9297971444086,897.6225984451619
1065,879.9750055862551,1.8602049504505827,878.1148006358045,898.1752537996211,1.326870322227478,896.8483834773937,879.9750055862551,898.1752537996211
1066,878.7123188083159,1.7407443090639216,876.971574499252,897.3934315874221,1.3946367071029988,895.9987948803191,878.7123188083159,897.3934315874221
1067,879.1136160838477,1.7717568750711197,877.3418592087766,895.407737686279,1.508656070587483,893.8990816156914,879.1136160838477,895.407737686279
1068,879.6281120905534,1.9967267743133483,877.63138531624,895.6032822182838,1.244748724267838,894.358533494016,879.6281120905534,895.6032822182838
1069,878.9020150901472,1.6097073379032156,877.292307752244,895.0233827398179,0.9414865463338,894.081896193484,878.9020150901472,895.0233827398179
1070,878.7932900524045,1.654827255280094,877.1384627971244,896.4801869595304,1.7623407992910831,894.7178461602393,878.7932900524045,896.4801869595304
1071,878.3514463812747,1.6559845399349293,876.6954618413398,895.9768180289167,1.268550492347555,894.7082675365691,878.3514463812747,895.9768180289167
1072,878.577564577156,1.677031103917893,876.900533473238,897.2458996671311,1.8835430348173101,895.3623566323138,878.577564577156,897.2458996671311
1073,879.110902418323,1.6189226975783388,877.4919797207447,896.8266306506827,1.8905643275443544,894.9360663231383,879.110902418323,896.8266306506827
1074,878.4542229527489,1.878777006522138,876.5754459462268,897.1732020682477,1.4108495915189703,895.7623524767288,878.4542229527489,897.1732020682477
1075,878.0176849517417,1.6690729171671765,876.3486120345744,897.4536903259602,1.7918198971038168,895.6618704288563,878.0176849517417,897.4536903259602
1076,877.7652745514791,1.502503918999053,876.26277063248,895.6057629230174,1.141739901075972,894.4640230219414,877.7652745514791,895.6057629230174
1077,878.3121395492332,1.5866120496487364,876.7255274995845,895.8516004136268,1.3626646589725575,894.4889357546542,878.3121395492332,895.8516004136268
1078,878.1797903541554,1.8115925275264901,876.368197826629,895.6370668208345,1.5943577949036942,894.0427090259309,878.1797903541554,895.6370668208345
1079,878.378429607191,1.7310089269217024,876.6474206802693,895.4414572157758,1.2056277609886008,894.2358294547872,878.378429607191,895.4414572157758
1080,877.7765703455723,1.6953702125936112,876.0812001329788,894.522727410844,1.0131072313227552,893.5096201795212,877.7765703455723,894.522727410844
1081,878.0765963003356,2.006103292107582,876.070493008228,895.526850710524,0.9314176985558044,894.5954330119681,878.0765963003356,895.526850710524
1082,878.2320169386395,1.871065413539714,876.3609515250997,898.9593286108463,1.5166445184261241,897.4426840924202,878.2320169386395,898.9593286108463
1083,877.2726856891779,1.6451741574292487,875.6275115317487,895.9811982271519,1.0829373395189326,894.898260887633,877.2726856891779,895.9811982271519
1084,877.4987652048152,1.6230535608656862,875.8757116439494,894.2122573383311,1.0199576375332284,893.1922997007979,877.4987652048152,894.2122573383311
1085,879.1651965661886,2.0873079150915146,877.077888651097,897.5782383046252,2.089551885077294,895.4886864195479,879.1651965661886,897.5782383046252
1086,877.3839433426235,1.8372956011840638,875.5466477414395,896.2319965996641,1.4516400504619518,894.7803565492021,877.3839433426235,896.2319965996641
1087,877.807989321332,1.5926404080175338,876.2153489133145,893.5874461417502,1.475972571271531,892.1114735704788,877.807989321332,893.5874461417502
1088,878.0702882894176,1.6998334606277181,876.3704548287899,896.14373857417,1.8349993786913283,894.3087391954788,878.0702882894176,896.14373857417
1089,877.4626888318899,1.5254823200880212,875.9372065118018,896.1932910756861,1.414004589648957,894.7792864860372,877.4626888318899,896.1932910756861
1090,877.2764859270067,1.6460434091376497,875.630442517869,896.7430463243038,1.6080001973091287,895.1350461269947,877.2764859270067,896.7430463243038
1091,876.9535033533627,1.2845294712150985,875.6689738821476,897.1868417719577,0.9572872506811264,896.2295545212766,876.9535033533627,897.1868417719577
1092,876.4278692083155,1.504338467374761,874.9235307409408,895.1246582599397,1.5276772925194273,893.5969809674202,876.4278692083155,895.1246582599397
1093,876.698877896638,1.4809694026220352,875.217908494016,896.7478530762044,2.6217414571883833,894.126111619016,876.698877896638,896.7478530762044
1094,876.9875413628017,1.6157593440185203,875.3717820187833,895.075764511494,1.4163666557758412,893.6593978557181,876.9875413628017,895.075764511494
1095,876.7747691849128,1.5997476278150335,875.1750215570977,894.7192346897531,1.3466760960031063,893.37255859375,876.7747691849128,894.7192346897531
1096,876.6560065400728,1.9041339295341613,874.7518726105386,895.568364870041,1.211836445838847,894.3565284242021,876.6560065400728,895.568364870041
1097,876.9814565831676,1.4494066330346655,875.532049950133,895.0083965037732,1.3122736646773967,893.6961228390958,876.9814565831676,895.0083965037732
1098,876.9434708948941,1.8543245040197323,875.0891463908744,894.1069185277249,1.0852887072461717,893.0216298204788,876.9434708948941,894.1069185277249
1099,876.5664521988402,1.7942886453993776,874.7721635534408,893.6244004533646,1.2814711814231061,892.3429292719414,876.5664521988402,893.6244004533646
1100,876.335421004511,1.6271417803586798,874.7082792241523,895.0998222574275,1.4493589096880974,893.6504633477393,876.335421004511,895.0998222574275
1101,876.797557957946,1.8836110351567572,874.9139469227893,895.4106359075993,1.5139437533439475,893.8966921542553,876.797557957946,895.4106359075993
1102,876.8069977189632,1.7727634894086959,875.0342342295545,896.4676549777072,1.5387674278401313,894.928887549867,876.8069977189632,896.4676549777072
1103,876.4815000917049,2.096228004770076,874.3852720869348,894.9085104972759,1.0998855803875214,893.8086249168883,876.4815000917049,894.9085104972759
1104,875.9421976690201,1.828420346047967,874.113777322972,894.2029400353736,1.0524766876342448,893.1504633477393,875.9421976690201,894.2029400353736
1105,876.2538176281972,1.6040425492410963,874.6497750789562,893.5860169694779,1.29324560977043,892.2927713597074,876.2538176281972,893.5860169694779
1106,876.2759163745857,1.5234204262812088,874.7524959483045,894.9878504504549,1.797732431837853,893.190118018617,876.2759163745857,894.9878504504549
1107,876.0351739605056,1.5617865872509935,874.4733873732547,893.4820112066066,1.038184328282133,892.4438268783244,876.0351739605056,893.4820112066066
1108,875.530059458569,1.6905468567571742,873.8395126018119,894.2813980427194,1.4071668259640957,892.8742312167553,875.530059458569,894.2813980427194
1109,876.6280789242146,1.922321620773762,874.7057573034408,896.0697522670665,1.6581311733164685,894.41162109375,876.6280789242146,896.0697522670665
1110,876.4296170539678,1.6720967435456338,874.7575203104223,893.9809204847255,0.9084263025446141,893.0724941821809,876.4296170539678,893.9809204847255
1111,875.7013210445008,1.67168782683129,874.0296332176696,895.1516794651112,1.4486479657761595,893.7030314993351,875.7013210445008,895.1516794651112
1112,876.3298405465928,2.0169834259976733,874.312857120595,895.826937971597,0.9491225626874478,894.8778154089096,876.3298405465928,895.826937971597
1113,874.8721725931193,1.5519977468759456,873.3201748462434,895.1823775920462,1.6137481040142951,893.5686294880319,874.8721725931193,895.1823775920462
1114,875.6111084639709,1.7731970610453727,873.8379114029256,894.7457654932712,1.3861411581648158,893.3596243351063,875.6111084639709,894.7457654932712
1115,875.0248737425563,1.4947509450164247,873.5301227975399,893.5227373153606,1.010748452328621,892.5119888630319,875.0248737425563,893.5227373153606
1116,875.6689727032121,1.841722973325151,873.827249729887,892.9008591352625,2.2918373599965522,890.609021775266,875.6689727032121,892.9008591352625
1117,875.0353236998966,1.6866727067117995,873.3486509931848,897.0034256387264,2.135261576226417,894.8681640625,875.0353236998966,897.0034256387264
1118,874.9590426941818,1.596605547406572,873.3624371467753,894.5810745066785,1.7963338151891182,892.7847406914893,874.9590426941818,894.5810745066785
1119,875.1752065115786,1.4860845347668261,873.6891219768119,893.9073602443045,1.2376773154481928,892.6696829288563,875.1752065115786,893.9073602443045
1120,875.1972632747381,1.7442382685047515,873.4530250062334,892.6376664663883,1.173965502292552,891.4637009640958,875.1972632747381,892.6376664663883
1121,875.0493359641033,1.7462288850640997,873.3031070790393,893.1963837603305,1.7417731386549928,891.4546106216756,875.0493359641033,893.1963837603305
1122,875.0008725525533,1.7859015377595069,873.2149710147938,895.1855619004432,2.110657478900666,893.0749044215426,875.0008725525533,895.1855619004432
1123,875.393630387856,1.4535474319882848,873.9400829558676,895.7028506968884,0.9407059994149716,894.7621446974734,875.393630387856,895.7028506968884
1124,875.670958178316,1.7343217608459451,873.93663641747,892.4777391058334,1.23839818163121,891.2393409242021,875.670958178316,892.4777391058334
1125,874.9911546073062,1.8775889594504174,873.1135656478557,892.6620965790241,1.630669966657111,891.031426612367,874.9911546073062,892.6620965790241
1126,874.7986123688678,1.8026705574482045,872.9959418114196,893.9524268495276,1.2207425908839449,892.7316842586437,874.7986123688678,893.9524268495276
1127,875.0461314850031,1.615284317034356,873.4308471679688,892.5548218564784,1.6429202607337465,890.9119015957447,875.0461314850031,892.5548218564784
1128,874.5868195932596,1.7065212222489905,872.8802983710107,890.4271539272146,0.9817271486241766,889.4454267785904,874.5868195932596,890.4271539272146
1129,874.626775974606,1.793721411773499,872.8330545628324,893.7373840961051,1.470294252355048,892.26708984375,874.626775974606,893.7373840961051
1130,874.1069530660405,1.6953852157247193,872.4115678503158,895.1418000079216,1.4101573051290308,893.7316427027926,874.1069530660405,895.1418000079216
1131,875.2056033376683,1.5107167851417622,873.6948865525266,893.5005300755197,1.279068556237728,892.2214615192819,875.2056033376683,893.5005300755197
1132,874.6779271674917,1.8732916123055396,872.8046355551862,893.7115259474897,1.695641223420488,892.0158847240691,874.6779271674917,893.7115259474897
1133,873.9073166910638,1.7866372009541125,872.1206794901098,890.7200728680225,1.51865165791613,889.2014212101063,873.9073166910638,890.7200728680225
1134,874.1666250977111,1.47150349490186,872.6951216028092,892.687983233878,1.3249928748353998,891.3629903590426,874.1666250977111,892.687983233878
1135,874.3695117966768,1.5179830608057214,872.851528735871,892.4035460492398,1.827810510675958,890.5757355385638,874.3695117966768,892.4035460492398
1136,874.5389457059667,1.75167660066422,872.7872691053025,892.6399255306163,1.6465329109354223,890.9933926196809,874.5389457059667,892.6399255306163
1137,874.1836091314858,1.7110113194014163,872.4725978120845,892.7767656635731,0.5482396496103165,892.2285260139628,874.1836091314858,892.7767656635731
1138,874.7822279847683,1.96586718648038,872.8163607982879,891.8535532545536,1.5008583576121228,890.3526948969414,874.7822279847683,891.8535532545536
1139,874.3568083565444,1.5642694498788803,872.7925389066655,894.0025903924983,1.1467995846525152,892.8557908078458,874.3568083565444,894.0025903924983
1140,874.0626689487315,2.1668507659688907,871.8958181827626,889.8358178646007,1.3527934297602227,888.4830244348404,874.0626689487315,889.8358178646007
1141,874.4190890308707,1.8200705281280456,872.5990185027426,892.1184209115962,1.6042711443089424,890.5141497672872,874.4190890308707,892.1184209115962
1142,873.5609123075103,1.7187245477862814,871.8421877597241,892.9574432170137,1.773974134566936,891.1834690824468,873.5609123075103,892.9574432170137
1143,873.4718023430794,1.7749263041831078,871.6968760388962,891.8119090440425,0.7365682860638233,891.0753407579788,873.4718023430794,891.8119090440425
1144,873.2635765031297,1.6456111295426146,871.6179653735871,892.3450393131438,1.1145601741811062,891.2304791389628,873.2635765031297,892.3450393131438
1145,872.871055895423,1.544269772999464,871.3267861224235,893.1224667569425,1.7911211784849776,891.3313455784574,872.871055895423,893.1224667569425
1146,873.3310317660266,1.8723616571502482,871.4586701088763,892.9154200249529,1.4818886087295857,891.4335314162234,873.3310317660266,892.9154200249529
1147,873.6075194214886,1.3209152098031753,872.2866042116855,890.8070215646256,0.9002728944129132,889.9067486702128,873.6075194214886,890.8070215646256
1148,872.8192511034456,1.5333351605433099,871.2859159429023,893.1801173940618,1.9477474638756285,891.2323699301862,872.8192511034456,893.1801173940618
1149,872.8848173023855,1.5611205977645326,871.323696704621,889.8339357173189,1.6579051322125373,888.1760305851063,872.8848173023855,889.8339357173189
1150,872.7311701765086,1.4012777542180204,871.3298924222905,893.6960234819575,1.043160283819158,892.6528631981383,872.7311701765086,893.6960234819575
1151,872.467697435237,1.5345387230528162,870.9331587121842,890.9963471128585,1.2937831168479108,889.7025639960107,872.467697435237,890.9963471128585
1152,873.2634344918931,1.5582693593299135,871.7051651325631,889.6930366779895,0.9556177118991284,888.7374189660904,873.2634344918931,889.6930366779895
1153,872.9354928528217,1.5206213123462302,871.4148715404754,888.7423977446049,1.2549268337006265,887.4874709109042,872.9354928528217,888.7423977446049
1154,872.9527106649698,1.594558965335501,871.3581516996343,891.3044084310532,1.5640701664255021,889.7403382646277,872.9527106649698,891.3044084310532
1155,872.6097526312509,1.7444805962608216,870.86527203499,891.5872203416013,1.4085613489151,890.1786589926862,872.6097526312509,891.5872203416013
1156,872.7990355624797,1.5535326847370634,871.2455028777426,891.2684741628931,1.339119109701603,889.9293550531914,872.7990355624797,891.2684741628931
1157,872.6433750565382,1.7108228000554633,870.9325522564827,889.3833295842435,1.0648039858391944,888.3185255984042,872.6433750565382,889.3833295842435
1158,872.3772331355734,1.5108287036418915,870.8664044319315,891.2061127195967,1.974532350580743,889.231580369016,872.3772331355734,891.2061127195967
1159,872.0531964915547,1.5981196651750422,870.4550768263797,891.1697575538716,0.6917717659727056,890.4779857878989,872.0531964915547,891.1697575538716
1160,872.3947318462615,1.6022111202808136,870.7925207259807,889.4046224989789,0.9503858799630023,888.454236619016,872.3947318462615,889.4046224989789
1161,872.4671786826976,1.6947450162248408,870.7724336664727,891.6500946587705,1.13832396395663,890.5117706948138,872.4671786826976,891.6500946587705
1162,872.8365204419862,1.8368360067301608,870.999684435256,890.4042411459253,1.2145490747817018,889.1896920711437,872.8365204419862,890.4042411459253
1163,872.0153951740804,1.519052088974004,870.4963430851063,889.5649604695908,2.1011140600163887,887.4638464095744,872.0153951740804,889.5649604695908
1164,871.6427815169731,1.5043732619031946,870.1384082550699,890.706861815554,1.258962463825307,889.4478993517288,871.6427815169731,890.706861815554
1165,872.3892094887634,1.6823418649270179,870.7068676238364,891.5737550867365,1.240757663199242,890.3329974235372,872.3892094887634,891.5737550867365
1166,872.0356123785073,1.5100931900929897,870.5255191884143,889.2530311827963,1.5671414720251204,887.6858897107712,872.0356123785073,889.2530311827963
1167,871.4360585739004,1.607131026526715,869.8289275473737,890.1728345231807,1.0070786222498467,889.1657559009309,871.4360585739004,890.1728345231807
1168,871.3651896533655,1.5871602318229827,869.7780294215426,889.6169560716507,0.9750220623422177,888.6419340093086,871.3651896533655,889.6169560716507
1169,872.5383964352151,1.8432475613786818,870.6951488738364,893.4281873703003,1.9883082978268887,891.4398790724734,872.5383964352151,893.4281873703003
1170,871.1371259359603,1.6446981911963605,869.492427744764,890.041130852192,0.6491448980696658,889.3919859541223,871.1371259359603,890.041130852192
1171,871.1102986361118,1.531360699775371,869.5789379363364,889.4159172037814,1.0440754484623036,888.3718417553191,871.1102986361118,889.4159172037814
1172,871.5427889690754,1.991306464088724,869.5514825049867,888.1229869051183,0.755643570676763,887.3673433344414,871.5427889690754,888.1229869051183
1173,872.5026211794069,1.7273318467939154,870.775289332613,891.8594167587605,1.504872626446663,890.3545441323138,872.5026211794069,891.8594167587605
1174,870.9605389047176,1.7169449988831864,869.2435939058345,890.2912415950856,0.7607811562558437,889.5304604388298,870.9605389047176,890.2912415950856
1175,871.8220495210683,1.723489431307671,870.0985600897607,888.0439457081734,1.1622967720031738,886.8816489361702,871.8220495210683,888.0439457081734
1176,871.1893905856191,1.7099425512108397,869.4794480344083,887.6244679258225,1.0928647010884387,886.531603224734,871.1893905856191,887.6244679258225
1177,870.8972577896524,1.633210613372478,869.26404717628,888.2290980333978,1.126714805339245,887.1023832280586,870.8972577896524,888.2290980333978
1178,871.5783743706155,1.671468567340932,869.9069058032746,888.5050713267732,1.1027899105498131,887.4022814162234,871.5783743706155,888.5050713267732
1179,871.0589581696277,1.6816167571443192,869.3773414124834,889.544274025775,1.0812379552962932,888.4630360704788,871.0589581696277,889.544274025775
1180,870.6637368761795,1.4234492577453877,869.2402876184342,889.7960688890295,1.644878313896504,888.151190575133,870.6637368761795,889.7960688890295
1181,871.1623429226431,1.468271903693676,869.6940710189494,887.6408828674479,1.0076444199744692,886.6332384474734,871.1623429226431,887.6408828674479
1182,870.2889144680602,1.5364990342170635,868.7524154338431,886.9794837439314,1.1248253330271294,885.8546584109042,870.2889144680602,886.9794837439314
1183,871.4743577554187,2.050230947739266,869.4241268076795,888.0550323039928,1.7342419117055041,886.3207903922872,871.4743577554187,888.0550323039928
1184,871.461874031006,1.5704010319202504,869.8914729990857,889.066537004836,1.6562249203945727,887.4103120844414,871.461874031006,889.066537004836
1185,870.9098145999807,1.5795196053829599,869.3302949945977,887.7355716849895,1.1230384403086724,886.6125332446809,870.9098145999807,887.7355716849895
1186,870.540806765886,1.6642432269897867,868.8765635388962,890.4025180289086,1.5295334876851832,888.8729845412234,870.540806765886,890.4025180289086
1187,870.859857875933,1.839255264147799,869.0206026117852,887.0489467559977,1.4459921349870397,885.6029546210107,870.859857875933,887.0489467559977
1188,869.5009303359275,1.4758020322373573,868.0251283036902,887.4249494754254,1.1680096482976954,886.2569398271277,869.5009303359275,887.4249494754254
1189,869.3532864664622,1.5170619713657714,867.8362244950964,889.1014958518616,0.640236294015925,888.4612595578458,869.3532864664622,889.1014958518616
1190,870.5205102724598,1.4067186646639032,869.1137916077959,888.5671200955168,1.5117677018997517,887.055352393617,870.5205102724598,888.5671200955168
1191,869.8267980628508,1.8535457461121234,867.9732523167387,888.2629010626611,1.6407995832727311,886.6221014793883,869.8267980628508,888.2629010626611
1192,870.0752891847428,1.4190911295566153,868.6561980551862,889.2003301356701,1.7627054681169225,887.4376246675532,870.0752891847428,889.2003301356701
1193,870.7518307382757,1.6365548074245453,869.1152759308511,890.2249015874052,1.8004605136019118,888.4244410738032,870.7518307382757,890.2249015874052
1194,869.2984589002234,1.8201432627566316,867.4783156374667,888.9020118358287,1.1163569156159745,887.7856549202128,869.2984589002234,888.9020118358287
1195,869.9578643874761,1.66266590634242,868.2951984811336,887.8966481634911,1.4876450883581283,886.409003075133,869.9578643874761,887.8966481634911
1196,869.3878453342204,1.580822914838791,867.8070224193816,888.1956113754435,1.681690165337096,886.5139212101063,869.3878453342204,888.1956113754435
1197,869.6720092981419,1.6499301550236154,868.0220791431184,885.8880212560613,1.5715526722847146,884.3164685837766,869.6720092981419,885.8880212560613
1198,869.5758033825996,1.7377127700663628,867.8380906125333,888.1128532328504,1.2989195559887177,886.8139336768617,869.5758033825996,888.1128532328504
1199,869.4292351030448,1.3170849513658818,868.1121501516789,888.1044920200998,0.7511633964295082,887.3533286236702,869.4292351030448,888.1044920200998
1200,870.1612974796047,1.5048319086273934,868.6564655709774,886.3102726771476,1.2999252702327484,885.0103474069149,870.1612974796047,886.3102726771476
1201,869.5670201783564,1.6500111087918916,867.9170090695645,888.073866359731,1.0196879189065162,887.0541784408244,869.5670201783564,888.073866359731
1202,869.035640652985,1.631713884783552,867.4039267682015,888.7910571833875,1.2891456142384956,887.5019115691489,869.035640652985,888.7910571833875
1203,869.0644160563007,1.7391428265799866,867.3252732297208,886.0615683210657,0.8497269813050615,885.2118413397607,869.0644160563007,886.0615683210657
1204,869.0745437150781,1.623427680753013,867.4511160343251,885.6970901945804,0.8492988880644453,884.847791306516,869.0745437150781,885.6970901945804
1205,868.6411227226416,1.5898609831136592,867.051261739528,886.5330509429282,1.8091064615452543,884.723944481383,868.6411227226416,886.5330509429282
1206,868.9038621983788,1.5571890039805403,867.3466731943982,885.9929132664457,0.922611155408494,885.0703021110372,868.9038621983788,885.9929132664457
1207,869.3195859758143,1.7325706209274048,867.587015354887,889.8336245354186,1.971122457626018,887.8625020777926,869.3195859758143,889.8336245354186
1208,868.2137011398977,1.2730701662441517,866.9406309736536,888.7823900199951,1.2263311769099945,887.5560588430851,868.2137011398977,888.7823900199951
1209,869.1030645922935,1.4862887549432033,867.6167758373504,887.9974246126541,1.7518399218295484,886.2455846908244,869.1030645922935,887.9974246126541
1210,868.5230678472113,1.4615392152299271,867.0615286319813,888.0326680528357,1.9533171552292845,886.0793508976063,868.5230678472113,888.0326680528357
1211,869.1842515565296,1.3604301843554416,867.8238213721742,886.118814579984,0.9610893472712091,885.1577252327128,869.1842515565296,886.118814579984
1212,868.9694236577192,1.7110774247570242,867.2583462329621,884.16623222067,0.7083282977976697,883.4579039228723,868.9694236577192,884.16623222067
1213,868.2169415183524,1.6033122380997271,866.6136292802527,887.0881973175292,1.1686182783005086,885.9195790392288,868.2169415183524,887.0881973175292
1214,868.0532729089895,1.374869744511361,866.678403164478,887.5525775006477,1.4347354959934315,886.1178420046542,868.0532729089895,887.5525775006477
1215,868.7230427222366,1.7127914132272943,867.0102513090093,885.8621993724336,0.9476382022208356,884.9145611702128,868.7230427222366,885.8621993724336
1216,868.3129516954118,1.794311298968944,866.5186403964428,886.1588579898184,0.9994705230631726,885.1593874667553,868.3129516954118,886.1588579898184
1217,868.5432653286831,1.6443914922469474,866.8988738364362,884.273009721269,0.5714846215349563,883.701525099734,868.5432653286831,884.273009721269
1218,867.7573325520659,1.5521700167434012,866.2051625353225,885.7803259098783,1.6502768739740898,884.1300490359042,867.7573325520659,885.7803259098783
1219,868.164053712278,1.649000105230098,866.5150536070479,885.9943130168509,1.5978182528881317,884.3964947639628,868.164053712278,885.9943130168509
1220,868.0890807398456,1.6717483138150357,866.4173324260306,885.5165272063398,1.2247843539461176,884.2917428523937,868.0890807398456,885.5165272063398
1221,868.0605118846956,1.7324206488246614,866.328091235871,885.5249888846215,0.9176812882119036,884.6073075964096,868.0605118846956,885.5249888846215
1222,868.1368683743033,1.4844947560353483,866.6523736182679,885.2292638256195,1.3371739818694743,883.89208984375,868.1368683743033,885.2292638256195
1223,867.4292244495864,1.5223316325152174,865.9068928170711,886.4408686059586,1.351658582687378,885.0892100232712,867.4292244495864,886.4408686059586
1224,868.0526543958707,1.6245758864790836,866.4280785093916,887.0185045346301,0.7180037866247461,886.3005007480053,868.0526543958707,887.0185045346301
1225,868.579858210017,1.6999909809612213,866.8798672290559,885.5302383595324,1.2591799320058619,884.2710584275266,868.579858210017,885.5302383595324
1226,867.5553032082129,1.5559226501178234,865.999380558095,883.0191295248397,0.9748517655311747,882.0442777593086,867.5553032082129,883.0191295248397
1227,867.6072224747152,1.4449286956260814,866.162293779089,887.2854087302026,1.2073564529418945,886.0780522772607,867.6072224747152,887.2854087302026
1228,867.7666617614475,1.4560473581894915,866.310614403258,885.1371517079941,1.4695050158399217,883.6676466921542,867.7666617614475,885.1371517079941
1229,867.6885736110679,1.6991482765433636,865.9894253345246,882.9790117258722,1.0128381886380784,881.966173537234,867.6885736110679,882.9790117258722
1230,867.6446432824781,1.3755769385619367,866.2690663439163,884.1609308364543,0.7301940512149891,883.4307367852393,867.6446432824781,884.1609308364543
1231,867.2656101793685,1.578689364042688,865.6869208153258,885.7812200099864,1.183220924215114,884.5979990857712,867.2656101793685,885.7812200099864
1232,866.867683689645,1.359506277327842,865.5081774123172,884.5538634695905,1.2741925919309576,883.2796708776596,866.867683689645,884.5538634695905
1233,867.1065230811055,1.452379443306238,865.6541436377992,885.3649114040618,1.1796865869075694,884.1852248171542,867.1065230811055,885.3649114040618
1234,866.5962295546493,1.5346269013082727,865.0616026533411,885.8269613562746,1.0690345776841996,884.7579267785904,866.5962295546493,885.8269613562746
1235,866.9145936761448,1.5295657298349319,865.3850279463098,885.2091487519284,1.104978622274196,884.1041701296542,866.9145936761448,885.2091487519284
1236,866.7739329223937,1.6490199299568826,865.1249129924369,883.3397763637786,0.6735945153743663,882.6661818484042,866.7739329223937,883.3397763637786
1237,866.7327948540766,1.471766970100555,865.2610278839761,884.0860631846367,0.8624199831739385,883.2236432014628,866.7327948540766,884.0860631846367
1238,867.3677492229704,1.6272200611519052,865.7405291618185,885.7029323374971,1.1292953694120367,884.5736369680851,867.3677492229704,885.7029323374971
1239,866.2769277137407,1.7364458217027974,864.5404818920379,884.6555466753372,1.1916898767998878,883.4638567985372,866.2769277137407,884.6555466753372
1240,866.4220413224812,1.6453300005895026,864.7767113218916,885.6004192803769,0.8691401912810954,884.7312790890958,866.4220413224812,885.6004192803769
1241,866.1878804512163,1.828675570481635,864.3592048807348,885.0743042661788,1.8281897382533296,883.2461145279256,866.1878804512163,885.0743042661788
1242,865.7813573413073,1.7109201737540833,864.0704371675532,885.0334592677177,0.9936903182496416,884.0397689494681,865.7813573413073,885.0334592677177
1243,865.2247667515531,1.3037981885544798,863.9209685629987,884.3968036872276,0.7442209910839162,883.6525826961437,865.2247667515531,884.3968036872276
1244,867.0405270167171,1.6385910335056326,865.4019359832114,884.9266767476468,1.1571039417956739,883.7695728058511,867.0405270167171,884.9266767476468
1245,866.4881839203707,1.4958327942072076,864.9923511261636,884.4537677701484,0.95281198557387,883.5009557845744,866.4881839203707,884.4537677701484
1246,866.370541044927,1.5251664708744972,864.8453745740525,885.2433079481125,1.4096144640699346,883.8336934840426,866.370541044927,885.2433079481125
1247,866.0602051442132,1.4098950336746714,864.6503101105386,886.9446059186408,1.2847717264865308,885.6598341921542,866.0602051442132,886.9446059186408
1248,866.826817167685,1.529682443615921,865.2971347240691,884.5009729608577,1.4862414116555072,883.0147315492021,866.826817167685,884.5009729608577
1249,866.2240471313609,1.669655716799675,864.5543914145612,881.8073996153283,1.3422753633336817,880.4651242519947,866.2240471313609,881.8073996153283
1250,866.744547684459,1.4575668728732047,865.2869808115857,884.9389929568514,1.500059279989689,883.4389336768617,866.744547684459,884.9389929568514
1251,866.1318616767196,1.405392677384488,864.7264689993351,884.1722714317606,0.811441976973351,883.3608294547872,866.1318616767196,884.1722714317606
1252,865.8311093921991,1.5503217010421957,864.2807876911569,882.9620867764696,0.9507004732781268,882.0113863031914,865.8311093921991,882.9620867764696
1253,865.5726930473713,1.6465728574610772,863.9261201899102,884.7736514679929,1.4201046761046066,883.3535467918883,865.5726930473713,884.7736514679929
1254,864.8240606063541,1.3762755332157968,863.4477850731383,882.924680151838,1.6038378147368735,881.3208423371011,864.8240606063541,882.924680151838
1255,865.6515342250783,1.5643967998788713,864.0871374251994,883.8221449217898,0.849738006896161,882.9724069148937,865.6515342250783,883.8221449217898
1256,865.7670858055353,1.3082832373837208,864.4588025681516,882.3960689547214,1.3107651814501335,881.0853037732712,865.7670858055353,882.3960689547214
1257,865.7263772508248,1.6341726090362731,864.0922046417886,883.4171808691735,1.0079076810086027,882.4092731881649,865.7263772508248,883.4171808691735
1258,865.0484427739173,1.6628525249977062,863.3855902489196,882.4705701077238,0.9588721356493362,881.5116979720744,865.0484427739173,882.4705701077238
1259,865.0299952244981,1.5266512771077612,863.5033439473902,882.1905970725608,1.4217826609915876,880.7688144115691,865.0299952244981,882.1905970725608
1260,864.7412137689585,1.5025546204377995,863.2386591485206,882.9823410751972,0.39045069953228567,882.5918903756649,864.7412137689585,882.9823410751972
1261,865.0335653034297,1.4483134749721973,863.5852518284574,884.2126601934433,1.2675243058103196,882.945135887633,865.0335653034297,884.2126601934433
1262,864.7623583912215,1.5576347895759217,863.2047236016456,885.9813778501876,1.098970519735458,884.8824073304521,864.7623583912215,885.9813778501876
1263,865.1712779213298,1.473785037769282,863.6974928835605,881.5424626742272,0.5310348151846135,881.0114278590426,865.1712779213298,881.5424626742272
1264,865.1872428546244,1.5999911508344589,863.5872517037899,882.6888604037305,1.3848793531985992,881.3039810505319,865.1872428546244,882.6888604037305
1265,864.442227043687,1.3407697319350345,863.101457311752,881.6474669334737,1.2019778211066063,880.445489112367,864.442227043687,881.6474669334737
1266,864.9224200992984,1.4811878644247005,863.4412322348737,881.4309744429081,1.0037595160464023,880.4272149268617,864.9224200992984,881.4309744429081
1267,864.6169327220067,1.3597020039216001,863.2572307180851,883.1414541944545,2.0003305242416705,881.1411236702128,864.6169327220067,883.1414541944545
1268,864.0475714060855,1.5094841699650947,862.5380872361203,883.2069060447368,1.444345788752779,881.762560255984,864.0475714060855,883.2069060447368
1269,864.8972209444705,1.5375615466148296,863.3596593978557,882.3205677245526,1.1146273156429858,881.2059404089096,864.8972209444705,882.3205677245526
1270,864.7069571927349,1.5117810478711382,863.1951761448637,883.0497610594364,1.2515874390906476,881.7981736203458,864.7069571927349,883.0497610594364
1271,864.1795338863071,1.5668876616561667,862.6126462246509,882.4168954301388,1.2120354733568557,881.2048599567819,864.1795338863071,882.4168954301388
1272,864.1292305774194,1.5355987518708756,862.5936318255485,882.5441357785082,1.8220716993859474,880.7220640791223,864.1292305774194,882.5441357785082
1273,864.2752193317134,1.37604421535705,862.8991751163563,882.00777377854,0.7627085358538526,881.2450652426862,864.2752193317134,882.00777377854
1274,864.7054631480194,1.621082693813963,863.0843804542054,879.6175566683424,1.5087011164807258,878.1088555518617,864.7054631480194,879.6175566683424
1275,863.5919037794972,1.4059218666813476,862.1859819128158,882.9990696095406,1.8256570430512125,881.1734125664893,863.5919037794972,882.9990696095406
1276,863.4005542070149,1.4277070598240862,861.9728471471908,881.8813067040545,1.044766644214062,880.8365400598404,863.4005542070149,881.8813067040545
1277,863.4359555531372,1.3570682629942894,862.0788872901429,883.0567537888568,0.8197296033514306,882.2370241855053,863.4359555531372,883.0567537888568
1278,863.6807373235835,1.4801563208407544,862.2005810027426,881.7773741762688,1.0816980625720733,880.6956761136968,863.6807373235835,881.7773741762688
1279,863.6284142723109,1.4379612096446626,862.1904530626663,881.1862263933141,1.3602207417183734,879.8260056515958,863.6284142723109,881.1862263933141
1280,863.8220692635217,1.548246073278975,862.2738231902426,880.7609725657929,1.8686853317504233,878.8922872340426,863.8220692635217,880.7609725657929
1281,863.0865542506601,1.4624710766241906,861.624083174036,882.477789422299,2.3952387241607016,880.0825506981383,863.0865542506601,882.477789422299
1282,863.5858000645295,1.121201753774856,862.4645983107547,881.1689628032927,1.3491593624683136,879.8198034408244,863.5858000645295,881.1689628032927
1283,863.6812630199055,1.6412681104972007,862.0399949094083,881.3187338595694,0.918197789090745,880.4005360704788,863.6812630199055,881.3187338595694
1284,863.3602507669241,1.8167262074161084,861.543524559508,880.135887531524,1.873846723678264,878.2620408078458,863.3602507669241,880.135887531524
1285,863.6536446170921,1.4928923003534054,862.1607523167387,881.0853427952909,1.4923927454238242,879.592950049867,863.6536446170921,881.0853427952909
1286,862.3277870091669,1.2770641970824688,861.0507228120845,881.1593820389281,0.8232367596727737,880.3361452792553,862.3277870091669,881.1593820389281
1287,863.855864364416,1.5298678031627169,862.3259965612533,882.1013324717258,1.279212292204512,880.8221201795212,863.855864364416,882.1013324717258
1288,862.9283186449333,1.3674042603753982,861.5609143845578,881.0719641523158,0.7750995412785956,880.2968646110372,862.9283186449333,881.0719641523158
1289,863.2223731254802,1.3750571140107957,861.8473160114694,881.0412474033681,1.058773583554207,879.9824738198138,863.2223731254802,881.0412474033681
1290,862.5936388815654,1.5865886717083606,861.0070502098571,881.2907241658961,1.3935748972791306,879.897149268617,862.5936388815654,881.2907241658961
1291,863.0063705783575,1.4497416409406256,861.5566289374169,880.2862543653935,1.4607473840104772,878.825506981383,863.0063705783575,880.2862543653935
1292,862.9539581513468,1.5121415373175702,861.4418166140292,881.456599113789,1.5678856829379468,879.8887134308511,862.9539581513468,881.456599113789
1293,862.6745366795742,1.3712438978254795,861.3032927817487,881.755867724723,1.1762882699357702,880.5795794547872,862.6745366795742,881.755867724723
1294,862.304307582055,1.3968109065230856,860.9074966755319,880.5938997725223,1.0966216807669782,879.4972780917553,862.304307582055,880.5938997725223
1295,862.7836771906215,1.5307695796673602,861.2529076109541,877.0250250811273,1.0338764774038436,875.9911486037234,862.7836771906215,877.0250250811273
1296,862.7083429573698,1.5352927059569257,861.1730502514129,881.144503670804,1.0662124473997887,880.0782912234042,862.7083429573698,881.144503670804
1297,862.4202900156379,1.4969358870640714,860.9233541285738,877.976143849657,0.9425043882207668,877.0336394614362,862.4202900156379,877.976143849657
1298,862.169434335162,1.3614314574193447,860.8080028777426,881.6137302327663,2.0640813797078232,879.5496488530586,862.169434335162,881.6137302327663
1299,861.7830544326533,1.5167567473142705,860.266297685339,881.6640797675924,1.2869500302253885,880.377129737367,861.7830544326533,881.6640797675924
1300,862.345446776242,1.648740856611031,860.696705919631,881.0333295325015,1.1194955896823964,879.9138339428191,862.345446776242,881.0333295325015
1301,862.9868493701549,1.7274551505738116,861.2593942195812,882.0401428963276,0.6856091529765027,881.3545337433511,862.9868493701549,882.0401428963276
1302,863.2275556627106,1.5840321420989139,861.6435235206117,880.6917278874428,1.2275490310597927,879.464178856383,863.2275556627106,880.6917278874428
1303,862.9357484535492,1.782703448562546,861.1530450049867,878.6015710120505,0.986939196890973,877.6146318151596,862.9357484535492,878.6015710120505
1304,862.4491740030019,1.4449002434440115,861.0042737595578,879.9555959904447,1.0734276061362409,878.8821683843086,862.4491740030019,879.9555959904447
1305,861.4908707789442,1.2785203800080938,860.2123503989362,881.0799533864285,1.607162079912551,879.472791306516,861.4908707789442,881.0799533864285
1306,862.2085680503477,1.4080335382134357,860.8005345121343,879.5425957263784,0.9810826778411865,878.5615130485372,862.2085680503477,879.5425957263784
1307,861.7373480698529,1.6290470288789018,860.1083010409741,880.1505312209433,1.4431259682837954,878.7074052526596,861.7373480698529,880.1505312209433
1308,862.4310241139474,1.424603734958045,861.0064203789893,882.5535874962807,2.3648512097115213,880.1887362865691,862.4310241139474,882.5535874962807
1309,860.9456308744055,1.4163443883682818,859.5292864860372,879.5537205275069,0.7775922861505062,878.7761282413563,860.9456308744055,879.5537205275069
1310,861.2392413766777,1.250173162748205,859.9890682139295,882.0471372705825,1.4559533443856747,880.5911839261968,861.2392413766777,882.0471372705825
1311,860.806483449137,1.4344391090438722,859.3720443400931,880.4866569498752,1.6046651779337133,878.8819917719414,860.806483449137,880.4866569498752
1312,861.0581247888981,1.4754130618369325,859.5827117270612,879.6084349510518,1.0008780195357951,878.607556931516,861.0581247888981,879.6084349510518
1313,861.6872481822651,1.6817524209618568,860.0054957613032,878.3190536093205,1.0031875853842878,877.3158660239362,861.6872481822651,878.3190536093205
1314,861.5270445662293,1.608999197628904,859.9180453686004,878.3016724180668,0.4675322086253065,877.8341402094414,861.5270445662293,878.3016724180668
1315,861.125884005998,1.695603036500038,859.430280969498,878.9342325697554,1.8659251395692216,877.0683074301862,861.125884005998,878.9342325697554
1316,861.6530704803448,1.3550916530508945,860.2979788272938,880.4325951591451,1.0921488493046863,879.3404463098404,861.6530704803448,880.4325951591451
1317,861.6825349768426,1.6609064549841779,860.0216285218584,876.510439033204,1.0748609913156388,875.4355780418883,861.6825349768426,876.510439033204
1318,861.6117671777276,1.249798832897176,860.3619683448304,878.0610024776864,1.4441058686439028,876.6168966090426,861.6117671777276,878.0610024776864
1319,861.6055133148552,1.3703240798984437,860.2351892349568,878.9188492450309,1.197709783594659,877.7211394614362,861.6055133148552,878.9188492450309
1320,861.332500832829,1.6900045209108514,859.6424963119182,879.3937456709274,1.3909094840922254,878.0028361868351,861.332500832829,879.3937456709274
1321,861.2369545926439,1.806082750888581,859.4308718417553,878.4129335119369,1.0778271289581949,877.3351063829788,861.2369545926439,878.4129335119369
1322,860.687152929604,1.3885533617849046,859.2985995678191,878.4781354659415,1.294448215276637,877.1836872506649,860.687152929604,878.4781354659415
1323,860.9304021351198,1.244830586333224,859.6855715487866,878.9356204093771,1.0236045350419714,877.9120158743351,860.9304021351198,878.9356204093771
1324,860.7531959918585,1.5286060961637091,859.2245898956949,880.6013357537857,1.7934796201421859,878.8078561336437,860.7531959918585,880.6013357537857
1325,860.5042783729732,1.3715801515636292,859.1326982214096,877.5204680802974,1.6535922491804083,875.866875831117,860.5042783729732,877.5204680802974
1326,861.054887389249,1.561773972942474,859.4931134163065,878.0232998817525,1.1769630300237777,876.8463368517288,861.054887389249,878.0232998817525
1327,860.4221539657484,1.5534470799438498,858.8687068858045,876.9368090667623,0.7363124743421027,876.2004965924202,860.4221539657484,876.9368090667623
1328,860.6366532820654,1.53865549491441,859.0979977871509,876.9318710020248,1.339970237397133,875.5919007646277,860.6366532820654,876.9318710020248
1329,859.9956299485044,1.4250226616859436,858.5706072868185,878.33049498974,0.7251197404049813,877.6053752493351,859.9956299485044,878.33049498974
1330,860.3096191309234,1.3721347143675418,858.9374844165559,878.0108771222702,1.6841857991320022,876.3266913231383,860.3096191309234,878.0108771222702
1331,860.3397686383984,1.6819408146783392,858.65782782372,877.8740859589678,1.0139941205369665,876.8600918384309,860.3397686383984,877.8740859589678
1332,859.6886084593357,1.2557484298310382,858.4328600295047,877.9066937730668,1.9187138029869566,875.9879799700798,859.6886084593357,877.9066937730668
1333,859.4933603687331,1.2490807913560817,858.244279577377,878.761375756974,1.2821952383568946,877.479180518617,859.4933603687331,878.761375756974
1334,859.8192784800491,1.7493789413190903,858.06989953873,877.4208379654174,1.4667052360291177,875.9541327293883,859.8192784800491,877.4208379654174
1335,860.5307868795192,1.4063037304168051,859.1244831491024,878.7116107129036,1.512443907717441,877.1991668051862,860.5307868795192,878.7116107129036
1336,860.0913532782108,1.3686606668411416,858.7226926113697,874.371588154042,1.5417489751856377,872.8298391788563,860.0913532782108,874.371588154042
1337,859.9036982592116,1.3457655069675851,858.557932752244,879.1813654798142,1.3894044592025432,877.7919610206117,859.9036982592116,879.1813654798142
1338,859.3907064625874,1.1538225280794692,858.236883934508,875.8990006763885,0.650257740883117,875.2487429355053,859.3907064625874,875.8990006763885
1339,859.6553555826874,1.4555147935418373,858.1998407891456,876.0245552798535,0.8966879261300919,875.1278673537234,859.6553555826874,876.0245552798535
1340,859.2719830583702,1.339728185946637,857.9322548724235,876.9299137440133,1.3761300837739985,875.5537836602393,859.2719830583702,876.9299137440133
1341,859.6713279660078,1.6883217118521954,857.9830062541556,876.4705933966535,1.5254886759088395,874.9451047207447,859.6713279660078,876.4705933966535
1342,859.2926760536242,1.2974861433848421,857.9951899102393,877.3968068741738,1.249304380822689,876.1475024933511,859.2926760536242,877.3968068741738
1343,859.1798401428981,1.3120604720204434,857.8677796708777,876.7248816033627,0.791412520915904,875.9334690824468,859.1798401428981,876.7248816033627
1344,859.2608775446548,1.3925706339167787,857.868306910738,875.5638743943357,0.6242758238569219,874.9395985704788,859.2608775446548,875.5638743943357
1345,859.0996169332177,1.580772653380607,857.5188442798371,874.9806854877066,0.572357695153419,874.4083277925532,859.0996169332177,874.9806854877066
1346,859.3547791623847,1.361341090991776,857.9934380713929,877.472314849813,0.9752757042012317,876.4970391456117,859.3547791623847,877.472314849813
1347,858.46480736612,1.2764502766918628,857.1883570894282,876.5256162716987,0.9689133129221328,875.5567029587766,858.46480736612,876.5256162716987
1348,859.9791286252439,1.689157091001881,858.289971534242,876.4270701509842,1.424504077180903,875.0025660738032,859.9791286252439,876.4270701509842
1349,858.6123023279646,1.1743672901487097,857.4379350378158,875.9988777992573,1.3983645844966808,874.6005132147607,858.6123023279646,875.9988777992573
1350,858.7452976916064,1.4673228121184287,857.277974879488,876.3654487893937,1.0077775792872652,875.3576712101063,858.7452976916064,876.3654487893937
1351,859.0744711206631,1.143139567305433,857.9313315533577,877.4413882037427,0.7750193540086138,876.666368849734,859.0744711206631,877.4413882037427
1352,858.6958791664306,1.3647790272185143,857.3311001392121,878.1620438631545,1.183320458899153,876.9787234042553,858.6958791664306,878.1620438631545
1353,859.6378081987037,1.5495773351731452,858.0882308635306,876.5822134094035,0.8772495629939627,875.7049638464096,859.6378081987037,876.5822134094035
1354,858.2692731360489,1.212616927604726,857.0566562084441,876.2150677201596,0.8470179362499968,875.3680497839096,858.2692731360489,876.2150677201596
1355,858.6180202778667,1.3264462461179876,857.2915740317487,875.2631033430708,1.0578278277782684,874.2052755152926,858.6180202778667,875.2631033430708
1356,858.3062197863263,1.6401080634207168,856.6661117229056,876.7254280841097,1.1727456539235217,875.5526824301862,858.3062197863263,876.7254280841097
1357,858.3304696175012,1.0833291795025481,857.2471404379987,875.4751701773481,0.32164208559279744,875.1535280917553,858.3304696175012,875.4751701773481
1358,858.9546439616763,1.4183189533650875,857.5363250083112,874.8411089613082,0.437331534446554,874.4037774268617,858.9546439616763,874.8411089613082
1359,857.2683882990733,1.4904900381856776,855.7778982608876,874.8408197494264,1.057481567910377,873.783338181516,857.2683882990733,874.8408197494264
1360,858.7178522998348,1.51144958208216,857.2064027177527,876.4360241433408,0.7142821220641441,875.7217420212766,858.7178522998348,876.4360241433408
1361,857.9318229875507,1.442044428292107,856.4897785592586,875.114397178305,0.8591923079592116,874.2552048703458,857.9318229875507,875.114397178305
1362,857.6922912559611,1.2777054119617381,856.4145858439994,875.2136645519987,1.7376318890997704,873.4760326628989,857.6922912559611,875.2136645519987
1363,858.5518656775672,1.494139405958196,857.057726271609,878.668179684497,0.8401170182735362,877.8280626662234,858.5518656775672,878.668179684497
1364,857.5225466469976,1.3228500047104155,856.1996966422872,875.7040373188385,1.144591673891595,874.5594456449468,857.5225466469976,875.7040373188385
1365,857.5250382979816,1.454440101505594,856.0705981964761,875.2397027573687,1.4861081762516752,873.753594581117,857.5250382979816,875.2397027573687
1366,858.5319337092657,1.6067134632550655,856.9252202460107,877.0950396923308,2.1554722887404423,874.9395674035904,858.5319337092657,877.0950396923308
1367,857.2255535462593,1.6735632807174896,855.5519902655419,875.5007080087003,0.9183650898172501,874.582342918883,857.2255535462593,875.5007080087003
1368,857.8898483541735,1.3558738486880952,856.5339745054854,875.6378479637998,0.931201105422162,874.7066468583777,857.8898483541735,875.6378479637998
1369,857.3395767411653,1.28212837431025,856.057448366855,873.9487027411765,0.4727428010169496,873.4759599401596,857.3395767411653,873.9487027411765
1370,857.7655208828918,1.4258069949264223,856.3397138879654,875.8735125622851,1.2613844871520996,874.612128075133,857.7655208828918,875.8735125622851
1371,857.1086753579054,1.581845861562389,855.5268294963431,873.1918991220758,0.7742212630332784,872.4176778590426,857.1086753579054,873.1918991220758
1372,857.601425993395,1.210249079748037,856.391176913647,873.3883001867761,0.9342401801271641,872.4540600066489,857.601425993395,873.3883001867761
1373,857.7959054516668,1.4919893321521738,856.3039161195146,873.4810914181649,1.3000637419680332,872.1810276761968,857.7959054516668,873.4810914181649
1374,857.3368275416025,1.4628729309807433,855.8739546106217,873.5388534525607,1.1051558129330898,872.4336976396277,857.3368275416025,873.5388534525607
1375,856.5808279165562,1.3743823443321472,855.2064455722241,875.5650458335876,0.817850853534455,874.7471949800532,856.5808279165562,875.5650458335876
1376,855.8221039804531,1.2081799133819469,854.6139240670711,875.9470126654239,1.1209654579771327,874.8260472074468,855.8221039804531,875.9470126654239
1377,856.8180316784915,1.2954058162075408,855.5226258622839,874.2201176678881,1.050268515627435,873.1698491522607,856.8180316784915,874.2201176678881
1378,857.7461235069848,1.2648548068518335,856.481268700133,873.624168567201,1.0367973903392225,872.5873711768617,857.7461235069848,873.624168567201
1379,857.0876932527791,1.5177690402624455,855.5699242125166,876.1582571559763,0.8311087184763969,875.3271484375,857.0876932527791,876.1582571559763
1380,857.0079535179316,1.4687131069442059,855.5392404109874,873.7315686332419,1.2192681013269628,872.5123005319149,857.0079535179316,873.7315686332419
1381,856.97615006249,1.4350889857779159,855.5410610767121,873.237739223115,1.085561696519243,872.1521775265958,856.97615006249,873.237739223115
1382,857.1497708365638,1.4182450096023844,855.7315258269614,875.3261070860193,1.3848255035725046,873.9412815824468,857.1497708365638,875.3261070860193
1383,857.0912535408947,1.4495493873874559,855.6417041535074,876.3855961104657,1.5086741523539766,874.8769219581117,857.0912535408947,876.3855961104657
1384,855.8545484611011,1.7561857616330714,854.0983626994681,873.3409846336284,1.2061774527772944,872.1348071808511,855.8545484611011,873.3409846336284
1385,856.2120917344347,1.2599510886567704,854.952140645778,874.5049072783044,0.849249449182064,873.6556578291223,856.2120917344347,874.5049072783044
1386,856.1652648953047,1.2194095720001992,854.9458553233045,876.8778703935603,0.8473476209539048,876.0305227726063,856.1652648953047,876.8778703935603
1387,856.0070803035447,1.6941595505526725,854.312920752992,876.3361685225304,1.767476700721903,874.5686918218086,856.0070803035447,876.3361685225304
1388,856.8574837402618,1.501398145597666,855.3560855946643,873.4393819849541,1.4408364397414186,871.9985455452128,856.8574837402618,873.4393819849541
1389,856.3740165122646,1.3531009329760328,855.0209155792886,872.5282778283383,1.4461426887106388,871.0821351396277,856.3740165122646,872.5282778283383
1390,855.6092509189818,1.452033446824297,854.1572174721575,875.0062962897281,1.5583553821482556,873.4479409075798,855.6092509189818,875.0062962897281
1391,857.1090700418708,1.5065257848894342,855.6025442569813,874.2052625899619,1.5575834842438394,872.6476791057181,857.1090700418708,874.2052625899619
1392,856.5238664654341,1.4180237127745405,855.1058427526596,872.5962624207456,1.118255854921138,871.4780065658244,856.5238664654341,872.5962624207456
1393,855.7073563321474,1.57348026208421,854.1338760700631,871.7478034242671,1.691567968814931,870.0562354554521,855.7073563321474,871.7478034242671
1394,856.2743773279672,1.588205816580894,854.6861715113863,871.8431926902305,0.7965774142995794,871.0466152759309,856.2743773279672,871.8431926902305
1395,855.756258119928,1.4515926964739536,854.3046654234541,874.3636842889989,0.6497339897967399,873.7139502992021,855.756258119928,874.3636842889989
1396,855.7833268112959,1.409128060049199,854.3741987512467,874.7504345254695,1.564659093288665,873.1857754321809,855.7833268112959,874.7504345254695
1397,856.2907054627195,1.3686941075832286,854.9220113551363,872.4165049131881,1.0530470508210203,871.363457862367,856.2907054627195,872.4165049131881
1398,855.7114537317068,1.464753526005339,854.2467002057015,875.1375952274242,0.6371069461741345,874.50048828125,855.7114537317068,875.1375952274242
1399,854.692385955139,1.305516565178937,853.3868693899601,874.0701035210427,0.7789112836756604,873.291192237367,854.692385955139,874.0701035210427
1400,854.5636946841915,1.1332838526590074,853.4304108315325,874.3317286105867,1.4596686870493787,872.8720599235372,854.5636946841915,874.3317286105867
1401,855.3800662091755,1.6869444816987564,853.6931217274768,873.6559799376954,1.205587234902889,872.4503927027926,855.3800662091755,873.6559799376954
1402,855.1714203769857,1.200106900423131,853.9713134765625,871.5057028455938,0.9136046906735035,870.5920981549202,855.1714203769857,871.5057028455938
1403,854.9859619483035,1.255452941072748,853.7305090072307,871.6547935338731,1.5090363862666678,870.1457571476063,854.9859619483035,871.6547935338731
1404,855.6441570353952,1.6855427671937233,853.9586142682015,872.9734358990446,1.1010643066243921,871.8723715924202,855.6441570353952,872.9734358990446
1405,854.6812283363431,1.715371662473425,852.9658566738697,873.6704871730601,1.69426750883143,871.9762196642288,854.6812283363431,873.6704871730601
1406,855.1926230951509,1.420221894186862,853.772401200964,874.7148396816659,1.4972948013467993,873.2175448803191,855.1926230951509,874.7148396816659
1407,854.5433975539785,1.5325397892676769,853.0108577647107,874.1544770940822,1.0483642283906327,873.1061128656914,854.5433975539785,874.1544770940822
1408,854.0624359116117,1.2688256431608758,852.7936102684508,873.5271729167472,1.3613442930769413,872.1658286236702,854.0624359116117,873.5271729167472
1409,854.3220688949557,1.3963317980474614,852.9257370969083,870.3922498429075,0.7385347498224136,869.6537150930851,854.3220688949557,870.3922498429075
1410,854.9201116763214,1.476995143326039,853.4431165329953,872.7137742118632,1.2690123268898497,871.4447618849734,854.9201116763214,872.7137742118632
1411,854.8256745961436,1.3253720176029713,853.5003025785405,871.2456296859904,0.8956566972935454,870.3499729886968,854.8256745961436,871.2456296859904
1412,855.2431262485842,1.5066981298175264,853.7364281187666,874.394251166506,1.05064661198474,873.3436045545212,855.2431262485842,874.394251166506
1413,854.1604303685908,1.31792314826174,852.8425072203291,871.2765056173852,0.9857912723054277,870.2907143450798,854.1604303685908,871.2765056173852
1414,853.9093553667215,1.3795429394441716,852.5298124272773,872.0271991060135,1.903456170508202,870.1237429355053,853.9093553667215,872.0271991060135
1415,854.0756964201623,1.2517101232041703,852.8239862969581,872.8799249770793,1.0670717523453084,871.812853224734,854.0756964201623,872.8799249770793
1416,854.20411550428,1.2584757519529222,852.9456397523271,874.2276435710014,1.3742941694056734,872.8533494015958,854.20411550428,874.2276435710014
1417,854.1358309892264,1.2484447483686691,852.8873862408577,870.9550778180995,0.760170487647361,870.1949073304521,854.1358309892264,870.9550778180995
1418,853.8006468890829,1.2252814573176363,852.5753654317652,870.4642726969212,0.44117803269244255,870.0230946642288,853.8006468890829,870.4642726969212
1419,853.5468795256729,1.321513055011313,852.2253664706616,871.3082665179638,1.1615431968201981,870.1467233211437,853.5468795256729,871.3082665179638
1420,853.1976051818817,1.2978937353225464,851.8997114465592,873.6884603906185,1.7315538081716983,871.9569065824468,853.1976051818817,873.6884603906185
1421,854.5901607183066,1.388765480607114,853.2013952376994,870.8108721743239,1.2385130486589797,869.5723591256649,854.5901607183066,870.8108721743239
1422,853.8131518230794,1.5274137911644388,852.2857380319149,871.0703676482465,0.9123723025017596,870.1579953457447,853.8131518230794,871.0703676482465
1423,853.4579478466605,1.1703878504006153,852.28755999626,870.1946752122108,0.8314147401363292,869.3632604720744,853.4579478466605,870.1946752122108
1424,853.5289726875563,1.5699052008542609,851.9590674867021,871.0306947510293,1.3709125036888934,869.6597822473404,853.5289726875563,871.0306947510293
1425,853.3413475095591,1.425412399020601,851.9159351105386,868.4528711958135,1.328536089430464,867.124335106383,853.3413475095591,868.4528711958135
1426,853.3044172528577,1.3676938278243898,851.9367234250333,869.5396432318586,0.9264450935607261,868.6131981382979,853.3044172528577,869.5396432318586
1427,853.1224386882275,1.2354017762427634,851.8870369119848,871.870585735808,1.4499054665261126,870.4206802692819,853.1224386882275,871.870585735808
1428,853.6196876206296,1.3987637301708788,852.2209238904587,870.1405527946797,1.2034371863020228,868.9371156083777,853.6196876206296,870.1405527946797
1429,853.0480961755235,1.2512133838014399,851.796882791722,872.2739617342645,1.56080099623254,870.7131607380319,853.0480961755235,872.2739617342645
1430,853.3826123593335,1.4711938503574817,851.9114185089761,870.9695934513782,0.8178418722558529,870.1517515791223,853.3826123593335,870.9695934513782
1431,853.0258889929095,1.3987371789965224,851.6271518139129,870.2200575280697,0.7257402907026574,869.494317237367,853.0258889929095,870.2200575280697
1432,853.1245317695306,1.4063193983537086,851.7182123711768,871.118652785078,1.2391024193865188,869.8795503656914,853.1245317695306,871.118652785078
1433,853.1855562175525,1.4243699018942548,851.7611863156583,871.2278201630775,0.5222018120136667,870.7056183510638,853.1855562175525,871.2278201630775
1434,852.8213841423709,1.3758924327632214,851.4454917096077,870.3118630470113,1.06018003504327,869.2516830119681,852.8213841423709,870.3118630470113
1435,852.8576283710117,1.3412112126007993,851.516417158411,870.6157768990131,0.9073119721514114,869.7084649268617,852.8576283710117,870.6157768990131
1436,852.8324315833285,1.3373871185678117,851.4950444647607,871.788075760324,0.5912153048718229,871.1968604554521,852.8324315833285,871.788075760324
1437,852.7373216708606,1.3906757474896756,851.346645923371,869.611977222118,1.0366884089530783,868.5752888131649,852.7373216708606,869.611977222118
1438,852.7516281722073,1.619009166638902,851.1326190055685,868.3065563947597,0.8992467205575172,867.4073096742021,852.7516281722073,868.3065563947597
1439,851.9179666249993,1.1921196648098054,850.7258469601895,869.0559483842646,0.8451667187061715,868.2107816655586,851.9179666249993,869.0559483842646
1440,852.6188818752131,1.4406020796679435,851.1782797955452,867.7435935989339,0.5866579273913769,867.1569356715426,852.6188818752131,867.7435935989339
1441,851.968156093137,1.2186067143970347,850.74954937874,871.9461328780397,2.1095616513110222,869.8365712267288,851.968156093137,871.9461328780397
1442,852.688107728324,1.324556365292123,851.3635513630319,872.0409924933251,0.6027133211176446,871.4382791722074,852.688107728324,872.0409924933251
1443,852.651856798639,1.4710420961788995,851.1808147024601,870.6499144599793,0.9432156567877912,869.7066988031914,852.651856798639,870.6499144599793
1444,852.4360292669624,1.3791029454862818,851.0569263214761,872.4985315444621,1.7223617472547166,870.7761697972074,852.4360292669624,872.4985315444621
1445,852.0268658114637,1.2894533384749864,850.7374124729887,871.464774339757,1.351524256645365,870.1132500831117,852.0268658114637,871.464774339757
1446,851.9158271738189,1.3355477626653427,850.5802794111536,867.8184444650691,1.0903547875424648,866.7280896775266,851.9158271738189,867.8184444650691
1447,851.7559173430534,1.186754122059396,850.569163220994,870.9871390195603,1.3935967988156257,869.5935422207447,851.7559173430534,870.9871390195603
1448,852.1499477052625,1.579487162543104,850.5704605427194,871.3132399802512,1.5908330653576142,869.7224069148937,852.1499477052625,871.3132399802512
1449,852.1663124970299,1.7152016571861632,850.4511108398438,869.6098768102362,0.5003148089063928,869.1095620013298,852.1663124970299,869.6098768102362
1450,851.7082349588262,1.2480610475895253,850.4601739112367,871.2749245280916,1.112295704953214,870.1626288231383,851.7082349588262,871.2749245280916
1451,851.9154008110153,1.3954267314773925,850.5199740795379,867.8389226071378,0.8430158584675891,866.9959067486702,851.9154008110153,867.8389226071378
1452,851.6975711901138,1.5720140819853925,850.1255571081283,870.310919122493,1.576897347227056,868.734021775266,851.6975711901138,870.310919122493
1453,851.6156280089883,1.4243646072263414,850.191263401762,869.8636536801115,0.8451301594997974,869.0185235206117,851.6156280089883,869.8636536801115
1454,850.9676033577069,1.3797737678631823,849.5878295898438,869.3609558369251,0.8663892644516965,868.4945665724734,850.9676033577069,869.3609558369251
1455,851.9056404913042,1.287356955732437,850.6182835355718,872.1934802481469,0.8576881936255921,871.3357920545212,851.9056404913042,872.1934802481469
1456,851.5835366445652,1.6934245996018673,849.8901120449634,868.5801500690744,1.0853757173457044,867.4947743517288,851.5835366445652,868.5801500690744
1457,851.7714576755274,1.3590794861158157,850.4123781894116,867.9633186421496,0.7340238449421335,867.2292947972074,851.7714576755274,867.9633186421496
1458,851.5393438358257,1.2876829004034083,850.2516609354223,868.3996530948801,0.8798725097737414,867.5197805851063,851.5393438358257,868.3996530948801
1459,851.487237108039,1.3887757134247334,850.0984613946143,868.322352203917,1.3712426626935919,866.9511095412234,851.487237108039,868.322352203917
1460,851.1614907989476,1.004538245340611,850.1569525536071,868.2932683001173,1.195445826713075,867.0978224734042,851.1614907989476,868.2932683001173
1461,851.2300886920792,1.3979093993597842,849.8321792927194,867.5424940662181,0.7152001832393889,866.8272938829788,851.2300886920792,867.5424940662181
1462,850.583911028869,1.246541150627618,849.3373698782414,868.2195918357119,0.5157603862437796,867.7038314494681,850.583911028869,868.2195918357119
1463,851.8834925815463,1.560986711782344,850.322505869764,869.3290859080375,1.1657610243939338,868.1633248836437,851.8834925815463,869.3290859080375
1464,850.9598434331252,1.2796364849869242,849.6802069481383,869.8255599699122,0.7404016421196309,869.0851583277926,850.9598434331252,869.8255599699122
1465,850.646132129938,1.2932047799546669,849.3529273499834,867.2743485328999,0.8653766246552163,866.4089719082447,850.646132129938,867.2743485328999
1466,850.7957149325533,1.5517041695878862,849.2440107629654,867.8461224373351,1.2342540862712454,866.6118683510638,850.7957149325533,867.8461224373351
1467,850.402992071465,1.3643840885859855,849.038607982879,868.3949724334351,0.9403929786479219,867.4545794547872,850.402992071465,868.3949724334351
1468,850.6138899738485,1.3151047033198335,849.2987852705286,869.7594971834345,0.9736552618919535,868.7858419215426,850.6138899738485,869.7594971834345
1469,850.3993999274804,1.212479112154626,849.1869208153258,867.1821614630679,1.1667338533604399,866.0154276097074,850.3993999274804,867.1821614630679
1470,850.6786737853383,1.6164529887127115,849.0622207966256,867.9285906312314,0.8047957509121997,867.1237948803191,850.6786737853383,867.9285906312314
1471,850.8185972743371,1.3009905796894368,849.5176066946476,869.8136358032835,0.8617159229643802,868.9519198803191,850.8185972743371,869.8136358032835
1472,850.4105881943982,1.3606393600397921,849.0499488343584,870.2204699110478,1.8428518924307316,868.377618018617,850.4105881943982,870.2204699110478
1473,850.5062689185143,1.4577290872310071,849.0485398312833,868.608216909652,0.6686391170988691,867.9395777925532,850.5062689185143,868.608216909652
1474,849.7247318581063,1.3179987713377526,848.4067330867687,867.6339503831052,1.0847794223339,866.5491709607712,849.7247318581063,867.6339503831052
1475,850.2226535944228,1.2686559215505073,848.9539976728723,867.482461838012,1.2818717449269397,866.2005900930851,850.2226535944228,867.482461838012
1476,850.5008560902578,1.5320969999153564,848.9687590903425,868.2887281661338,0.8712684753093314,867.4174596908244,850.5008560902578,868.2887281661338
1477,849.6876499371484,1.1054135051337963,848.5822364320146,866.553509765483,1.0084112781159422,865.545098487367,849.6876499371484,866.553509765483
1478,850.3768710443314,1.4636617378985628,848.9132093064328,867.5170519808505,1.0563742049196934,866.4606777759309,850.3768710443314,867.5170519808505
1479,849.2587114435403,1.3725238292616733,847.8861876142786,867.8371283957299,0.9152326178043446,866.9218957779256,849.2587114435403,867.8371283957299
1480,849.9442430407285,1.276971649854107,848.6672713908744,867.8986126869282,0.7187693524867931,867.1798433344414,849.9442430407285,867.8986126869282
1481,849.4185471219268,1.7631191486056814,847.6554279733211,866.9688616813497,1.3213072431848405,865.6475544381649,849.4185471219268,866.9688616813497
1482,850.5665447576407,1.44725219406029,849.1192925635804,868.9002884093751,0.8684046826464065,868.0318837267288,850.5665447576407,868.9002884093751
1483,849.7058634277671,1.1516122642032645,848.5542511635638,866.5691916676278,0.5094862986118236,866.059705369016,849.7058634277671,866.5691916676278
1484,849.985999919157,1.4372821768864672,848.5487177422706,866.2071899809736,1.9235193526491206,864.2836706283244,849.985999919157,866.2071899809736
1485,850.4259101365634,1.4184352778532403,849.0074748587101,867.0016635732447,0.9888124263032954,866.0128511469414,850.4259101365634,867.0016635732447
1486,849.4172945034472,1.4401190546440317,847.9771754488032,866.1303825885692,0.8207291643670265,865.3096534242021,849.4172945034472,866.1303825885692
1487,849.4362640731196,1.4158627474878698,848.0204013256316,867.5399470735103,1.5387627317550334,866.0011843417553,849.4362640731196,867.5399470735103
1488,849.4569959627821,1.2116008705281196,848.245395092254,865.5266476894947,0.6358564660904256,864.8907912234042,849.4569959627821,865.5266476894947
1489,849.259770930606,1.187011829874617,848.0727591007313,868.3985868768489,0.388509582965932,868.010077293883,849.259770930606,868.3985868768489
1490,849.3907049366451,1.4176006626258506,847.9731042740193,866.0295260104728,0.7866632278929365,865.2428627825798,849.3907049366451,866.0295260104728
1491,848.7312630494224,1.4238185784284105,847.307444470994,865.9586981991504,0.7768290169695591,865.1818691821809,848.7312630494224,865.9586981991504
1492,850.1374857033345,1.3473557374103273,848.7901299659242,865.5028260007817,1.4346432381487908,864.068182762633,850.1374857033345,865.5028260007817
1493,848.3868135841603,1.2749010800047125,847.1119125041556,865.1417538866084,0.5422899570870907,864.5994639295212,848.3868135841603,865.1417538866084
1494,849.0116050048395,1.2566910254511428,847.7549139793883,865.6665673357376,1.2154577945141083,864.4511095412234,849.0116050048395,865.6665673357376
1495,849.1037600641238,1.4224934417833672,847.6812666223404,866.8251306528741,0.48370778053364855,866.3414228723404,849.1037600641238,866.8251306528741
1496,848.837240133276,1.3623931107527398,847.4748470225232,866.8007275005605,0.714769222634904,866.0859582779256,848.837240133276,866.8007275005605
1497,848.2812989812265,1.2767395251925955,847.0045594560339,866.5360418279121,1.3636681576992602,865.1723736702128,848.2812989812265,866.5360418279121
1498,848.0054993136449,1.1782119237679116,846.827287389877,865.3672730161788,1.335191899157585,864.0320811170212,848.0054993136449,865.3672730161788
1499,848.2643163854137,1.3592234561417966,846.905092929272,867.574582820243,0.8654529997643005,866.7091298204788,848.2643163854137,867.574582820243
1500,848.1323608486576,1.4263555087307667,846.7060053399268,866.8835836167032,0.6878555581924763,866.1957280585107,848.1323608486576,866.8835836167032
