file,DDA_check,SF_check,Npp,Dmob,Dve,V/V0,Mtot/Mbc,core_Df,core_Df_error,Df,Df_error,x,coating_RI,wavelength,core_PSP,Cext,Qext,Cabs,Qabs,SSA,g,Cext_HS,Qext_HS,Cabs_HS,Qabs_HS,SSA_HS,g_HS,Cext_CS,Qext_CS,Cabs_CS,Qabs_CS,SSA_CS,g_CS
coated_2_1,TRUE,TRUE,28,0.178167,0.121537,1,1,1.76891,0.0282701,2.080580124,0,0.448060544,(1.6+0j),0.7,0.213940952,0.009513711,0.820055102,0.008699284,0.749853819,0.085605569,0.270920362,0.00947664,0.816859706,0.008327318,0.717791372,0.121279497,0.066140142,0.00947664,0.816859706,0.008327318,0.717791372,0.121279497,0.066140142
coated_2_2,TRUE,TRUE,28,0.212089,0.1526456,1.98733,1.65822,1.75672,0.032673,1.97919171,0,0.415192507,(1.6+0.29484j),0.3,0.499255732,0.050413231,2.754774583,0.032050442,1.75136053,0.36424543,0.725672459,0.048799339,2.666585297,0.027505314,1.502997113,0.436358884,0.551949912,0.046864708,2.560869516,0.026902186,1.470039876,0.425960649,0.534572068
coated_2_3,TRUE,TRUE,28,0.236641,0.1815406,3.33646,2.55764,1.74057,0.028973,2.298374493,0,0.391745984,(1.6+0j),1,0.156054314,0.008855559,0.342120092,0.007653154,0.29566713,0.135779697,0.199265715,0.008520509,0.329175956,0.007247823,0.280007812,0.149367359,0.070171217,0.008613814,0.332780651,0.007241674,0.279770261,0.159295288,0.057771417
coated_2_4,TRUE,TRUE,28,0.327625,0.28235,12.57361,8.71574,1.74511,0.0266969,3,0,0.358700415,(1.6+0j),1.15,0.139077807,0.015809796,0.252499665,0.007893581,0.126069092,0.500715805,0.192065297,0.015223141,0.243130142,0.007508746,0.119922846,0.50675451,0.12440501,0.016105206,0.257217688,0.008057526,0.128687466,0.499694334,0.114128387
coated_2_5,TRUE,TRUE,28,0.53896,0.50311,71.04145,47.6943,1.91471,0.00975629,3,0,0.342395266,(1.6+0.27529j),0.35,0.624598422,0.559272942,2.813248061,0.28748706,1.446113968,0.485962867,0.945100306,0.542404169,2.728394959,0.281177602,1.414376206,0.481608702,0.849102452,0.545490296,2.743918758,0.281353458,1.415260794,0.484219134,0.850771089
coated_2_6,TRUE,TRUE,28,0.501229,0.469836,58.0774,39.0516,1.90932,0.0145945,3,0,0.342085011,(1.6+0j),0.75,0.290638633,0.417843164,2.410076564,0.023135399,0.133442612,0.944631381,0.742832488,0.428089471,2.469176213,0.021358833,0.123195563,0.950106614,0.590373528,0.429137934,2.475223639,0.02414588,0.139270963,0.943733988,0.58641272
coated_2_7,TRUE,TRUE,28,0.511091,0.471102,58.33915,39.2261,2.02989,0.0225933,3,0,0.344345307,(1.6+0.10356j),0.95,0.276282634,0.290538236,1.666800098,0.109272914,0.626892026,0.623894895,0.722318946,0.294799105,1.691244447,0.110422432,0.633486746,0.625431589,0.57730297,0.29412868,1.687398257,0.111154902,0.637688879,0.622087509,0.572965173
coated_2_8,TRUE,TRUE,28,0.312874,0.279128,12.149665,8.43311,2.00719,0.0230112,3,0,0.352915144,(1.6+0.1896j),0.75,0.374939676,0.078205819,1.278033909,0.046276413,0.756245839,0.408274043,0.409386333,0.077251459,1.262437832,0.045567243,0.744656629,0.410143922,0.329481798,0.078718447,1.286411243,0.046392076,0.758135998,0.410658138,0.30520221
coated_2_9,TRUE,TRUE,28,0.54937,0.516002,76.6045,51.403,2.01789,0.0275762,3,0,0.34150122,(1.6+0.01122j),0.75,0.427832005,0.553104995,2.644934549,0.0448233,0.214343924,0.918960594,0.753869563,0.557595421,2.666407654,0.04160576,0.198957726,0.925383605,0.612971851,0.552553513,2.642297372,0.046330461,0.22155113,0.916152083,0.60706696
coated_2_10,TRUE,TRUE,28,0.448171,0.413946,39.6703,26.7802,2.00428,0.0149239,3,0,0.344664701,(1.6+0j),1,0.335681724,0.112593234,0.836633082,0.013900786,0.10329091,0.876539773,0.497760586,0.1096656,0.814879062,0.01211468,0.090019107,0.889530716,0.395810009,0.112423802,0.835374101,0.014407026,0.107052565,0.87185075,0.378379255
coated_3_1,TRUE,TRUE,34,0.211279,0.129553,1,1,1.77705,0.023915,1.948688456,0,0.472057254,(1.6+0j),0.55,0.251166338,0.015680533,1.189531627,0.013541893,1.02729352,0.136388225,0.46855716,0.018540802,1.406512773,0.014323426,1.086580943,0.227464575,0.124796889,0.018540802,1.406512773,0.014323426,1.086580943,0.227464575,0.124796889
coated_3_2,TRUE,TRUE,34,0.23176,0.1475832,1.47856,1.31904,1.77632,0.0305371,1.998984543,0,0.448565276,(1.6+0.29637j),0.35,0.394721065,0.039938466,2.334681566,0.028554428,1.669205216,0.28503945,0.663255228,0.044294173,2.589302952,0.026278886,1.536183947,0.406719115,0.425560876,0.043973718,2.570570167,0.025972665,1.518283215,0.409359358,0.400458271
coated_3_3,TRUE,TRUE,34,0.411287,0.354252,20.4514,13.9676,1.80163,0.0257867,3,0,0.356147625,(1.6+0.01847j),1.05,0.140664795,0.055841589,0.566556553,0.017920638,0.181818873,0.679080806,0.338981543,0.054913663,0.557142017,0.017146803,0.173967715,0.687749785,0.24690348,0.057956187,0.588010803,0.019127601,0.194064462,0.669964462,0.229859894
coated_3_4,TRUE,TRUE,34,0.425475,0.366326,22.6021,15.4014,1.78375,0.0264232,3,0,0.355862542,(1.6+0j),1.15,0.131830623,0.045221215,0.429058845,0.011260051,0.106835351,0.751000703,0.294147183,0.04390292,0.416550858,0.010559786,0.100191239,0.759474175,0.214613476,0.046586806,0.442015573,0.012293329,0.116639094,0.736119944,0.201353188
coated_3_5,TRUE,TRUE,34,0.498766,0.453916,43.01725,29.0115,1.83339,0.0312064,3,0,0.346263705,(1.6+0.19011j),0.4,0.426770477,0.519340657,3.209308447,0.225639608,1.394358576,0.56552678,0.916980533,0.50414731,3.115419905,0.220292195,1.361313799,0.563040027,0.811349179,0.499969009,3.089599747,0.218535639,1.350459012,0.56290163,0.800620609
coated_3_6,TRUE,TRUE,34,0.361847,0.316182,14.53135,10.0209,1.86254,0.0305369,3,0,0.355083835,(1.6+0j),0.45,0.389039366,0.213554328,2.719845359,0.039902716,0.508204255,0.813149577,0.793331431,0.224272112,2.856347927,0.037993827,0.48389248,0.830590498,0.645431147,0.201211018,2.562639951,0.038615088,0.491804909,0.808086615,0.593952375
coated_3_7,TRUE,TRUE,34,0.393731,0.341688,18.35185,12.5679,1.83319,0.0251142,3,0,0.355364206,(1.6+0j),0.55,0.316092746,0.213480691,2.328140919,0.034363811,0.374758932,0.839030821,0.762999053,0.22920461,2.499620132,0.032265326,0.351873636,0.859229156,0.600567448,0.222427228,2.425708525,0.036132209,0.394044415,0.83755492,0.58452219
coated_3_8,TRUE,TRUE,34,0.560273,0.5123,61.82695,41.5513,1.86713,0.0354244,3,0,0.345034338,(1.6+0.0016j),1.2,0.172198951,0.181782166,0.881886472,0.015651271,0.075929585,0.913900953,0.521700754,0.177282627,0.860057692,0.014293808,0.069344075,0.919372763,0.424183354,0.179788633,0.872215174,0.016467881,0.079891233,0.908404215,0.411927784
coated_3_9,TRUE,TRUE,34,0.548076,0.502208,58.3051,39.2034,1.87668,0.0469125,3,0,0.344847816,(1.6+0j),1.05,0.202169992,0.237291644,1.19791309,0.017505667,0.088373395,0.926227207,0.670803935,0.239470868,1.208914409,0.016922761,0.085430726,0.929332692,0.540678434,0.239304137,1.208072706,0.018260422,0.092183603,0.923693663,0.527073448
coated_3_10,TRUE,TRUE,34,0.593944,0.559864,80.7334,54.1556,1.9875,0.0168627,3,0,0.340797688,(1.6+0j),0.7,0.363279258,0.870760196,3.537069567,0.036871647,0.149774395,0.957655796,0.823455687,0.891840295,3.622697937,0.034040292,0.138273295,0.961831404,0.699228069,0.868112431,3.526314221,0.038897435,0.158003241,0.955193091,0.676122766
coated_4_1,TRUE,TRUE,26,0.18643,0.118553,1,1,1.81939,0.0374087,2.024633153,0,0.472220823,(1.6+0j),0.9,0.170682113,0.006524462,0.59105748,0.006219808,0.563458584,0.046694099,0.164039885,0.005851905,0.530129911,0.005493971,0.497704246,0.061165507,0.038019503,0.005851905,0.530129911,0.005493971,0.497704246,0.061165507,0.038019503
coated_4_2,TRUE,TRUE,26,0.473941,0.425932,46.41895,31.2793,1.81724,0.0371946,3,0,0.348384082,(1.6+0j),0.7,0.219472108,0.327622391,2.299339791,0.023792852,0.16698447,0.927377211,0.750353528,0.34164177,2.397731465,0.021737982,0.152562852,0.936372002,0.594950275,0.342224521,2.401821367,0.023785218,0.166930892,0.930498207,0.589690527
coated_4_3,TRUE,TRUE,26,0.349412,0.30587,17.21215,11.8081,1.82612,0.0330964,3,0,0.355141462,(1.6+0.00144j),0.85,0.181869892,0.048675389,0.662438829,0.013109976,0.178417828,0.730665202,0.368160404,0.047256932,0.6431346,0.01199963,0.163306779,0.746076826,0.287197999,0.050465268,0.686797859,0.014226515,0.193613166,0.718092939,0.262304648
coated_4_4,TRUE,TRUE,26,0.533237,0.489982,70.7284,47.4856,1.81554,0.0267232,3,0,0.344588264,(1.6+0.15047j),0.55,0.285504573,0.604551853,3.206146943,0.224291645,1.189495936,0.62899519,0.880869904,0.603669651,3.201468323,0.218828638,1.160523725,0.637502668,0.763334995,0.591129976,3.134966102,0.217138938,1.151562664,0.632671414,0.744019165
coated_4_5,TRUE,TRUE,26,0.53264,0.487472,69.5944,46.7296,1.79668,0.0392845,3,0,0.34514672,(1.6+0.15815j),0.9,0.190955042,0.380037967,2.036281213,0.164253444,0.880086285,0.567797277,0.764773077,0.389282989,2.085816959,0.166745561,0.893439294,0.571659781,0.615717935,0.388465796,2.081438357,0.167890655,0.899574823,0.567810971,0.617397935
coated_4_6,TRUE,TRUE,26,0.51741,0.475308,64.66,43.44,1.83252,0.0500728,3,0,0.344763598,(1.6+0.1845j),1.1,0.196752813,0.259058527,1.460016495,0.134538599,0.758240139,0.480663306,0.587706544,0.259935769,1.464960503,0.135202711,0.761982979,0.479861077,0.456301196,0.260364617,1.467377432,0.135565656,0.764028483,0.479323815,0.450725531
coated_4_7,TRUE,TRUE,26,0.449846,0.419502,44.407,29.938,1.92,0.0214225,3,0,0.343238496,(1.6+0.00947j),0.95,0.244289258,0.139696868,1.010715014,0.020254657,0.14654363,0.85500994,0.586291723,0.138711352,1.003584749,0.019146114,0.138523258,0.861971539,0.462688943,0.140280459,1.014937325,0.020946442,0.151548731,0.850681685,0.445849082
coated_4_8,TRUE,TRUE,26,0.321827,0.28041,13.280665,9.18711,1.92509,0.0267998,3,0,0.356914039,(1.6+0.22052j),0.4,0.586362834,0.167866804,2.718240921,0.081812161,1.324771536,0.512636453,0.835571979,0.17160497,2.778772462,0.080327492,1.300730515,0.531904633,0.707605223,0.162381323,2.629415384,0.080233826,1.299213811,0.50589252,0.704836962
coated_4_9,TRUE,TRUE,26,0.402,0.367332,29.746,20.164,1.9165,0.0359628,3,0,0.346890737,(1.6+0.02973j),1.15,0.213203228,0.052560453,0.495965755,0.017953064,0.169406932,0.658430183,0.285128315,0.04982479,0.470151761,0.016667093,0.157272375,0.665485938,0.216984781,0.051705754,0.487900732,0.017839493,0.168335261,0.654980511,0.206911928
coated_4_10,TRUE,TRUE,26,0.495926,0.460766,58.70695,39.4713,1.92844,0.0324417,3,0,0.343362803,(1.6+0j),0.6,0.40863952,0.524552608,3.145852233,0.029065875,0.174314158,0.94458921,0.800687358,0.547764474,3.285058671,0.028413645,0.170402598,0.948127989,0.679187415,0.527127882,3.161296694,0.031528286,0.189081758,0.940188544,0.653339374
coated_5_1,TRUE,TRUE,30,0.185667,0.1242226,1,1,1.77052,0.022116,2.026124576,0,0.451547584,(1.6+0.01779j),1.1,0.154917352,0.005912817,0.487869155,0.005724715,0.472348701,0.031812739,0.126092445,0.005185339,0.427844554,0.004975207,0.41050652,0.040524144,0.028005828,0.005185339,0.427844554,0.004975207,0.41050652,0.040524144,0.028005828
coated_5_2,TRUE,TRUE,30,0.219892,0.161533,2.200705,1.80047,1.77621,0.0152585,2.174296075,0,0.406987733,(1.6+0.18544j),0.4,0.452128991,0.039299521,1.917674326,0.026647943,1.300323131,0.321927027,0.643505873,0.044680418,2.180242646,0.027000659,1.317534419,0.395693676,0.411971632,0.04461011,2.17681187,0.026803607,1.307918966,0.399158474,0.36301211
coated_5_3,TRUE,TRUE,30,0.271383,0.213528,5.070655,3.71377,1.81126,0.0251493,2.707862265,0,0.381050566,(1.6+0j),1.15,0.165569701,0.009101836,0.254173037,0.007327781,0.204631718,0.194911777,0.119955403,0.008657961,0.241777597,0.006979069,0.194893755,0.193913096,0.072250445,0.008805373,0.245894148,0.007015851,0.195920908,0.203230702,0.061891544
coated_5_4,TRUE,TRUE,30,0.375412,0.333584,19.3531,13.2354,1.92203,0.0261981,3,0,0.351898245,(1.6+0.22431j),0.55,0.385101584,0.213436131,2.44212356,0.104831788,1.19947911,0.508837665,0.796011046,0.214186842,2.450713157,0.102351657,1.171101592,0.522138448,0.646544299,0.209069733,2.392163503,0.103263809,1.181538379,0.506079589,0.653930076
coated_5_5,TRUE,TRUE,30,0.603573,0.5697,96.47305,64.6487,1.97876,0.0156351,3,0,0.340581335,(1.6+0.03532j),0.5,0.434896772,0.996768074,3.910315495,0.163796132,0.642571294,0.835672775,0.880886367,0.997968244,3.915023757,0.160081699,0.627999596,0.839592392,0.746484261,0.990559958,3.885961091,0.15852381,0.621888006,0.839965457,0.72801211
coated_5_6,TRUE,TRUE,30,0.553392,0.523344,74.7202,50.1468,2.16068,0.0183787,3,0,0.340570441,(1.6+0j),0.8,0.317687379,0.548398294,2.549363212,0.024045817,0.111782843,0.956152641,0.734473081,0.549392226,2.553983749,0.020914442,0.097225884,0.961931675,0.590189588,0.54934444,2.553761604,0.024987259,0.11615937,0.954514404,0.586586506
coated_5_7,TRUE,TRUE,30,0.599632,0.562618,92.9977,62.3318,2.18481,0.0134803,3,0,0.341366863,(1.6+0.31871j),0.3,0.910748502,0.639774068,2.573413093,0.339621995,1.366088019,0.469153233,0.961837437,0.628158282,2.526690011,0.333288819,1.34061359,0.469419049,0.878086392,0.62941997,2.531764999,0.33354074,1.341626912,0.470082368,0.878641074
coated_5_8,TRUE,TRUE,30,0.471319,0.439916,44.43175,29.9545,2.20041,0.0211532,3,0,0.342919078,(1.6+0.25605j),0.35,0.795411337,0.444004869,2.921180114,0.220129034,1.448264649,0.504219325,0.932728135,0.439401618,2.890894577,0.2179202,1.433732374,0.504052349,0.834258486,0.440274109,2.89663484,0.217700442,1.432286548,0.505534309,0.833458284
coated_5_9,TRUE,TRUE,30,0.552368,0.522832,74.45725,49.9715,2.19114,0.0168836,3,0,0.340459943,(1.6+0.15671j),0.75,0.383426918,0.575955078,2.682714204,0.22248496,1.036302282,0.613711263,0.812665152,0.581182838,2.707064345,0.221296754,1.030767794,0.619230405,0.688289607,0.574221364,2.674638819,0.222807118,1.03780285,0.611983927,0.687042148
coated_5_10,TRUE,TRUE,30,0.4328,0.403478,34.2472,23.1648,2.24302,0.0258774,3,0,0.343451089,(1.6+0j),0.65,0.521976827,0.309936659,2.424059901,0.028418731,0.222267051,0.908307938,0.735311759,0.314961043,2.463356336,0.025824359,0.201976089,0.918007766,0.594356006,0.313575296,2.452518213,0.029076721,0.227413281,0.907273561,0.58615161
coated_6_1,TRUE,TRUE,31,0.197842,0.125645,1,1,1.78674,0.0204713,1.927647529,0,0.465552971,(1.6+0.10556j),0.7,0.182582763,0.010512515,0.84786426,0.009625959,0.776361003,0.084333377,0.356438981,0.010716708,0.864333037,0.009314137,0.751211639,0.130877095,0.070764214,0.010716708,0.864333037,0.009314137,0.751211639,0.130877095,0.070764214
coated_6_2,TRUE,TRUE,31,0.25531,0.1794714,2.90881,2.27254,1.80963,0.0373967,2.257305369,0,0.411599067,(1.6+0.18684j),0.8,0.159773505,0.018627736,0.736342196,0.015892124,0.628205249,0.146856921,0.303691328,0.018561707,0.733732121,0.01515745,0.59916407,0.183402153,0.108635445,0.018915171,0.747704322,0.015330434,0.60600201,0.189516507,0.092303054
coated_6_3,TRUE,TRUE,31,0.539979,0.469722,52.2379,35.1586,1.81622,0.0335674,3,0,0.352195753,(1.6+0.00092j),0.8,0.16448902,0.373009514,2.152525102,0.026046756,0.15030795,0.930171337,0.747733839,0.392331468,2.264026254,0.024914464,0.143773838,0.936496391,0.60173719,0.392897512,2.267292724,0.025992075,0.149992404,0.933845153,0.596781536
coated_6_4,TRUE,TRUE,31,0.601186,0.54389,81.11725,54.4115,1.79122,0.0196268,3,0,0.34612547,(1.6+0.23352j),0.5,0.27223613,0.724148871,3.116849475,0.331432532,1.426537213,0.542314371,0.914307983,0.708402519,3.049074721,0.3244453,1.396463079,0.54200431,0.812642622,0.704537164,3.032437633,0.32358859,1.392775665,0.540707565,0.807826129
coated_6_5,TRUE,TRUE,31,0.40886,0.350216,21.66355,14.7757,1.79649,0.0191891,3,0,0.357119231,(1.6+0j),1,0.137311708,0.054846013,0.569355102,0.012596864,0.130767732,0.770323069,0.373167967,0.053813258,0.558634099,0.011695493,0.121410621,0.782665216,0.267246325,0.057137018,0.593137962,0.013936049,0.144669779,0.756094218,0.248569404
coated_6_6,TRUE,TRUE,31,0.408926,0.3632,24.17755,16.4517,1.97875,0.0508419,3,0,0.351250616,(1.6+0j),0.35,0.504151177,0.403728451,3.896797108,0.053979919,0.521015529,0.86629647,0.854250297,0.437848808,4.226127647,0.055143143,0.532242997,0.87405894,0.724085352,0.41447698,4.000542182,0.039731355,0.383488031,0.904140985,0.637825327
coated_6_7,TRUE,TRUE,31,0.480519,0.433634,41.0653,27.7102,2.01986,0.0491847,3,0,0.347692274,(1.6+0.01523j),0.9,0.20754062,0.193224823,1.308357364,0.03100481,0.209938719,0.839540232,0.672820433,0.196454275,1.330224524,0.031149386,0.210917668,0.841442054,0.5514423,0.19583731,1.326046949,0.032435169,0.219623916,0.834376969,0.534988895
coated_6_8,TRUE,TRUE,31,0.320953,0.277234,10.748245,7.49883,2.13235,0.0411249,3,0,0.358545817,(1.6+0j),0.55,0.409484464,0.100360175,1.662564664,0.027970979,0.463366689,0.721294035,0.706404565,0.107395444,1.779110794,0.028517413,0.472418894,0.734463477,0.590895834,0.102884819,1.704387876,0.029957854,0.496281208,0.70882144,0.546916937
coated_6_9,TRUE,TRUE,31,0.513952,0.485268,57.5845,38.723,2.18533,0.0421264,3,0,0.341003293,(1.6+0.00812j),0.6,0.453214929,0.642334814,3.473027901,0.053734753,0.290537415,0.916344636,0.824111806,0.676424633,3.657347499,0.053745868,0.290597514,0.920544188,0.710951079,0.652864424,3.529960252,0.056331016,0.304575101,0.91371713,0.677610558
coated_6_10,TRUE,TRUE,31,0.432324,0.400858,32.45875,21.9725,2.18533,0.0421264,3,0,0.34426276,(1.6+0.28786j),0.35,0.776939879,0.37328448,2.957800933,0.186463361,1.47748308,0.500479203,0.922816204,0.364289546,2.886527617,0.181620981,1.439113426,0.501437846,0.822666,0.361773749,2.866593148,0.180634042,1.4312932,0.500698869,0.816430695
coated_7_1,TRUE,TRUE,32,0.194346,0.1270194,1,1,1.81978,0.0173197,2.163080573,0,0.456026202,(1.6+0.05449j),0.85,0.201237987,0.008610253,0.679494426,0.008081505,0.63776733,0.061409033,0.232200156,0.00811747,0.640605588,0.007431755,0.586491039,0.084474051,0.048895573,0.00811747,0.640605588,0.007431755,0.586491039,0.084474051,0.048895573
coated_7_2,TRUE,TRUE,32,0.215846,0.1523876,1.730155,1.48677,1.79743,0.0219911,2.104868084,0,0.420093575,(1.6+0j),0.45,0.389126839,0.027793617,1.523898107,0.019797826,1.085496334,0.28768444,0.527469352,0.032186374,1.764748859,0.020585138,1.128663903,0.360439364,0.287731023,0.033480399,1.835699048,0.020945835,1.148440626,0.374385127,0.235286191
coated_7_3,TRUE,TRUE,32,0.265513,0.207742,4.386385,3.25759,1.77461,0.0313514,2.164699877,0,0.382980105,(1.6+0j),0.45,0.405586464,0.056105556,1.655264394,0.026344553,0.777234981,0.530446626,0.641992719,0.063686577,1.878924854,0.028631652,0.844710531,0.550428784,0.535357653,0.06118282,1.805057309,0.029230951,0.862391458,0.522235968,0.457246747
coated_7_4,TRUE,TRUE,32,0.326464,0.275782,10.241425,7.16095,1.76222,0.0347656,3,0,0.362460291,(1.6+0j),0.85,0.238662499,0.035430181,0.593132416,0.014383126,0.240786195,0.594043103,0.326615239,0.034246306,0.573313296,0.013285794,0.222415881,0.612051766,0.229425895,0.037450882,0.62696073,0.015393736,0.257704691,0.588961989,0.201267504
coated_7_5,TRUE,TRUE,32,0.554391,0.511802,65.56555,44.0437,1.92278,0.032781,3,0,0.343785871,(1.6+0.07359j),0.85,0.316657368,0.473094184,2.299607788,0.124922587,0.607221485,0.73594563,0.771397096,0.479998507,2.333168197,0.122917247,0.597473968,0.743921605,0.620216214,0.479269396,2.329624146,0.125635035,0.610684543,0.737861344,0.621227503
coated_7_6,TRUE,TRUE,32,0.557898,0.524942,70.7092,47.4728,1.95367,0.021362,3,0,0.341217134,(1.6+0j),0.35,0.790507989,0.772700634,3.570250956,0.051028481,0.235776283,0.933960865,0.830806843,0.713428267,3.296383928,0.069977667,0.323330692,0.901913521,0.596262154,0.755021486,3.488564732,0.039924211,0.18446918,0.947121755,0.542034822
coated_7_7,TRUE,TRUE,32,0.608868,0.578168,94.34005,63.2267,1.9923,0.0259715,3,0,0.339790004,(1.6+0j),0.55,0.543241731,1.113414115,4.240906906,0.039026816,0.148650076,0.964948517,0.834367853,1.177859408,4.486373967,0.043147606,0.164345844,0.963367779,0.704420824,1.161395407,4.423663879,0.034864958,0.132797885,0.969980114,0.677106026
coated_7_8,TRUE,TRUE,32,0.511745,0.463676,48.8401,32.8934,2.05035,0.0311098,3,0,0.34675212,(1.6+0j),0.4,0.806892297,0.688609519,4.078062767,0.044980718,0.266383467,0.934678919,0.848272934,0.681019559,4.033113733,0.04743316,0.280907249,0.930349782,0.716437754,0.667694129,3.954198268,0.042864191,0.253849033,0.935802654,0.667073291
coated_7_9,TRUE,TRUE,32,0.451622,0.410968,33.9832,22.9888,1.99398,0.023662,3,0,0.346830463,(1.6+0j),0.55,0.609305209,0.390649249,2.944971513,0.035159595,0.265056202,0.909997023,0.783458802,0.411839473,3.104717392,0.034891478,0.263034962,0.915278936,0.66730224,0.386515283,2.913806954,0.036474611,0.27496966,0.905632163,0.628019703
coated_7_10,TRUE,TRUE,32,0.575786,0.542342,77.9188,52.2792,2.02192,0.0483352,3,0,0.340984384,(1.6+0j),0.7,0.4971244,0.742591644,3.214502,0.032157805,0.139203464,0.95669517,0.80516646,0.77424594,3.35152589,0.030799709,0.133324591,0.960219734,0.682409436,0.75245481,3.257197289,0.03552144,0.153763837,0.952792593,0.66268085
coated_8_1,TRUE,TRUE,36,0.203164,0.132076,1,1,1.80877,0.034406,2.125797873,0,0.453505433,(1.6+0j),0.9,0.170997944,0.009091803,0.663609096,0.008542195,0.623493276,0.06045098,0.191385798,0.008534152,0.622906234,0.007845259,0.572624088,0.080721854,0.047155214,0.008534152,0.622906234,0.007845259,0.572624088,0.080721854,0.047155214
coated_8_2,TRUE,TRUE,36,0.232127,0.1618206,1.83943,1.55962,1.82563,0.0292376,2.549317496,0,0.419384191,(1.6+0.00865j),0.75,0.205833826,0.015275885,0.742760651,0.012912716,0.627856063,0.154699346,0.241487966,0.015253755,0.741684625,0.012463917,0.606034094,0.182895163,0.103202736,0.015627107,0.759838124,0.012597834,0.612545526,0.193847338,0.084549135
coated_8_3,TRUE,TRUE,36,0.276949,0.217244,4.45534,3.30356,1.79482,0.0160354,1.790173373,0,0.381164676,(1.6+0j),0.45,0.345397907,0.065418525,1.764880432,0.029278808,0.789892377,0.552438589,0.659843101,0.07541038,2.034443645,0.032825775,0.885583524,0.564704814,0.566362246,0.070734692,1.908301557,0.033286424,0.898011051,0.529418688,0.500367985
coated_8_4,TRUE,TRUE,36,0.266737,0.2125,4.17496,3.11664,1.72576,0.0307156,1.807757363,0,0.378705121,(1.6+0j),1.2,0.134055259,0.009786637,0.275947043,0.008319263,0.234572494,0.149936555,0.161320777,0.009253797,0.260922923,0.007799139,0.219906938,0.157195792,0.066127806,0.009330807,0.263094297,0.007774561,0.219213921,0.166785736,0.055670937
coated_8_5,TRUE,TRUE,36,0.513533,0.47269,45.82075,30.8805,1.71824,0.0502912,3,0,0.344519469,(1.6+0j),0.3,0.592770891,0.593370664,3.381297319,0.064067449,0.365085615,0.892027946,0.826841574,0.519191998,2.958593368,0.073849158,0.420826264,0.857761371,0.614011199,0.587360548,3.347048932,0.044321773,0.252565724,0.924540773,0.582858615
coated_8_6,TRUE,TRUE,36,0.355968,0.315284,13.605415,9.40361,1.6985,0.0512379,3,0,0.352928307,(1.6+0j),1.1,0.172184775,0.029660383,0.379911996,0.011949375,0.153056377,0.59712676,0.248710037,0.028172576,0.360855069,0.01092074,0.139880872,0.612362736,0.172176626,0.030298593,0.388086667,0.012285668,0.157363872,0.594513584,0.157103858
coated_8_7,TRUE,TRUE,36,0.637987,0.59749,92.7055,62.137,1.66936,0.0285993,3,0,0.341418121,(1.6+0.27926j),0.35,0.576775153,0.760906264,2.713813482,0.399192062,1.423740154,0.475372879,0.9574936,0.72443759,2.583745978,0.386012529,1.376734633,0.467155578,0.867540554,0.728078352,2.596730954,0.386122981,1.377128567,0.469668367,0.867713942
coated_8_8,TRUE,TRUE,36,0.517838,0.485236,49.62925,33.4195,1.71302,0.0292551,3,0,0.342018355,(1.6+0j),0.6,0.398508863,0.640216304,3.462029947,0.04062347,0.219675241,0.936547273,0.819187631,0.683912276,3.698320032,0.040845512,0.220875954,0.940276679,0.707138281,0.656075781,3.547791565,0.042020732,0.227231067,0.935951404,0.666743803
coated_8_9,TRUE,TRUE,36,0.606861,0.576768,83.30125,55.8675,1.71084,0.0287241,3,0,0.339686279,(1.6+0j),0.95,0.277220729,0.607008163,2.323284184,0.023983519,0.091795358,0.960488967,0.739971776,0.620429395,2.374653075,0.022863668,0.0875092,0.963148638,0.593299575,0.623182862,2.385191791,0.024385859,0.093335285,0.960868856,0.591047044
coated_8_10,TRUE,TRUE,36,0.620743,0.582738,86.03935,57.6929,1.74964,0.0272939,3,0,0.341194825,(1.6+0.14315j),0.85,0.329705601,0.707570483,2.652974941,0.260781353,0.977777354,0.631441165,0.809342773,0.708400718,2.656087838,0.256009546,0.959885874,0.638609138,0.675597081,0.701725479,2.6310596,0.258034528,0.96747837,0.63228565,0.675046733
coated_9_1,TRUE,TRUE,34,0.204277,0.129544,1,1,1.81338,0.033119,2.003519688,0,0.462525283,(1.6+0.13338j),0.5,0.310592452,0.017729535,1.3451566,0.014975562,1.136210082,0.155332486,0.526078022,0.021986454,1.66813314,0.016130937,1.2238695,0.266323849,0.153442222,0.021986454,1.66813314,0.016130937,1.2238695,0.266323849,0.153442222
coated_9_2,TRUE,TRUE,34,0.232319,0.1542202,1.68376,1.45584,1.81447,0.0217813,2.141174305,0,0.434538562,(1.6+0j),0.3,0.520498015,0.04958859,2.654662754,0.03011198,1.612006924,0.39276395,0.751293919,0.050877619,2.723669259,0.027286618,1.46075475,0.463681302,0.560476079,0.047341325,2.534358255,0.026149368,1.39987352,0.447641817,0.53392634
coated_9_3,TRUE,TRUE,34,0.273212,0.1987314,3.61192,2.74128,1.83854,0.0276632,2.4061554,0,0.399517374,(1.6+0j),1,0.178770869,0.011838052,0.381643061,0.009753641,0.314444433,0.176077166,0.163894175,0.011232057,0.362106607,0.009112639,0.293779365,0.188693718,0.084075298,0.011540997,0.372066415,0.009244603,0.298033709,0.198977127,0.069196923
coated_9_4,TRUE,TRUE,34,0.28862,0.220726,4.94884,3.63256,1.84943,0.0212637,2.508816594,0,0.385671767,(1.6+0j),0.5,0.364905326,0.054149963,1.415146151,0.024805864,0.648272342,0.541904317,0.585628748,0.062562455,1.634996835,0.027431793,0.71689792,0.561529475,0.494956559,0.062013499,1.620650503,0.028702384,0.750103335,0.537159102,0.411952836
coated_9_5,TRUE,TRUE,34,0.582272,0.525458,66.7648,44.8432,1.85815,0.0235681,3,0,0.346621599,(1.6+0j),1,0.186290804,0.337698395,1.557267063,0.019492281,0.089886973,0.942279025,0.727085908,0.357805903,1.649991103,0.020378146,0.093972065,0.943046926,0.602733956,0.355776529,1.64063282,0.020305492,0.093637026,0.942926275,0.594222379
coated_9_6,TRUE,TRUE,34,0.533804,0.493592,55.34845,37.2323,1.84353,0.0201263,3,0,0.343722612,(1.6+0.06054j),0.7,0.284564359,0.521301725,2.724350972,0.118713286,0.620402048,0.772275285,0.798093033,0.529200595,2.765630896,0.116622452,0.609475236,0.779625243,0.659564812,0.517932885,2.706745232,0.120029982,0.627283171,0.768251861,0.65085179
coated_9_7,TRUE,TRUE,34,0.611127,0.571344,85.74505,57.4967,1.90293,0.0181722,3,0,0.341771402,(1.6+0j),1.15,0.201821033,0.335792585,1.309742375,0.016285769,0.063521836,0.951500511,0.695525749,0.344497672,1.343696134,0.016501316,0.064362567,0.952100356,0.571585005,0.343481306,1.339731849,0.017018788,0.066380941,0.950452069,0.562887484
coated_9_8,TRUE,TRUE,34,0.399802,0.353914,20.35765,13.9051,1.92873,0.0272751,3,0,0.351973352,(1.6+0.22433j),0.7,0.346006728,0.20076435,2.040803693,0.107068964,1.088374186,0.466693348,0.735497357,0.202678082,2.060257093,0.106029268,1.077805504,0.476858734,0.580332936,0.200933673,2.042524888,0.106746321,1.085094472,0.46874847,0.579307491
coated_9_9,TRUE,TRUE,34,0.628038,0.590316,94.5991,63.3994,1.99016,0.0257754,3,0,0.341003936,(1.6+0j),0.55,0.528060346,1.165624278,4.258921094,0.040898458,0.149433493,0.964912829,0.83975544,1.239948151,4.530483309,0.044609352,0.162992239,0.964023212,0.713157859,1.230955198,4.497625144,0.036501103,0.133366576,0.970347334,0.687986674
coated_9_10,TRUE,TRUE,34,0.393398,0.350274,19.7764,13.5176,2.01803,0.0317377,3,0,0.35116972,(1.6+0j),0.85,0.354324151,0.088149292,0.914772587,0.018546187,0.192463752,0.789604811,0.499448038,0.086357081,0.896173853,0.016984689,0.176259246,0.803320254,0.398095696,0.089751582,0.931400415,0.020051296,0.208083077,0.77659117,0.366042551
coated_10_1,TRUE,TRUE,28,0.193885,0.1214022,1,1,1.76073,0.0325175,2.051591429,0,0.473891713,(1.6+0.06286j),0.6,0.2469471,0.011351248,0.980619665,0.010092496,0.871877767,0.110891003,0.390603425,0.012349748,1.066878851,0.010252967,0.885740651,0.169783289,0.090532776,0.012349748,1.066878851,0.010252967,0.885740651,0.169783289,0.090532776
coated_10_2,TRUE,TRUE,28,0.552417,0.485934,64.0402,43.0268,1.78049,0.0283982,3,0,0.350449934,(1.6+0j),0.75,0.198593365,0.4657845,2.511542763,0.024448216,0.1318265,0.947511744,0.755074244,0.470720036,2.538155521,0.020853202,0.11244193,0.955699354,0.590013082,0.470637725,2.537711691,0.024612858,0.132714261,0.947703176,0.585772574
coated_10_3,TRUE,TRUE,28,0.367503,0.307398,16.2259,11.1506,1.75207,0.0260618,3,0,0.362524938,(1.6+0j),0.4,0.374935776,0.215231804,2.900110124,0.035521287,0.478626501,0.834962646,0.823233723,0.249247257,3.358446469,0.039952825,0.538338623,0.839706058,0.702713017,0.222050245,2.991984231,0.035592081,0.479580405,0.839711587,0.625187577
coated_10_4,TRUE,TRUE,28,0.569401,0.524894,80.77675,54.1845,1.72769,0.0402509,3,0,0.343871869,(1.6+0j),1.2,0.127302685,0.19525535,0.902339241,0.011869418,0.054852489,0.939210791,0.572679489,0.194980521,0.901069163,0.010822926,0.050016303,0.944492271,0.447691752,0.196774182,0.909358262,0.012491153,0.057725728,0.936520368,0.437707653
coated_10_5,TRUE,TRUE,28,0.503311,0.443048,48.5992,32.7328,1.70445,0.03533,3,0,0.35101051,(1.6+0j),0.95,0.176385656,0.17084926,1.108208966,0.015488178,0.100463635,0.909345947,0.642829039,0.174419461,1.131366976,0.014794949,0.095967027,0.915176041,0.517024279,0.174903619,1.134507455,0.01636711,0.106164803,0.90642212,0.500544889
coated_10_6,TRUE,TRUE,28,0.442285,0.398308,35.3242,23.8828,1.75123,0.0341991,3,0,0.348522356,(1.6+0j),0.35,0.54239453,0.496665238,3.985986511,0.048160758,0.386514125,0.903031753,0.847188001,0.508697311,4.0825499,0.046238518,0.371087192,0.909104065,0.726347816,0.497901903,3.995911363,0.039400383,0.316207746,0.920867177,0.664739966
coated_10_7,TRUE,TRUE,28,0.562056,0.511518,74.81185,50.2079,1.79164,0.0380144,3,0,0.345656738,(1.6+0.26775j),0.4,0.504233967,0.609961249,2.968181966,0.301613568,1.467706275,0.505520116,0.933572041,0.588039754,2.861507999,0.294086343,1.431077434,0.49988697,0.837090477,0.589101469,2.866674495,0.294256391,1.43190492,0.500499648,0.838135245
coated_10_8,TRUE,TRUE,28,0.440011,0.399924,35.728,24.152,1.82341,0.0359325,3,0,0.347163163,(1.6+0j),0.85,0.254653764,0.146991067,1.170162365,0.017245455,0.137287134,0.88267685,0.630684007,0.150351221,1.196911788,0.016642814,0.132489651,0.889307088,0.527797908,0.150431829,1.197553483,0.018321884,0.145856344,0.878204735,0.506230556
coated_10_9,TRUE,TRUE,28,0.328437,0.285222,12.95167,8.96778,1.84283,0.0327491,3,0,0.357272458,(1.6+0.27778j),0.35,0.640243645,0.186383998,2.917109295,0.094916223,1.485540599,0.490749078,0.875783424,0.185394393,2.901620914,0.090596054,1.417925321,0.511333367,0.757736409,0.176539507,2.763032452,0.090139966,1.410787064,0.489406263,0.748232299
coated_10_10,TRUE,TRUE,28,0.570478,0.529404,82.81975,55.5465,1.84283,0.0327491,3,0,0.3429767,(1.6+0j),0.5,0.448170551,0.926234497,4.207814964,0.037932885,0.172326296,0.959046133,0.840747578,0.990908028,4.501622044,0.040897582,0.185794699,0.958727166,0.709101841,0.978607759,4.445742829,0.032654192,0.148345586,0.966631991,0.679373391
coated_11_1,TRUE,TRUE,46,0.240084,0.1433196,1,1,1.80051,0.0165809,1.877765044,0,0.468085648,(1.6+0j),0.9,0.149125105,0.011924945,0.73918869,0.011171558,0.69248867,0.0631774,0.30613189,0.011428042,0.708387283,0.010299031,0.638403578,0.098793,0.055545787,0.011428042,0.708387283,0.010299031,0.638403578,0.098793,0.055545787
coated_11_2,TRUE,TRUE,46,0.262571,0.1639702,1.496425,1.33095,1.79644,0.019893,1.935449772,0,0.444578742,(1.6+0j),0.6,0.223708192,0.023979386,1.135581519,0.019821991,0.938701576,0.173373677,0.549070457,0.028450776,1.347331249,0.020600402,0.975564437,0.275928293,0.175187343,0.029490893,1.39658763,0.020984833,0.993769779,0.288430058,0.14786011
coated_11_3,TRUE,TRUE,46,0.286221,0.1889772,2.29162,1.86108,1.79571,0.0238851,2.006628072,0,0.422452357,(1.6+0.28303j),0.35,0.388898015,0.076375586,2.72298881,0.049434249,1.762459886,0.352748025,0.75589797,0.075186456,2.680593196,0.04167161,1.485701569,0.44575642,0.588039796,0.071160275,2.537049351,0.040716774,1.45165915,0.427815959,0.578050034
coated_11_4,TRUE,TRUE,46,0.473292,0.419204,25.0321,17.0214,1.88607,0.0409671,3,0,0.350550611,(1.6+0j),0.75,0.214676252,0.253310617,1.835323711,0.03352479,0.242898788,0.867653436,0.7327236,0.289091744,2.094570447,0.035987566,0.260742462,0.875515067,0.6108004,0.28478029,2.063332463,0.037541756,0.272003109,0.868172913,0.59647394
coated_11_5,TRUE,TRUE,46,0.711946,0.663416,99.2188,66.4792,1.93561,0.0253484,3,0,0.341712569,(1.6+0j),0.6,0.295096111,1.488913592,4.307325878,0.057527855,0.166424175,0.96136253,0.857292259,1.532302138,4.432845994,0.051669161,0.149475373,0.966280044,0.719169624,1.524616077,4.410610741,0.045266331,0.130952421,0.970309685,0.695973537
coated_11_6,TRUE,TRUE,46,0.685949,0.646118,91.627,61.418,2.03807,0.023296,3,0,0.34050071,(1.6+0j),0.8,0.265652037,1.168702047,3.564431257,0.042631524,0.130022135,0.963522333,0.827306688,1.212444673,3.697842149,0.04074616,0.124271953,0.966393386,0.702137522,1.184431384,3.612404253,0.047736587,0.145592099,0.959696621,0.68078697
coated_11_7,TRUE,TRUE,46,0.387556,0.342224,13.62148,9.41432,2.12765,0.0179642,3,0,0.352650031,(1.6+0.15661j),1.05,0.242071479,0.084360525,0.917124864,0.052140963,0.566850113,0.381927003,0.321188051,0.08219418,0.893573452,0.050246535,0.546254858,0.388684997,0.237681602,0.084430661,0.91788734,0.05152991,0.560207054,0.389677764,0.219815257
coated_11_8,TRUE,TRUE,46,0.612903,0.569914,62.9107,42.2738,2.15409,0.0217057,3,0,0.34245791,(1.6+0.26506j),0.4,0.679134228,0.72235406,2.831663127,0.369887922,1.449978686,0.487940966,0.944513656,0.700404633,2.745620302,0.360775259,1.414256601,0.484904522,0.846928438,0.7050941,2.764003241,0.360991927,1.415105949,0.48802305,0.84889575
coated_11_9,TRUE,TRUE,46,0.641309,0.604104,74.83525,50.2235,2.20807,0.0371687,3,0,0.340671327,(1.6+0.14518j),0.8,0.402889894,0.840503575,2.932420595,0.311015864,1.085098687,0.629964853,0.845955018,0.849841608,2.964999922,0.309293965,1.079091178,0.636056929,0.727811922,0.836285272,2.91770342,0.311146472,1.085554364,0.627942184,0.721374352
coated_11_10,TRUE,TRUE,46,0.468911,0.430674,27.1666,18.4444,2.23245,0.0299161,3,0,0.345264404,(1.6+0j),1,0.351928412,0.141600126,0.972022798,0.022752389,0.15618518,0.839319427,0.544069821,0.139410564,0.956992412,0.02061129,0.14148747,0.852154031,0.438757023,0.142610728,0.978960137,0.024046172,0.165066434,0.831385949,0.412345826
coated_12_1,TRUE,TRUE,49,0.246608,0.146349,1,1,1.74272,0.02702,2.028965605,0,0.467427319,(1.6+0j),0.75,0.175932578,0.015315971,0.910489877,0.013888592,0.825636388,0.093195423,0.430984534,0.016821523,0.9999906,0.014175235,0.842676451,0.157315627,0.083983704,0.016821523,0.9999906,0.014175235,0.842676451,0.157315627,0.083983704
coated_12_2,TRUE,TRUE,49,0.319053,0.233214,4.044835,3.02989,1.70067,0.0265933,1.988044369,0,0.392585943,(1.6+0.07966j),0.95,0.141507099,0.025592462,0.599118797,0.020155466,0.471838882,0.212445205,0.319957054,0.026140625,0.611951283,0.019499636,0.45648593,0.254048578,0.130178981,0.027302561,0.639152166,0.02015629,0.471858183,0.26174359,0.108542663
coated_12_3,TRUE,TRUE,49,0.700264,0.639146,83.33965,55.8931,1.70488,0.0223744,3,0,0.344318073,(1.6+0j),0.85,0.159835159,0.981541125,3.059274654,0.03861842,0.120366178,0.960655321,0.801788142,0.995445544,3.102612049,0.036660132,0.114262572,0.963172137,0.660767983,0.971843881,3.029050213,0.043980433,0.137078538,0.954745373,0.646177402
coated_12_4,TRUE,TRUE,49,0.337303,0.253508,5.20312,3.80208,1.68816,0.043788,2.23214549,0,0.384887407,(1.6+0j),0.55,0.262504741,0.073497949,1.456136204,0.033155979,0.656883926,0.548885658,0.65528795,0.088856432,1.760417392,0.037297637,0.738938161,0.580248318,0.532975084,0.086019643,1.704215134,0.038626065,0.76525688,0.550962279,0.455977669
coated_12_5,TRUE,TRUE,49,0.56996,0.50178,40.2796,27.1864,1.74452,0.0232354,3,0,0.350123921,(1.6+0.00809j),0.8,0.2053016,0.469491378,2.374165806,0.050339187,0.254559683,0.892779315,0.763788863,0.489480442,2.475248283,0.046849884,0.236914664,0.904286505,0.596725932,0.487792599,2.466713048,0.051697332,0.261427671,0.894017802,0.59066009
coated_12_6,TRUE,TRUE,49,0.512659,0.45755,30.553,20.702,1.75897,0.0171244,3,0,0.348888582,(1.6+0j),0.7,0.238189182,0.404238326,2.458501545,0.041133734,0.25016764,0.898243855,0.762456059,0.423979247,2.578562118,0.037217485,0.226349749,0.912218617,0.598013685,0.416012124,2.530107573,0.043297089,0.263324762,0.895923492,0.584414441
coated_12_7,TRUE,TRUE,49,0.640004,0.578864,61.82335,41.5489,1.76268,0.0334088,3,0,0.345858258,(1.6+0j),0.85,0.222681383,0.700182507,2.66053081,0.037415105,0.142168704,0.946563782,0.755749575,0.696110456,2.64505796,0.031711599,0.120496707,0.954444587,0.601981721,0.689256798,2.619015655,0.038918686,0.147881962,0.943535289,0.594193949
coated_12_8,TRUE,TRUE,49,0.571089,0.523296,45.7996,30.8664,1.81198,0.0322716,3,0,0.344663385,(1.6+0j),0.95,0.231382839,0.394300634,1.833338942,0.030810174,0.143254885,0.921861211,0.741086622,0.419571791,1.950839632,0.031540968,0.146652782,0.924825813,0.610436865,0.417037958,1.939058333,0.031772711,0.147730294,0.923813384,0.601458367
coated_12_9,TRUE,TRUE,49,0.571272,0.52446,46.03765,31.0251,1.88621,0.0273364,3,0,0.34440731,(1.6+0j),0.9,0.27322207,0.463612138,2.146051675,0.033909365,0.156965799,0.926858332,0.746008593,0.48348474,2.23804157,0.033048333,0.1529801,0.93164555,0.603285804,0.483447955,2.237871292,0.034444572,0.159443261,0.928752265,0.59715159
coated_12_10,TRUE,TRUE,49,0.691707,0.651582,88.2235,59.149,1.93166,0.0274792,3,0,0.340471683,(1.6+0.11919j),0.75,0.377563998,1.085175736,3.254408283,0.349015823,1.046687598,0.678378523,0.870581833,1.096603401,3.288679495,0.345048348,1.034789264,0.685348096,0.75477516,1.075705258,3.226006613,0.34439593,1.032832683,0.679841734,0.736713304
coated_13_1,TRUE,TRUE,48,0.234367,0.1453802,1,1,1.80766,0.0407123,1.93713451,0,0.456682397,(1.6+0j),0.65,0.1870619,0.018057633,1.087828447,0.0160208,0.965125529,0.112796203,0.516635331,0.021242653,1.279700551,0.016845899,1.014831121,0.206977663,0.111731678,0.021242653,1.279700551,0.016845899,1.014831121,0.206977663,0.111731678
coated_13_2,TRUE,TRUE,48,0.255431,0.1659258,1.48591,1.32394,1.80986,0.0232934,2.023450583,0,0.434414228,(1.6+0.04364j),0.95,0.146768545,0.014199757,0.656694209,0.012984184,0.600477771,0.085605199,0.257203209,0.013485838,0.623677695,0.011956798,0.552964415,0.113381128,0.066932467,0.013419181,0.620595035,0.011822432,0.546750385,0.118990076,0.058171522
coated_13_3,TRUE,TRUE,48,0.279852,0.1940056,2.379415,1.91961,1.82178,0.0231068,2.230528729,0,0.410675979,(1.6+0.01704j),0.7,0.21288379,0.026307722,0.889948392,0.020170739,0.682344026,0.23327686,0.432810715,0.029180974,0.987145956,0.02055591,0.695373738,0.295571507,0.175899313,0.031134778,1.053240035,0.02154841,0.728948454,0.307899026,0.138736136
coated_13_4,TRUE,TRUE,48,0.302494,0.235882,4.275385,3.18359,1.8933,0.035005,2.109495879,0,0.380057567,(1.6+0.28332j),0.35,0.576631021,0.128195489,2.9335484,0.070575464,1.615006434,0.449469989,0.823450343,0.123249395,2.820364966,0.064511836,1.476250023,0.476574826,0.695488444,0.113183148,2.590015029,0.063691544,1.457478962,0.437270075,0.706637957
coated_13_5,TRUE,TRUE,48,0.405307,0.34769,13.70692,9.47128,1.88415,0.0278981,3,0,0.356969304,(1.6+0.00323j),1.1,0.214567377,0.048186602,0.50751867,0.017801661,0.18749351,0.630568252,0.291989118,0.045905005,0.483488065,0.016081981,0.169381225,0.64966824,0.213920545,0.049563585,0.522021549,0.018466801,0.194499007,0.62741192,0.193726504
coated_13_6,TRUE,TRUE,48,0.618836,0.580548,63.7102,42.8068,1.92656,0.0284552,3,0,0.341291662,(1.6+0j),0.45,0.601886603,1.078807666,4.075471647,0.065339773,0.246837688,0.939433344,0.843745653,1.102213331,4.163892527,0.078587201,0.296883233,0.928700553,0.674951011,1.133232962,4.281077108,0.055062946,0.20801435,0.951410744,0.638093784
coated_13_7,TRUE,TRUE,48,0.678593,0.637714,84.52165,56.6811,1.95046,0.0273687,3,0,0.340812736,(1.6+0j),0.3,0.953054596,0.691234904,2.164132642,0.077971956,0.244116223,0.887199048,0.702987011,0.594416598,1.861011872,0.095179746,0.297990733,0.839877038,0.528455421,0.581071362,1.819230329,0.059158229,0.185213815,0.898191113,0.436352508
coated_13_8,TRUE,TRUE,48,0.642937,0.605444,72.33655,48.5577,1.9912,0.0260362,3,0,0.340704557,(1.6+0.03399j),0.65,0.47935285,1.045202361,3.630467402,0.160003331,0.555764988,0.846916409,0.843643137,1.058045003,3.67507579,0.153693057,0.533846511,0.854738639,0.716108827,1.01781907,3.535352666,0.153567412,0.533410089,0.849121109,0.678211423
coated_13_9,TRUE,TRUE,48,0.372794,0.329508,11.659405,8.10627,2.08352,0.040926,3,0,0.352843634,(1.6+0j),1.2,0.302938202,0.031564133,0.37014515,0.014420744,0.169108663,0.543128789,0.210129827,0.029231451,0.342790337,0.012992598,0.152361136,0.555526746,0.157695112,0.031453709,0.368850232,0.014413021,0.169018096,0.541770397,0.142523361
coated_13_10,TRUE,TRUE,48,0.455434,0.405352,21.6934,14.7956,2.21246,0.0293105,3,0,0.350100922,(1.6+0.14316j),0.85,0.477585087,0.22012293,1.705731865,0.10355964,0.802483311,0.529537246,0.683770157,0.224337668,1.738391856,0.104583507,0.810417258,0.533812095,0.548342407,0.223080594,1.728650799,0.105608258,0.818358044,0.526591464,0.536904675
coated_14_1,TRUE,TRUE,48,0.240087,0.1453568,1,1,1.85958,0.0181481,1.989164308,0,0.462968637,(1.6+0.01926j),0.9,0.159146149,0.012230062,0.737000975,0.011414341,0.687844492,0.06669799,0.300669352,0.012026474,0.724732461,0.010797096,0.650648414,0.102222614,0.057145744,0.012026474,0.724732461,0.010797096,0.650648414,0.102222614,0.057145744
coated_14_2,TRUE,TRUE,48,0.26111,0.1642274,1.44385,1.2959,1.80855,0.0240057,1.938444469,0,0.442768507,(1.6+0j),0.9,0.181233897,0.014846503,0.70087901,0.013455095,0.635192945,0.09371955,0.295555501,0.014199091,0.670315741,0.012399579,0.585363753,0.126734288,0.073459849,0.014200093,0.670363039,0.012304939,0.580895949,0.133460655,0.063526363
coated_14_3,TRUE,TRUE,48,0.277625,0.1812098,1.93645,1.6243,1.75849,0.0285903,2.235314329,0,0.427460634,(1.6+0j),0.75,0.233807447,0.02095202,0.812405125,0.017350495,0.672757617,0.171893929,0.427379935,0.022469504,0.871244881,0.017310416,0.671203577,0.229603993,0.131326882,0.023451064,0.909304428,0.017765422,0.688846241,0.242447062,0.105714065
coated_14_4,TRUE,TRUE,48,0.319912,0.235024,4.23319,3.15546,1.77553,0.0190424,2.151025883,0,0.391378077,(1.6+0j),0.6,0.310267516,0.051422397,1.18532655,0.027771659,0.640158504,0.45993068,0.556350761,0.059060873,1.361399389,0.029193945,0.672943315,0.505697358,0.383920714,0.062090165,1.431226945,0.031437111,0.724650041,0.493686139,0.303468411
coated_14_5,TRUE,TRUE,48,0.655927,0.597264,69.37675,46.5845,1.78943,0.0332013,3,0,0.344885146,(1.6+0j),1.1,0.179881611,0.485034497,1.731211266,0.026047779,0.092971135,0.94629706,0.740670751,0.514563639,1.836608272,0.027007952,0.096398239,0.947512902,0.609363905,0.512544632,1.829401922,0.026604621,0.094958648,0.948093064,0.602767786
coated_14_6,TRUE,TRUE,48,0.679534,0.639154,85.06975,57.0465,1.83069,0.0290837,3,0,0.340702028,(1.6+0.10288j),1.05,0.218344056,0.747739179,2.330500674,0.235415456,0.73372627,0.685163674,0.77562746,0.756217927,2.356926637,0.233009162,0.726226503,0.691875644,0.627748914,0.754804897,2.352522607,0.236262003,0.736364728,0.686989309,0.629510706
coated_14_7,TRUE,TRUE,48,0.695625,0.655966,91.98265,61.6551,1.90108,0.0360711,3,0,0.34032856,(1.6+0.05181j),0.6,0.457703363,1.300482362,3.84814941,0.270375293,0.800045086,0.792096148,0.885391951,1.328705186,3.931661225,0.26974571,0.79818214,0.796986033,0.760151187,1.318319543,3.900929932,0.268206057,0.79362628,0.796554592,0.743887627
coated_14_8,TRUE,TRUE,48,0.472359,0.431216,26.12185,17.7479,1.90445,0.020312,3,0,0.346108849,(1.6+0.68411j),0.3,1.043201754,0.394554758,2.7016412,0.208900968,1.430410989,0.470539985,0.938891489,0.378964687,2.594891051,0.197236863,1.350543174,0.479537619,0.825783923,0.378409423,2.591088981,0.197254929,1.350666875,0.47872617,0.826932157
coated_14_9,TRUE,TRUE,48,0.449971,0.403274,21.4045,14.603,1.95287,0.0271706,3,0,0.349138812,(1.6+0.18604j),1,0.319005423,0.174599245,1.366948126,0.09689222,0.758575096,0.44505934,0.513148679,0.174533193,1.366430999,0.096327762,0.754155915,0.448083426,0.394611354,0.175989022,1.377828777,0.09727075,0.761538625,0.447290811,0.378217916
coated_14_10,TRUE,TRUE,48,0.361115,0.32203,10.887625,7.59175,2.05423,0.0261133,3,0,0.351640245,(1.6+0j),0.7,0.499125344,0.110711215,1.359280454,0.032422233,0.398070854,0.7071459,0.606387635,0.112930399,1.386526961,0.031715973,0.389399593,0.719154691,0.519891191,0.112210136,1.377683768,0.034545922,0.424144896,0.692131891,0.463974049
coated_15_1,TRUE,TRUE,51,0.25143,0.148328,1,1,1.81865,0.0147068,1.969279544,0,0.467561955,(1.6+0j),0.65,0.187338359,0.019371923,1.121079924,0.017053412,0.986904458,0.119684122,0.467792336,0.022938553,1.327485724,0.01801052,1.042293625,0.214836284,0.116606769,0.022938553,1.327485724,0.01801052,1.042293625,0.214836284,0.116606769
coated_15_2,TRUE,TRUE,51,0.318636,0.222082,3.35698,2.57132,1.77809,0.0138872,2.356772194,0,0.403533155,(1.6+0.10533j),0.8,0.164760751,0.032042707,0.827203942,0.024624786,0.635705342,0.231501073,0.379914428,0.034967664,0.902713658,0.024804883,0.640354663,0.290633682,0.172544442,0.036814499,0.950390959,0.025813105,0.666382598,0.298833189,0.1417208
coated_15_3,TRUE,TRUE,51,0.285656,0.1882434,2.043745,1.69583,1.7951,0.018387,2.186566099,0,0.423088264,(1.6+0.02514j),0.7,0.19422774,0.025777331,0.92620806,0.020766301,0.746156173,0.194396804,0.500801973,0.029201417,1.049239241,0.021214076,0.762245245,0.273525794,0.165943984,0.030776753,1.105842805,0.021960564,0.789067384,0.286456104,0.133103718
coated_15_4,TRUE,TRUE,51,0.296667,0.211478,2.89897,2.26598,1.79546,0.015624,2.498790043,0,0.401089135,(1.6+0j),1.05,0.135646897,0.016084605,0.457920549,0.013596043,0.387072453,0.154717006,0.223468081,0.015638278,0.445213841,0.012862431,0.366186883,0.177503372,0.087332952,0.016060814,0.457243231,0.01303488,0.37109643,0.18840476,0.070662235
coated_15_5,TRUE,TRUE,51,0.753789,0.688964,100.29835,67.1989,1.81186,0.0235399,3,0,0.343864334,(1.6+0j),1.2,0.129624215,0.737825233,1.979112871,0.025959473,0.06963265,0.964816231,0.753999829,0.795314275,2.133319175,0.026875575,0.072089966,0.966207604,0.604917029,0.7966394,2.136873637,0.026505488,0.071097259,0.966728375,0.602161444
coated_15_6,TRUE,TRUE,51,0.680451,0.616258,71.79355,48.1957,1.80726,0.0212094,3,0,0.345411073,(1.6+0j),1.15,0.15371108,0.479332952,1.607023635,0.025146694,0.084307436,0.947538148,0.728773279,0.524242724,1.75758926,0.027171486,0.091095804,0.948170027,0.607598511,0.521883675,1.749680253,0.02678178,0.089789266,0.948682472,0.600597421
coated_15_7,TRUE,TRUE,51,0.668188,0.606218,68.2705,45.847,1.81933,0.0171829,3,0,0.345268214,(1.6+0j),0.7,0.287821197,1.050850662,3.640771862,0.052068748,0.180397118,0.950450859,0.831317567,1.132110171,3.922303143,0.047138583,0.163316093,0.958362195,0.708796674,1.092899149,3.786452836,0.054590013,0.18913228,0.950050274,0.667399204
coated_15_8,TRUE,TRUE,51,0.572652,0.517082,42.4111,28.6074,1.8922,0.0184377,3,0,0.346628096,(1.6+0.12511j),0.75,0.318900521,0.562820701,2.680163829,0.2011973,0.958105706,0.642519724,0.814496533,0.565502994,2.69293696,0.195274722,0.929902269,0.654688438,0.675128025,0.552731439,2.632118551,0.197732652,0.941606983,0.6422627,0.670750782
coated_15_9,TRUE,TRUE,51,0.421126,0.369444,15.4528,10.6352,1.8728,0.0257779,3,0,0.35296534,(1.6+0.20028j),0.85,0.279892549,0.170065432,1.586459279,0.095407653,0.890012474,0.438994441,0.605671981,0.175741628,1.639409805,0.096567856,0.900835458,0.45051234,0.466081256,0.175963885,1.641483138,0.097257056,0.907264673,0.447289678,0.44743252
coated_15_10,TRUE,TRUE,51,0.473647,0.422136,23.0707,15.7138,1.8826,0.0218806,3,0,0.34961982,(1.6+0.1613j),0.55,0.49409474,0.40444337,2.889768534,0.168052596,1.20074438,0.584484236,0.851429867,0.42028663,3.002969438,0.168380201,1.203085137,0.599368171,0.73930808,0.401676116,2.869996365,0.168499025,1.20393414,0.580510221,0.720639796
coated_16_1,TRUE,TRUE,42,0.229343,0.1390732,1,1,1.7322,0.0219153,2.007800663,0,0.46714011,(1.6+0.17882j),1,0.123586435,0.009187231,0.604794568,0.008757326,0.576493965,0.046793746,0.267047333,0.008722306,0.574188567,0.008108167,0.533759834,0.070410203,0.042359036,0.008722306,0.574188567,0.008108167,0.533759834,0.070410203,0.042359036
coated_16_2,TRUE,TRUE,42,0.257712,0.1674552,1.74739,1.49826,1.75545,0.0270284,2.120839955,0,0.433700207,(1.6+0j),0.8,0.154495421,0.015675992,0.711783417,0.013641727,0.619415663,0.129769465,0.303175755,0.016012984,0.727084866,0.013264534,0.602288853,0.171638853,0.097080668,0.016328374,0.741405482,0.013354625,0.606379556,0.182121564,0.080064517
coated_16_3,TRUE,TRUE,42,0.617384,0.560968,65.6602,44.1068,1.70667,0.0212968,3,0,0.34542915,(1.6+0j),1.2,0.104887136,0.268441996,1.086136485,0.018065637,0.073094923,0.932701899,0.620965801,0.275637789,1.115251204,0.017740401,0.071778994,0.935638721,0.517885111,0.276281771,1.117856804,0.019505619,0.0789212,0.929399544,0.505395689
coated_16_4,TRUE,TRUE,42,0.331421,0.26014,6.55462,4.70308,1.69493,0.0210613,1.70522899,0,0.376446845,(1.6+0j),1.2,0.108996266,0.01509682,0.284041195,0.010737154,0.202015656,0.28878043,0.188488108,0.014384381,0.270636903,0.010021892,0.188558263,0.303279557,0.098094328,0.015044459,0.283056045,0.010400026,0.195672723,0.308713851,0.085427279
coated_16_5,TRUE,TRUE,42,0.688617,0.63917,97.13725,65.0915,1.70431,0.0177497,3,0,0.342296037,(1.6+0.00403j),0.9,0.151349711,0.889143853,2.771082039,0.042288985,0.131796723,0.952438534,0.774749728,0.888537845,2.76919337,0.039498789,0.123100872,0.955546307,0.622765419,0.87908609,2.739736284,0.046358977,0.144481151,0.947264577,0.616270789
coated_16_6,TRUE,TRUE,42,0.578207,0.523316,53.347,35.898,1.70337,0.0280503,3,0,0.346264045,(1.6+0.08536j),0.8,0.188706142,0.53403431,2.482854399,0.153184548,0.712191937,0.71315598,0.794473634,0.545723146,2.537198619,0.148959757,0.692549862,0.727041526,0.636730095,0.53976055,2.509477071,0.152664351,0.709773415,0.717162821,0.635372088
coated_16_7,TRUE,TRUE,42,0.657554,0.608706,84.0364,56.3576,1.75078,0.0265828,3,0,0.342784542,(1.6+0j),1,0.197082282,0.66497712,2.285081298,0.026096468,0.089676093,0.960755841,0.747750551,0.693429365,2.382852624,0.025246596,0.086755654,0.963591683,0.592790139,0.696534921,2.39352434,0.027024734,0.092865924,0.961201178,0.590591528
coated_16_8,TRUE,TRUE,42,0.489762,0.447516,33.3775,22.585,1.77464,0.0241192,3,0,0.345785164,(1.6+0.0862j),0.8,0.255437187,0.317738334,2.020052228,0.104779958,0.666148727,0.670231929,0.762171969,0.33789813,2.148220082,0.10845863,0.689536243,0.679019739,0.620422756,0.335434876,2.132559711,0.110989168,0.705624386,0.66911858,0.620441849
coated_16_9,TRUE,TRUE,42,0.543785,0.497682,45.9472,30.9648,1.7618,0.033032,3,0,0.345046906,(1.6+0j),0.85,0.259043884,0.403972438,2.076624564,0.029293594,0.150584027,0.927486158,0.749445029,0.439383567,2.258655843,0.029861589,0.15350381,0.932037539,0.602335692,0.439509384,2.259302607,0.031272326,0.160755718,0.928847195,0.596343128
coated_16_10,TRUE,TRUE,42,0.541514,0.505216,48.0088,32.3392,1.76979,0.0134739,3,0,0.342452674,(1.6+0.04056j),1.05,0.217070667,0.272073184,1.35719317,0.064150195,0.320002894,0.764217135,0.66140967,0.280576308,1.39960963,0.066320102,0.330827124,0.763629003,0.5523964,0.2799835,1.396652507,0.067596459,0.337194025,0.758569849,0.540622005
coated_17_1,TRUE,TRUE,46,0.237349,0.1433434,1,1,1.78906,0.0283614,1.874646487,0,0.465032598,(1.6+0j),0.95,0.14553358,0.011037378,0.683944142,0.010431246,0.646384458,0.054916303,0.315498664,0.010495069,0.650339344,0.009586861,0.594061155,0.08653665,0.049852057,0.010495069,0.650339344,0.009586861,0.594061155,0.08653665,0.049852057
coated_17_2,TRUE,TRUE,46,0.278746,0.1860566,2.188915,1.79261,1.78548,0.0238055,2.053963356,0,0.42099435,(1.6+0j),0.45,0.307266868,0.044863142,1.650097641,0.030019679,1.104144712,0.330860984,0.673444731,0.056982593,2.095859507,0.032396893,1.191580299,0.43145984,0.442795633,0.056594902,2.081599957,0.032096982,1.180549382,0.432864428,0.366268771
coated_17_3,TRUE,TRUE,46,0.300997,0.211108,3.198445,2.46563,1.76703,0.0277407,2.125344187,0,0.404414887,(1.6+0.04605j),0.5,0.285881155,0.05284651,1.509791742,0.03287275,0.939153917,0.377957973,0.661627113,0.065744673,1.878284205,0.035668691,1.019032192,0.457466453,0.458390138,0.065428528,1.869252145,0.035965379,1.027508397,0.450310436,0.382333485
coated_17_4,TRUE,TRUE,46,0.344883,0.266408,6.4309,4.6206,1.78365,0.0385515,2.327789616,0,0.378719392,(1.6+0j),1.1,0.137670375,0.018940316,0.339783915,0.012596798,0.225983,0.334921431,0.254589843,0.019614722,0.35188256,0.012530717,0.224797516,0.361157553,0.123448719,0.020947408,0.37579057,0.013352035,0.239531732,0.362592489,0.106194664
coated_17_5,TRUE,TRUE,46,0.404737,0.341468,13.53469,9.35646,1.78198,0.0212745,3,0,0.359756501,(1.6+0.02805j),0.35,0.460678855,0.333199221,3.638430426,0.088177548,0.962871023,0.735360881,0.871895546,0.337465143,3.685012947,0.085277806,0.931206754,0.747298919,0.741101348,0.298154176,3.255749579,0.072810511,0.795067819,0.75579577,0.639065946
coated_17_6,TRUE,TRUE,46,0.642745,0.605062,75.2977,50.5318,1.85203,0.0262505,3,0,0.340747066,(1.6+0j),0.45,0.419182076,1.11342168,3.872309263,0.068558614,0.238436311,0.938425292,0.843003759,1.122733975,3.90469599,0.066788242,0.232279229,0.940512852,0.679775914,1.159744854,4.033414131,0.051154751,0.177908352,0.955891375,0.659370743
coated_17_7,TRUE,TRUE,46,0.558193,0.504762,43.70635,29.4709,1.92943,0.025693,3,0,0.346562723,(1.6+0.22899j),0.6,0.425823359,0.59455736,2.971191015,0.270235384,1.350451613,0.545484755,0.876084821,0.596879977,2.982797868,0.265449658,1.326535829,0.555271296,0.76506579,0.583972878,2.918297016,0.264204215,1.320311953,0.547574512,0.75115937
coated_17_8,TRUE,TRUE,46,0.672532,0.634106,86.66155,58.1077,1.94647,0.0227088,3,0,0.340430256,(1.6+0.30406j),0.3,0.906103774,0.807403672,2.556684355,0.425818308,1.348375097,0.472607913,0.968421059,0.785821164,2.488342257,0.41330956,1.308765517,0.474041196,0.888898783,0.785936839,2.488708547,0.413885507,1.310589283,0.473385791,0.889749984
coated_17_9,TRUE,TRUE,46,0.598886,0.553002,57.5665,38.711,1.972,0.0227964,3,0,0.343449481,(1.6+0j),1.2,0.244075841,0.258607746,1.076708753,0.020239102,0.084265143,0.92173822,0.627746145,0.258515228,1.076323555,0.018954462,0.078916567,0.926679513,0.50391849,0.259670162,1.081132104,0.021138015,0.088007749,0.918596674,0.489746183
coated_17_10,TRUE,TRUE,46,0.608445,0.56803,62.30965,41.8731,1.9615,0.0292836,3,0,0.341968168,(1.6+0j),0.4,0.757651172,0.893421695,3.525527173,0.066389233,0.261978244,0.925691044,0.828210215,0.839912502,3.314374799,0.069206268,0.273094532,0.917603003,0.654764992,0.872200371,3.441785805,0.051946157,0.204984487,0.940442404,0.626741611
coated_18_1,TRUE,TRUE,48,0.234415,0.1453528,1,1,1.79077,0.0245344,2.03068943,0,0.456802016,(1.6+0.18916j),0.45,0.293979864,0.029692351,1.789401948,0.023570602,1.420476314,0.20617259,0.631874342,0.038794363,2.337932338,0.025144489,1.515326188,0.351851992,0.248293191,0.038794363,2.337932338,0.025144489,1.515326188,0.351851992,0.248293191
coated_18_2,TRUE,TRUE,48,0.258353,0.1689956,1.57165,1.3811,1.74396,0.0258635,2.323576716,0,0.431518895,(1.6+0.20916j),0.55,0.278579911,0.033967188,1.514324418,0.026638259,1.187586267,0.215764962,0.475225461,0.039049536,1.740905527,0.026839496,1.196557809,0.312680791,0.225897932,0.039971601,1.782013,0.027157925,1.210753994,0.320569494,0.199842972
coated_18_3,TRUE,TRUE,48,0.273223,0.1919294,2.3035,1.869,1.78134,0.0148596,2.120697694,0,0.408398137,(1.6+0j),0.55,0.338701985,0.039254467,1.35680111,0.02654618,0.917548744,0.323741161,0.507786602,0.044642698,1.543041255,0.027294035,0.94339777,0.388611441,0.304624218,0.047195759,1.631285914,0.028368018,0.980519209,0.398928661,0.238185365
coated_18_4,TRUE,TRUE,48,0.291263,0.224732,3.697045,2.79803,1.80138,0.0123724,1.719696395,0,0.383413226,(1.6+0.00546j),0.9,0.22636506,0.022409497,0.564953096,0.01660848,0.418706949,0.258864227,0.292167674,0.022482564,0.566795153,0.015944115,0.401958013,0.290823129,0.135426749,0.024061861,0.606609909,0.016865913,0.425196953,0.299060324,0.109252849
coated_18_5,TRUE,TRUE,48,0.681689,0.630626,81.72595,54.8173,1.80545,0.0306522,3,0,0.34274417,(1.6+0j),0.35,0.605817511,0.878059433,2.811190568,0.073226065,0.234440195,0.916604659,0.793951019,0.698941046,2.237726062,0.09308225,0.298011654,0.866823889,0.498260552,0.774143503,2.47849386,0.055738601,0.178452418,0.927999653,0.469425068
coated_18_6,TRUE,TRUE,48,0.504917,0.447886,29.26,19.84,1.81503,0.0181599,3,0,0.349871996,(1.6+0j),0.95,0.252055929,0.188250583,1.194844732,0.026016742,0.165130789,0.861797283,0.618706271,0.194208193,1.232658262,0.025465874,0.161634372,0.868873331,0.531349325,0.194016063,1.231438793,0.02799928,0.177714151,0.855685762,0.505739225
coated_18_7,TRUE,TRUE,48,0.430594,0.387928,19.0021,13.0014,1.86769,0.0152591,3,0,0.348642699,(1.6+0.00017j),0.9,0.29555211,0.120420987,1.018849521,0.025297303,0.214033662,0.789926129,0.522598274,0.120678421,1.021027604,0.023783746,0.201227866,0.802916331,0.44394672,0.123810746,1.047529361,0.027502428,0.232690629,0.7778672,0.408047517
coated_18_8,TRUE,TRUE,48,0.646726,0.610592,74.1925,49.795,1.95814,0.0200918,3,0,0.340364788,(1.6+0j),1,0.298367059,0.688990571,2.352995938,0.030709505,0.104877111,0.955428265,0.741385833,0.701323897,2.395115913,0.028628044,0.097768641,0.959179996,0.592596568,0.704364811,2.405501045,0.030945453,0.105682904,0.956066157,0.589959034
coated_18_9,TRUE,TRUE,48,0.683958,0.639876,85.3885,57.259,1.96177,0.0273046,3,0,0.341343508,(1.6+0.16021j),1.05,0.289351167,0.761868319,2.369181815,0.307308564,0.955637404,0.596638216,0.787086683,0.763620113,2.374629368,0.302900101,0.941928405,0.603336665,0.639292621,0.760990144,2.366450955,0.305375569,0.949626367,0.598712847,0.641942091
coated_18_10,TRUE,TRUE,48,0.596957,0.566374,59.22715,39.8181,2.01376,0.0150464,3,0,0.339947547,(1.6+0j),0.45,0.758882415,1.026342498,4.073763514,0.06552362,0.260076662,0.936158135,0.834641696,1.025579915,4.070736663,0.077215278,0.306483247,0.924710618,0.670247122,1.026685946,4.075126727,0.056239948,0.22322787,0.945221858,0.62280504
coated_19_1,TRUE,TRUE,47,0.241262,0.1443068,1,1,1.78682,0.0237789,2.036668413,0,0.46685295,(1.6+0.01331j),0.95,0.139944339,0.011379353,0.695751388,0.010708244,0.654718781,0.058975961,0.244183633,0.010748737,0.657194557,0.009802972,0.59936899,0.087988507,0.050525397,0.010748737,0.657194557,0.009802972,0.59936899,0.087988507,0.050525397
coated_19_2,TRUE,TRUE,47,0.270317,0.169859,1.630375,1.42025,1.79587,0.0174858,2.079483767,0,0.440432917,(1.6+0.05892j),0.9,0.147733299,0.01544938,0.681779654,0.013930321,0.614743721,0.098324924,0.290670317,0.015156283,0.668845312,0.013118939,0.578937515,0.134422407,0.078172526,0.015185328,0.670127076,0.013039148,0.575416368,0.14133246,0.066748756
coated_19_3,TRUE,TRUE,47,0.288122,0.1980876,2.582515,2.05501,1.77243,0.0307708,2.388200629,0,0.41139885,(1.6+0j),1.15,0.116281754,0.012222045,0.396587872,0.010960631,0.355656774,0.103208144,0.187745909,0.011554852,0.374938388,0.01016895,0.329967876,0.119941072,0.063801751,0.011561326,0.375148473,0.010069023,0.326725377,0.12907715,0.052002967
coated_19_4,TRUE,TRUE,47,0.324637,0.242934,4.76383,3.50922,1.74583,0.0161325,1.893372668,0,0.38690544,(1.6+0j),0.55,0.253366471,0.062772719,1.354267509,0.029988126,0.646968062,0.522274545,0.577908409,0.077052055,1.66233191,0.034307994,0.740165506,0.554742647,0.496164533,0.076235099,1.644706793,0.035763588,0.771568696,0.530877662,0.412514796
coated_19_5,TRUE,TRUE,47,0.549258,0.483482,37.6138,25.4092,1.74358,0.0211455,3,0,0.350394235,(1.6+0j),0.3,0.505684358,0.678553461,3.696013669,0.083946276,0.457247072,0.876286423,0.860173775,0.497595257,2.710352206,0.086532291,0.471332841,0.826099044,0.603013468,0.573897795,3.125964594,0.053064295,0.289035972,0.90753703,0.58238907
coated_19_6,TRUE,TRUE,47,0.532198,0.479016,36.5674,24.7116,1.74455,0.0160129,3,0,0.347467817,(1.6+0j),1.1,0.161668843,0.169186699,0.938806947,0.020841525,0.115648384,0.876813455,0.54852145,0.17111627,0.949514027,0.01951996,0.1083151,0.88592575,0.447545827,0.174059216,0.965844255,0.022693366,0.125924143,0.869622724,0.426941513
coated_19_7,TRUE,TRUE,47,0.607541,0.567966,60.97585,40.9839,1.7742,0.0287265,3,0,0.341795889,(1.6+0.23473j),0.5,0.396784707,0.802317708,3.16673571,0.368679842,1.455173691,0.540481485,0.919626066,0.761799444,3.00681074,0.355556359,1.403375504,0.533267763,0.817811913,0.757977029,2.991723727,0.354279957,1.398337565,0.53259803,0.812980773
coated_19_8,TRUE,TRUE,47,0.504235,0.458026,31.97755,21.6517,1.79629,0.0249603,3,0,0.346474521,(1.6+0j),0.7,0.309074861,0.411071772,2.494867646,0.040358007,0.24493992,0.901822479,0.760996587,0.424884028,2.578696681,0.035780828,0.217160205,0.915786837,0.597626453,0.417514953,2.533972455,0.041743978,0.253351623,0.900018004,0.584663992
coated_19_9,TRUE,TRUE,47,0.623674,0.58102,65.21275,43.8085,1.81928,0.0222528,3,0,0.342158086,(1.6+0j),1.15,0.202421859,0.368711708,1.390640529,0.02307841,0.087042997,0.937407982,0.709849118,0.382540591,1.442797826,0.023285426,0.087823783,0.939129529,0.583895422,0.380545238,1.435272112,0.023851954,0.089960511,0.937321634,0.573322879
coated_19_10,TRUE,TRUE,47,0.673488,0.628996,82.8772,55.5848,1.88465,0.0205871,3,0,0.341601838,(1.6+0.03583j),0.35,0.754983357,0.825468894,2.656532076,0.279671549,0.900041715,0.661196745,0.870558232,0.746101811,2.401112153,0.288138122,0.927288924,0.613808575,0.640797082,0.797665369,2.567054498,0.275855123,0.887759656,0.65417187,0.622964164
coated_20_1,TRUE,TRUE,45,0.246038,0.142274,1,1,1.80821,0.0239157,1.971451241,0,0.477222233,(1.6+0.09037j),0.7,0.191384204,0.015604583,0.981547202,0.014060548,0.884425524,0.098947537,0.453872628,0.017098754,1.075532396,0.014168565,0.891219967,0.171368552,0.091382761,0.017098754,1.075532396,0.014168565,0.891219967,0.171368552,0.091382761
coated_20_2,TRUE,TRUE,45,0.287765,0.1840778,2.16583,1.77722,1.85776,0.0287772,2.221395788,0,0.430896782,(1.6+0j),0.95,0.141785225,0.014597036,0.548494107,0.012830623,0.482119887,0.121011728,0.257679534,0.014121017,0.530607363,0.012003064,0.451023754,0.149985874,0.081820919,0.01433273,0.538562612,0.012034632,0.452209945,0.160339143,0.066313894
coated_20_3,TRUE,TRUE,45,0.282255,0.1773386,1.93672,1.62448,1.85968,0.056053,2.263457573,0,0.437361404,(1.6+0j),1.05,0.136517472,0.012470635,0.504884629,0.011370682,0.46035207,0.088203436,0.210393218,0.011453933,0.463722544,0.010228531,0.414111064,0.106985266,0.062084963,0.011400497,0.461559146,0.010090684,0.408530217,0.114890864,0.051129423
coated_20_4,TRUE,TRUE,45,0.309808,0.222644,3.83281,2.88854,1.82395,0.0411252,2.13242544,0,0.397483486,(1.6+0.09813j),0.6,0.244267044,0.05061007,1.299945266,0.032050819,0.823241506,0.366710639,0.494193508,0.05691951,1.462006431,0.033316684,0.855755877,0.414670238,0.340841866,0.059170527,1.519824921,0.034530898,0.886943578,0.416417269,0.28144142
coated_20_5,TRUE,TRUE,45,0.695815,0.64624,93.81385,62.8759,1.83606,0.0452561,3,0,0.342188488,(1.6+0j),0.85,0.190290404,1.019724606,3.108889929,0.035075125,0.106935445,0.965603335,0.797089519,1.04488427,3.185595567,0.034585676,0.105443235,0.966899993,0.667984713,1.022134277,3.116236425,0.041633802,0.126931239,0.959267776,0.654236733
coated_20_6,TRUE,TRUE,45,0.599506,0.548604,57.37735,38.5849,1.83172,0.0366439,3,0,0.344628502,(1.6+0j),0.35,0.497895719,0.834328304,3.529629788,0.075342948,0.318738695,0.909696281,0.85720069,0.717740461,3.036404375,0.083992942,0.355332533,0.882975885,0.609690534,0.79698414,3.37164513,0.050160892,0.212205887,0.937061619,0.577528585
coated_20_7,TRUE,TRUE,45,0.507029,0.45402,32.48785,21.9919,1.99194,0.0277533,3,0,0.348485666,(1.6+0.08591j),0.75,0.318829574,0.367951284,2.272743751,0.115686128,0.714564498,0.6855939,0.774522262,0.384565714,2.375366964,0.11522172,0.711695969,0.700384833,0.624597968,0.380337541,2.349250585,0.118879539,0.734289404,0.687436748,0.625427392
coated_20_8,TRUE,TRUE,45,0.555869,0.50486,44.6689,30.1126,1.96775,0.0432996,3,0,0.345987672,(1.6+0.10007j),0.75,0.329373279,0.528372558,2.639419653,0.167861179,0.838529723,0.682305266,0.804514517,0.524447985,2.619814936,0.159286223,0.795694595,0.696278319,0.654304818,0.514635773,2.570799247,0.162474342,0.811620446,0.684292561,0.650778637
coated_20_9,TRUE,TRUE,45,0.660582,0.61649,81.43975,54.6265,1.98485,0.0591261,3,0,0.341751987,(1.6+0.19609j),0.4,0.631924985,0.855474954,2.865928458,0.423889544,1.42007326,0.504498008,0.948265666,0.819610178,2.745777795,0.416794524,1.396304219,0.491472244,0.843314198,0.830547256,2.782418124,0.416752924,1.396164856,0.49821889,0.843020174
coated_20_10,TRUE,TRUE,45,0.457487,0.416834,25.1602,17.1068,2.05517,0.0519844,3,0,0.34656826,(1.6+0j),1.1,0.293450788,0.096615437,0.707995295,0.018743029,0.137348407,0.806003786,0.409657169,0.092657767,0.678993594,0.016324777,0.119627523,0.823816418,0.321775848,0.097231336,0.71250858,0.01962433,0.143806555,0.798168669,0.300954754
coated_21_1,TRUE,TRUE,57,0.259072,0.1539008,1,1,1.83797,0.0227889,1.990167,0,0.462170761,(1.6+0.01162j),0.8,0.164968133,0.017069108,0.917569957,0.01550753,0.833625513,0.091485607,0.36812763,0.018139811,0.975126862,0.015371959,0.826337746,0.152584368,0.081556675,0.018139811,0.975126862,0.015371959,0.826337746,0.152584368,0.081556675
coated_21_2,TRUE,TRUE,57,0.283957,0.1852776,1.744645,1.49643,1.82225,0.0187946,2.080623264,0,0.426174021,(1.6+0.04816j),0.75,0.176850041,0.024778966,0.919067637,0.02085357,0.773472195,0.15841646,0.424423503,0.027567351,1.022490578,0.021161879,0.78490756,0.232357171,0.138333529,0.028485942,1.056561724,0.021550104,0.79930707,0.243482844,0.114909879
coated_21_3,TRUE,TRUE,57,0.306055,0.213334,2.66323,2.10882,1.85853,0.0189118,2.300650922,0,0.405199167,(1.6+0j),0.85,0.180253728,0.024316534,0.680286177,0.01917078,0.536327121,0.211615437,0.343677657,0.026003032,0.727468115,0.019145651,0.535624101,0.26371467,0.139826354,0.027676496,0.774285411,0.020050897,0.560949521,0.275526165,0.110364091
coated_21_4,TRUE,TRUE,57,0.305906,0.216358,2.77924,2.18616,1.88106,0.0320293,2.310829114,0,0.401724356,(1.6+0j),1.2,0.135416626,0.014725396,0.400526438,0.012971611,0.352823988,0.119099379,0.194230152,0.013967783,0.379919587,0.012057181,0.327951773,0.136786352,0.069766054,0.014079933,0.382970019,0.012015642,0.326821922,0.146612252,0.056824552
coated_21_5,TRUE,TRUE,57,0.595964,0.543684,44.0734,29.7156,1.88265,0.0312413,3,0,0.34506131,(1.6+0.17814j),1.05,0.205044238,0.450917162,1.942288677,0.213861398,0.921190426,0.525719098,0.737884406,0.464638273,2.001391239,0.218029456,0.939143991,0.530754421,0.5974053,0.462945874,1.994101368,0.219505433,0.945501641,0.525850764,0.597801714
coated_21_6,TRUE,TRUE,57,0.611355,0.55648,47.19295,31.7953,1.89066,0.0345042,3,0,0.345240593,(1.6+0j),1.05,0.222768731,0.397678825,1.635096788,0.031917558,0.131232273,0.919740364,0.73005322,0.420326926,1.728216748,0.032517987,0.133700998,0.922636441,0.605879796,0.416746724,1.713496383,0.032771432,0.134743064,0.921363672,0.594654247
coated_21_7,TRUE,TRUE,57,0.741025,0.678358,85.58875,57.3925,1.9039,0.0240031,3,0,0.343737851,(1.6+0j),0.75,0.331147588,1.372536874,3.797661373,0.055592848,0.15381941,0.959496281,0.830073361,1.40452136,3.886158994,0.046702143,0.129219788,0.966748713,0.697661569,1.352293218,3.741649361,0.05806416,0.160657263,0.957062448,0.658730165
coated_21_8,TRUE,TRUE,57,0.39398,0.350244,11.776135,8.18409,1.86579,0.0269392,3,0,0.351410694,(1.6+0.00089j),1.05,0.274380851,0.059728001,0.619935766,0.021908394,0.227394135,0.633197264,0.312602644,0.056538327,0.586829128,0.019788711,0.205393275,0.64999475,0.243293576,0.061492484,0.638249886,0.023084829,0.239604725,0.624591042,0.216003238
coated_21_9,TRUE,TRUE,57,0.644079,0.589818,56.3914,37.9276,1.90387,0.0231731,3,0,0.344235045,(1.6+0.10738j),1.1,0.283414342,0.527214154,1.929572653,0.19153385,0.701002573,0.63670579,0.757691589,0.544544052,1.992999056,0.195661201,0.716108435,0.640688021,0.613898916,0.542965848,1.987222923,0.197701135,0.723574472,0.635886612,0.613751697
coated_21_10,TRUE,TRUE,57,0.654666,0.601398,59.7538,40.1692,1.98125,0.0222314,3,0,0.343770777,(1.6+0j),1.2,0.294399894,0.39236469,1.381262042,0.026974416,0.094959456,0.931251672,0.708743872,0.400599891,1.410252851,0.026639268,0.093779617,0.933501558,0.578850867,0.39847555,1.402774421,0.027544885,0.096967705,0.930874342,0.567027975
coated_22_1,TRUE,TRUE,55,0.252247,0.1521144,1,1,1.78526,0.0173433,1.899423124,0,0.45954822,(1.6+0.01818j),1,0.118725492,0.012297187,0.676667386,0.011627443,0.639813894,0.054463231,0.347868239,0.011969529,0.658637616,0.010912691,0.600483848,0.088294029,0.050667108,0.011969529,0.658637616,0.010912691,0.600483848,0.088294029,0.050667108
coated_22_2,TRUE,TRUE,55,0.279665,0.1783676,1.61191,1.40794,1.75899,0.0182093,1.974077027,0,0.433613324,(1.6+0.14866j),0.5,0.247833087,0.042389943,1.696449795,0.032603401,1.304791417,0.230869419,0.689009062,0.052322255,2.093941924,0.033204117,1.328832099,0.365392094,0.319026797,0.053134143,2.126433783,0.033244091,1.330431897,0.37433655,0.280143346
coated_22_3,TRUE,TRUE,55,0.284745,0.1879982,1.88956,1.59304,1.77875,0.0271801,2.003892961,0,0.422756587,(1.6+0.61026j),0.3,0.458638787,0.100940794,3.636381599,0.064400188,2.320010091,0.362000377,0.816701921,0.080025226,2.882900435,0.044633209,1.607906711,0.442260755,0.650646632,0.078800967,2.838796657,0.04424406,1.593887652,0.438534054,0.646188701
coated_22_4,TRUE,TRUE,55,0.307378,0.220104,3.025645,2.35043,1.81176,0.0193582,2.239478968,0,0.398618743,(1.6+0.00138j),1.1,0.131457783,0.016210767,0.426047293,0.013728845,0.360818053,0.153103285,0.243780716,0.016202118,0.425819993,0.01332694,0.350255271,0.177456962,0.085978656,0.016627189,0.436991581,0.013498096,0.354753569,0.188191297,0.069798784
coated_22_5,TRUE,TRUE,55,0.743886,0.682214,90.1714,60.4476,1.91964,0.0169622,3,0,0.343503791,(1.6+0j),1,0.1722807,0.97001823,2.653681275,0.036640941,0.100238712,0.962226544,0.74959914,0.965126277,2.640298347,0.030615693,0.083755428,0.968278044,0.599911609,0.960732323,2.628277796,0.038178254,0.104444345,0.960261299,0.595480876
coated_22_6,TRUE,TRUE,55,0.695779,0.640526,74.7331,50.1554,1.9472,0.0231627,3,0,0.343278054,(1.6+0j),0.65,0.282309632,1.265743089,3.928096578,0.06061476,0.188111342,0.952111325,0.823914829,1.283863581,3.984331563,0.055116607,0.17104842,0.957069732,0.682323041,1.226615445,3.806668174,0.052431837,0.162716526,0.95725487,0.640727502
coated_22_7,TRUE,TRUE,55,0.713293,0.658454,81.2731,54.5154,2.00053,0.0166505,3,0,0.342853407,(1.6+0j),0.45,0.458032172,1.175656822,3.452548644,0.071592443,0.210245361,0.939104302,0.811750962,1.08826029,3.195891453,0.083847658,0.246235223,0.92295257,0.611535499,1.119059333,3.286338933,0.056625151,0.166290949,0.949399331,0.574134054
coated_22_8,TRUE,TRUE,55,0.511327,0.468354,29.1499,19.7666,2.07745,0.046093,3,0,0.345226637,(1.6+0j),0.5,0.473296486,0.626355056,3.635651436,0.067570867,0.39221224,0.892120505,0.826653879,0.652188679,3.785601605,0.061657203,0.357886627,0.905461096,0.69808536,0.599441153,3.479430823,0.054885622,0.318581273,0.908438682,0.613452105
coated_22_9,TRUE,TRUE,55,0.461157,0.42135,21.3016,14.5344,2.17278,0.0289952,3,0,0.346113325,(1.6+0.01084j),1.2,0.232843751,0.086196807,0.618180495,0.023827952,0.170887714,0.7235634,0.366470485,0.083021305,0.595406649,0.021931888,0.15728965,0.735828193,0.270177842,0.087706222,0.629005617,0.02506502,0.179759636,0.714216168,0.251372096
coated_22_10,TRUE,TRUE,55,0.622526,0.576646,54.5143,36.6762,2.26872,0.0348798,3,0,0.342896904,(1.6+0j),0.85,0.412966643,0.690312529,2.643244315,0.042466432,0.162606283,0.93848231,0.743796693,0.689272807,2.639263163,0.035348021,0.1353495,0.948716937,0.60167975,0.681268114,2.608612756,0.043026838,0.16475211,0.936843018,0.592699975
coated_23_1,TRUE,TRUE,57,0.254212,0.1539182,1,1,1.78079,0.018509,2.024216556,0,0.457447543,(1.6+0j),0.9,0.136918121,0.014575114,0.783325263,0.013533755,0.727358416,0.071447775,0.332198233,0.014818285,0.796394217,0.013083181,0.703142789,0.117092046,0.064145024,0.014818285,0.796394217,0.013083181,0.703142789,0.117092046,0.064145024
coated_23_2,TRUE,TRUE,57,0.274108,0.1778744,1.54249,1.36166,1.77373,0.0168111,2.057649176,0,0.429934553,(1.6+0j),0.8,0.155978994,0.020899989,0.841064455,0.018195949,0.73224756,0.129379972,0.420823799,0.02232448,0.898389293,0.018016726,0.725035227,0.192960967,0.110907603,0.022804385,0.917701808,0.018170751,0.731233547,0.203190469,0.093541897
coated_23_3,TRUE,TRUE,57,0.316374,0.22159,2.98459,2.32306,1.72865,0.0193332,2.292875916,0,0.402668762,(1.6+0.25605j),0.35,0.425699155,0.115868293,3.004515247,0.068060209,1.764830843,0.412607127,0.807218389,0.108422474,2.811441921,0.057486595,1.490652411,0.469790786,0.668284958,0.099181883,2.57182938,0.056209967,1.45754889,0.433263769,0.675369559
coated_23_4,TRUE,TRUE,57,0.307127,0.213714,2.676925,2.11795,1.73732,0.0293453,2.397666395,0,0.405464354,(1.6+0j),0.85,0.189848938,0.025251215,0.703925114,0.019709494,0.549439207,0.219463554,0.313893779,0.026083864,0.727136761,0.019173733,0.534503853,0.264919776,0.140323311,0.027775282,0.774288215,0.020090402,0.560057732,0.276680542,0.110742739
coated_23_5,TRUE,TRUE,57,0.754445,0.693546,91.62655,61.4177,1.77616,0.0165207,3,0,0.343167033,(1.6+0j),0.35,0.497766082,0.971198957,2.570796994,0.087792358,0.232389386,0.909604148,0.776045503,0.769323591,2.036425965,0.129114549,0.341770644,0.832171338,0.397201406,0.831758489,2.201693286,0.063624384,0.16841593,0.92350618,0.334536953
coated_23_6,TRUE,TRUE,57,0.68597,0.624232,66.79045,44.8603,1.77841,0.0338406,3,0,0.344774875,(1.6+0j),0.6,0.317865035,1.24722242,4.075322398,0.070248724,0.229539009,0.943675865,0.844120256,1.346234419,4.398845944,0.068491175,0.223796184,0.949123887,0.703516525,1.313333705,4.29134225,0.053752403,0.175636974,0.959071786,0.664980067
coated_23_7,TRUE,TRUE,57,0.720083,0.668102,81.81625,54.8775,1.79393,0.0218562,3,0,0.342203752,(1.6+0.19284j),0.75,0.302847929,1.087039092,3.100771313,0.453854588,1.294616998,0.582485496,0.884397337,1.084431324,3.093332673,0.443908518,1.266245904,0.590653177,0.770765093,1.068016384,3.046509171,0.441192867,1.258499528,0.586904402,0.757322503
coated_23_8,TRUE,TRUE,57,0.645948,0.5986,58.89385,39.5959,1.85786,0.0205962,3,0,0.342711684,(1.6+0.02852j),0.85,0.301355521,0.767139377,2.725906588,0.110959373,0.394276314,0.855359565,0.78429139,0.775819901,2.756751434,0.106311409,0.377760521,0.862968958,0.639436157,0.760359047,2.701813774,0.11281712,0.400877518,0.851626518,0.62928037
coated_23_9,TRUE,TRUE,57,0.489001,0.451022,25.1812,17.1208,2.01272,0.0228404,3,0,0.344457359,(1.6+0j),1,0.31725166,0.175421164,1.097985625,0.028638576,0.179252858,0.836743893,0.586348225,0.176268109,1.103286772,0.026924948,0.168527017,0.847250034,0.48787898,0.17813703,1.11498461,0.030532946,0.191109984,0.828598546,0.458370837
coated_23_10,TRUE,TRUE,57,0.739867,0.6998,94.0861,63.0574,2.17688,0.0360424,3,0,0.339818019,(1.6+0.0353j),0.55,0.686191999,1.485778804,3.862926107,0.280112624,0.728274198,0.811470844,0.873274019,1.477462706,3.841304806,0.29511461,0.767278365,0.800255797,0.726439014,1.486879236,3.865787158,0.28991936,0.753771061,0.805014857,0.708964832
coated_24_1,TRUE,TRUE,61,0.26972,0.1575126,1,1,1.83856,0.0241331,1.935274607,0,0.464144347,(1.6+0.16707j),0.75,0.159661646,0.019617719,1.00676479,0.017636519,0.905091297,0.100990315,0.477104671,0.02223496,1.141079396,0.018162141,0.932065764,0.183171857,0.097847567,0.02223496,1.141079396,0.018162141,0.932065764,0.183171857,0.097847567
coated_24_2,TRUE,TRUE,61,0.296063,0.1837954,1.591555,1.39437,1.82598,0.0237281,1.911201618,0,0.437544629,(1.6+0.25558j),0.45,0.269972719,0.055517696,2.092532799,0.041345191,1.558353007,0.255279054,0.708466503,0.065698009,2.476241792,0.039555044,1.49088008,0.397926291,0.409041051,0.065375303,2.464078606,0.039112477,1.474199169,0.401723969,0.377465199
coated_24_3,TRUE,TRUE,61,0.314472,0.21301,2.478055,1.98537,1.85374,0.0220531,2.266188573,0,0.410974654,(1.6+0j),0.8,0.182446838,0.027730476,0.778157405,0.021610728,0.606428403,0.220686716,0.410902526,0.030860119,0.865979737,0.022073655,0.619418801,0.28471906,0.160189225,0.033014816,0.926443662,0.023208465,0.65126323,0.297028781,0.12568328
coated_24_4,TRUE,TRUE,61,0.328606,0.237322,3.43159,2.62106,1.87618,0.0167486,2.307885405,0,0.394259024,(1.6+0j),0.9,0.182773879,0.028044154,0.633981315,0.020453708,0.462387595,0.270660532,0.322224047,0.029357572,0.66367316,0.020209197,0.456860053,0.31161891,0.153183698,0.031725282,0.717198899,0.021581815,0.48789018,0.319728208,0.121700176
coated_24_5,TRUE,TRUE,61,0.680742,0.632474,64.86025,43.5735,1.89882,0.0168935,3,0,0.342213047,(1.6+0j),0.9,0.210110587,0.853586621,2.716891932,0.041998675,0.133678129,0.950797407,0.7642102,0.860672477,2.739445592,0.038066115,0.121161131,0.95577166,0.616465192,0.846552538,2.694503058,0.046907765,0.149303335,0.944589658,0.606001638
coated_24_6,TRUE,TRUE,61,0.558874,0.507934,33.60355,22.7357,1.88857,0.0227477,3,0,0.345868395,(1.6+0.01369j),1.1,0.189295488,0.237059354,1.169910522,0.042620315,0.21033532,0.820212472,0.652849847,0.240972409,1.18922182,0.041704938,0.205817845,0.826930652,0.511867231,0.241793766,1.193275296,0.044557553,0.219895775,0.815720835,0.49062085
coated_24_7,TRUE,TRUE,61,0.565555,0.526022,37.3198,25.2132,2.02791,0.0215426,3,0,0.342708524,(1.6+0j),0.75,0.398663749,0.596724561,2.745846251,0.050872934,0.234093356,0.914746372,0.766546254,0.599417196,2.758236491,0.044502681,0.204780443,0.925756749,0.622081601,0.578164581,2.660441935,0.051791707,0.238321116,0.910420478,0.600811918
coated_24_8,TRUE,TRUE,61,0.754438,0.700938,88.3744,59.2496,2.02019,0.0390225,3,0,0.341895424,(1.6+0j),1.1,0.272480169,0.959324347,2.486087302,0.036176457,0.093751223,0.96228965,0.7411436,0.964449659,2.499369539,0.031754134,0.082290781,0.967075384,0.587754176,0.967621153,2.507588458,0.036512969,0.094623292,0.962265223,0.585631188
coated_24_9,TRUE,TRUE,61,0.570762,0.531994,38.59195,26.0613,2.08341,0.0327106,3,0,0.342393975,(1.6+0j),0.35,0.908615787,0.779136777,3.50518024,0.088482327,0.398064261,0.886435437,0.8307508,0.716210498,3.22208752,0.118579133,0.533463759,0.834435361,0.625707147,0.817364663,3.677159837,0.066375351,0.298609403,0.918793467,0.556711141
coated_24_10,TRUE,TRUE,61,0.756512,0.714114,93.4033,62.6022,2.23661,0.0434868,3,0,0.340003761,(1.6+0j),1.05,0.381334691,1.057677251,2.640755465,0.038756096,0.096764275,0.963357351,0.747353262,1.054161847,2.631978381,0.03229083,0.080622122,0.969368243,0.598554627,1.050253476,2.622220157,0.040217538,0.10041313,0.961706827,0.594537249
coated_25_1,TRUE,TRUE,75,0.295133,0.1686906,1,1,1.81185,0.0182168,1.95128448,0,0.462887938,(1.6+0.00039j),0.9,0.143603334,0.019332364,0.864994461,0.01778338,0.795687743,0.080123886,0.396300529,0.020820122,0.931561689,0.017818505,0.797259333,0.144169042,0.077310262,0.020820122,0.931561689,0.017818505,0.797259333,0.144169042,0.077310262
coated_25_2,TRUE,TRUE,75,0.313177,0.190139,1.431625,1.28775,1.78848,0.0270376,1.936145643,0,0.440036959,(1.6+0.06603j),0.75,0.17960482,0.030657757,1.079712379,0.026502265,0.933363272,0.13554453,0.576383928,0.035429151,1.247752513,0.026815381,0.944390661,0.24312662,0.14748383,0.036240678,1.276333075,0.0271014,0.954463753,0.252182857,0.128560308
coated_25_3,TRUE,TRUE,75,0.327009,0.208632,1.89277,1.59518,1.81508,0.0227012,2.045723321,0,0.424031363,(1.6+0.07239j),0.6,0.249023597,0.048298316,1.412798638,0.036580601,1.070037796,0.242611249,0.644027587,0.061731429,1.80573746,0.039247717,1.148054938,0.364218241,0.30346315,0.063734728,1.864336962,0.039794524,1.164049866,0.375622599,0.251914056
coated_25_4,TRUE,TRUE,75,0.336553,0.22522,2.382295,1.92153,1.85584,0.0247774,2.134577351,0,0.410808615,(1.6+0j),0.75,0.213924189,0.03682953,0.924469085,0.027743205,0.696390504,0.246713044,0.509558496,0.045155489,1.133461458,0.030057053,0.754471094,0.334365462,0.21189049,0.048603098,1.220000938,0.031762416,0.797277936,0.346493998,0.164853523
coated_25_5,TRUE,TRUE,75,0.371283,0.278282,4.49128,3.32752,1.88804,0.0216971,2.482275759,0,0.382880743,(1.6+0j),0.5,0.37358651,0.123761002,2.034809245,0.052516762,0.863451261,0.57565985,0.73097611,0.15064027,2.476743155,0.058883236,0.968125271,0.609113578,0.609323289,0.133538705,2.19556879,0.060145762,0.98888302,0.54960053,0.591981309
coated_25_6,TRUE,TRUE,75,0.726911,0.661524,60.3538,40.5692,1.91408,0.0181883,3,0,0.344531834,(1.6+0j),1,0.206153354,0.889696638,2.588575631,0.048744633,0.141822689,0.945212074,0.759114713,0.886901503,2.580443173,0.041263212,0.120055466,0.953474865,0.593534964,0.88317565,2.569602791,0.049713868,0.144642681,0.943710101,0.587755466
coated_25_7,TRUE,TRUE,75,0.813264,0.748872,87.50935,58.6729,1.95686,0.0257955,3,0,0.342718598,(1.6+0j),0.35,0.65971894,1.003623017,2.278586635,0.111690841,0.253578537,0.888712356,0.724841517,0.808478784,1.835538764,0.128962257,0.29279089,0.840487765,0.524555097,0.772420709,1.753673914,0.079130159,0.179654034,0.897555621,0.428238979
coated_25_8,TRUE,TRUE,75,0.448508,0.39448,12.80323,8.86882,2.0091,0.0263707,3,0,0.35202789,(1.6+0j),1.2,0.210631351,0.069491014,0.568576346,0.024116016,0.197317545,0.652962094,0.306082313,0.066553704,0.544543238,0.022377971,0.183096836,0.663760702,0.234345742,0.072230658,0.590992145,0.026135503,0.213841009,0.638166072,0.21002778
coated_25_9,TRUE,TRUE,75,0.479708,0.434822,17.15515,11.7701,2.02296,0.0145287,3,0,0.347057624,(1.6+0.13445j),1,0.28959639,0.214317057,1.44325755,0.1059689,0.713617554,0.505550791,0.613076395,0.217730859,1.466246829,0.105732564,0.712026018,0.514388707,0.466113862,0.218643204,1.472390756,0.107345569,0.722888346,0.509037704,0.443708457
coated_25_10,TRUE,TRUE,75,0.820147,0.769414,95.03095,63.6873,2.13364,0.0203966,3,0,0.34053205,(1.6+0.27249j),0.35,1.032694531,1.172563331,2.521890692,0.618756331,1.330790235,0.472304553,0.970593101,1.152703236,2.479176589,0.606594555,1.304633295,0.473763466,0.892915215,1.151943676,2.477542966,0.607460169,1.306495015,0.472665043,0.893467736
coated_26_1,TRUE,TRUE,57,0.263493,0.1539498,1,1,1.83498,0.0285719,1.977466277,0,0.466246553,(1.6+0j),0.35,0.401556914,0.048612622,2.611565392,0.035515661,1.907970993,0.269414812,0.735004912,0.0530582,2.850390574,0.030128325,1.618552714,0.432164585,0.429793742,0.0530582,2.850390574,0.030128325,1.618552714,0.432164585,0.429793742
coated_26_2,TRUE,TRUE,57,0.285749,0.1736782,1.43668,1.29112,1.81998,0.0238656,2.017508295,0,0.446366833,(1.6+0j),0.75,0.18740565,0.022105779,0.933093863,0.019220149,0.811290252,0.130537362,0.494081109,0.02429083,1.025325736,0.01921737,0.811172926,0.208863196,0.121325283,0.024815224,1.047460626,0.019387914,0.818371665,0.218708899,0.104149223
coated_26_3,TRUE,TRUE,57,0.302204,0.1951672,2.03842,1.69228,1.82277,0.0157349,2.171919557,0,0.425289581,(1.6+0j),0.95,0.149593064,0.018359152,0.613690025,0.016034439,0.535982035,0.126624171,0.331064433,0.018512425,0.618813473,0.015397241,0.514682446,0.168275307,0.092662143,0.018922509,0.632521326,0.015530573,0.519139347,0.179254002,0.075089124
coated_26_4,TRUE,TRUE,57,0.313157,0.22442,3.10312,2.40208,1.87402,0.0231371,2.348367105,0,0.397730424,(1.6+0.03443j),1,0.169324952,0.022177393,0.560657321,0.018170225,0.459353795,0.180687065,0.284582656,0.021874732,0.55300588,0.017163058,0.433892031,0.215393459,0.108967486,0.022736211,0.574784563,0.01760738,0.445124744,0.225579856,0.088614438
coated_26_5,TRUE,TRUE,57,0.41468,0.347032,11.458495,7.97233,1.9472,0.0268769,3,0,0.360809542,(1.6+0j),0.7,0.287691495,0.141637576,1.497440438,0.037373691,0.395127325,0.736131525,0.686163167,0.158804413,1.678934062,0.04100217,0.433488833,0.741807113,0.580994954,0.153244067,1.6201482,0.04328868,0.457662588,0.717518072,0.535320408
coated_26_6,TRUE,TRUE,57,0.742753,0.663916,80.2903,53.8602,1.95405,0.0374911,3,0,0.346647311,(1.6+0j),0.6,0.352255831,1.447969861,4.182571472,0.063510684,0.183455459,0.956138117,0.843242312,1.524601957,4.403929129,0.062975804,0.181910418,0.958693609,0.72074431,1.514714707,4.375369053,0.054810844,0.158325306,0.963814411,0.692541759
coated_26_7,TRUE,TRUE,57,0.501127,0.435668,22.6897,15.4598,2.0758,0.0189644,3,0,0.352872559,(1.6+0.16837j),0.65,0.424438372,0.384745713,2.58090836,0.165545877,1.110496422,0.56972652,0.81730804,0.39416861,2.644117985,0.16330464,1.095462003,0.585698517,0.67580138,0.380277373,2.550934336,0.164594989,1.10411778,0.567171227,0.673971249
coated_26_8,TRUE,TRUE,57,0.639572,0.591138,56.7247,38.1498,2.11349,0.0241658,3,0,0.343080176,(1.6+0.02782j),0.7,0.418951031,0.951745313,3.467792554,0.135995128,0.495513754,0.857109747,0.843527915,1.013404588,3.692455151,0.136912473,0.498856205,0.864898507,0.726659596,0.979031508,3.567212914,0.140538121,0.512066664,0.856451892,0.689052963
coated_26_9,TRUE,TRUE,57,0.754628,0.692564,91.1809,61.1206,2.12356,0.0267423,3,0,0.343365904,(1.6+0.02431j),0.9,0.347996949,1.194576125,3.171057547,0.142465122,0.378180251,0.880740023,0.817418003,1.224372332,3.250152955,0.142577069,0.378477421,0.883550889,0.69406966,1.198692419,3.181984439,0.149429589,0.396667751,0.875339506,0.680622583
coated_26_10,TRUE,TRUE,57,0.637873,0.58499,54.9187,36.9458,2.19368,0.0525788,3,0,0.344086674,(1.6+0.03866j),1.15,0.311834724,0.420730101,1.565369323,0.090409362,0.336377268,0.78511316,0.720854222,0.435601884,1.620701313,0.093542819,0.348035614,0.785256166,0.592207745,0.433581232,1.61318327,0.09467178,0.352236029,0.781651573,0.584384385
coated_27_1,TRUE,TRUE,61,0.26037,0.157439,1,1,1.83445,0.0159696,2.038714451,0,0.455719556,(1.6+0.29522j),0.3,0.442227122,0.063703569,3.272270822,0.042901036,2.203703949,0.326552089,0.797537483,0.057066895,2.931363755,0.031581634,1.622258547,0.446585725,0.548293439,0.057066895,2.931363755,0.031581634,1.622258547,0.446585725,0.548293439
coated_27_2,TRUE,TRUE,61,0.27867,0.1743978,1.35796,1.23864,1.81306,0.0287385,2.004811103,0,0.439434589,(1.6+0.14951j),1.05,0.12980021,0.016513663,0.691307927,0.015369929,0.643428009,0.069259899,0.307728956,0.015283625,0.639815116,0.013747206,0.57549632,0.10052716,0.060182595,0.015167714,0.634962728,0.013599919,0.569330479,0.103363939,0.054649015
coated_27_3,TRUE,TRUE,61,0.29241,0.1933138,1.85308,1.56872,1.79583,0.0298894,2.10490042,0,0.420894772,(1.6+0.11764j),0.35,0.446526509,0.081578365,2.779453413,0.049745068,1.694862341,0.390217396,0.759684192,0.081311497,2.770360953,0.043591545,1.485205885,0.463894449,0.597944069,0.075329573,2.566551049,0.042040353,1.432355287,0.441914359,0.585279823
coated_27_4,TRUE,TRUE,61,0.555927,0.493658,30.8338,20.8892,1.8891,0.0209568,3,0,0.349090827,(1.6+0j),0.7,0.284859713,0.529289748,2.765357234,0.052352252,0.273522546,0.901089616,0.767580655,0.534513323,2.792648616,0.047423948,0.247773846,0.911276397,0.628577012,0.50896887,2.659187621,0.053459512,0.279307596,0.894965066,0.600650738
coated_27_5,TRUE,TRUE,61,0.758115,0.710248,91.90705,61.6047,1.94292,0.0245298,3,0,0.340890615,(1.6+0.18994j),0.9,0.247491267,1.175826796,2.967791816,0.48735107,1.230076167,0.58552478,0.863553148,1.185563662,2.992367707,0.485945835,1.226529346,0.590114095,0.749570831,1.171411004,2.956646338,0.48685397,1.228821482,0.58438672,0.743444589
coated_27_6,TRUE,TRUE,61,0.701791,0.659564,73.6315,49.421,1.98616,0.0250574,3,0,0.340713911,(1.6+0.00015j),0.55,0.432466246,1.367972243,4.003810533,0.075744953,0.221691956,0.944629759,0.836399339,1.343408696,3.931917417,0.071280609,0.208625617,0.946940489,0.692061794,1.321120544,3.866683973,0.06503534,0.190346829,0.950772592,0.653925259
coated_27_7,TRUE,TRUE,61,0.710539,0.657596,72.9385,48.959,2.03857,0.0313541,3,0,0.342552507,(1.6+0.03903j),1.05,0.259348227,0.819812115,2.413826911,0.137842615,0.405859108,0.831860724,0.757154066,0.82752306,2.436530756,0.133765834,0.393855574,0.838353949,0.608608532,0.827301155,2.435877387,0.138751491,0.408535171,0.832284181,0.607847895
coated_27_8,TRUE,TRUE,61,0.686617,0.634734,65.6422,44.0948,2.16952,0.0219671,3,0,0.342807688,(1.6+0.06926j),1.15,0.280291369,0.641863237,2.028472368,0.176048622,0.556364261,0.725722534,0.766720397,0.645933958,2.041337016,0.174592671,0.551763037,0.729705074,0.618443649,0.64474944,2.037593598,0.176884887,0.559007099,0.72565329,0.617766873
coated_27_9,TRUE,TRUE,61,0.733164,0.690692,84.52915,56.6861,2.19528,0.0160836,3,0,0.340315819,(1.6+0j),0.35,0.928099234,0.84591429,2.257707255,0.084317311,0.225039117,0.900324049,0.678557326,0.76202571,2.033812402,0.136805824,0.365128601,0.820470855,0.388632172,0.817418652,2.181653678,0.066418284,0.177267416,0.918746308,0.317162313
coated_27_10,TRUE,TRUE,61,0.755238,0.720126,95.72935,64.1529,2.32533,0.0358069,3,0,0.338823268,(1.6+0j),0.45,0.874531058,1.273779181,3.127427727,0.073631395,0.180782407,0.942194537,0.791538336,1.159430778,2.846675483,0.086263803,0.211797943,0.925598143,0.585202356,1.2451322,3.057092646,0.057779801,0.141863012,0.953595449,0.568021458
coated_28_1,TRUE,TRUE,59,0.266834,0.1556816,1,1,1.79415,0.0196828,1.856404132,0,0.4654992,(1.6+0.05799j),0.5,0.24154052,0.031149181,1.636372497,0.025879974,1.35956316,0.169160345,0.683942224,0.042450783,2.230084153,0.028069024,1.474561387,0.338786662,0.229586907,0.042450783,2.230084153,0.028069024,1.474561387,0.338786662,0.229586907
coated_28_2,TRUE,TRUE,59,0.296204,0.1860464,1.70458,1.46972,1.80068,0.0194629,1.965259377,0,0.434182826,(1.6+0.17147j),0.35,0.34681223,0.075441481,2.775094529,0.050232327,1.847782589,0.334155082,0.755909124,0.075000993,2.758891322,0.041134302,1.513114206,0.451549905,0.575057861,0.070867252,2.606832742,0.039861252,1.466285396,0.437522257,0.559390373
coated_28_3,TRUE,TRUE,59,0.311786,0.208068,2.38729,1.92486,1.78685,0.0200733,2.106579307,0,0.415091098,(1.6+0.09751j),0.85,0.159902087,0.026979128,0.793464393,0.022734184,0.668619293,0.15734178,0.435280953,0.028961164,0.85175669,0.02236099,0.657643541,0.227897417,0.132967116,0.030008659,0.882563827,0.022877577,0.672836536,0.237634134,0.109255065
coated_28_4,TRUE,TRUE,59,0.327857,0.23508,3.441775,2.62785,1.82346,0.0161397,2.131832278,0,0.395942582,(1.6+0.29948j),0.35,0.418588095,0.134910319,3.10830713,0.078370933,1.805650834,0.419088669,0.809482381,0.123519516,2.845865277,0.06558731,1.511118688,0.46901257,0.693151734,0.113490159,2.614790862,0.064570176,1.487684103,0.431050443,0.704535595
coated_28_5,TRUE,TRUE,59,0.648839,0.596582,56.27065,37.8471,1.92003,0.0268204,3,0,0.343690776,(1.6+0j),0.8,0.234382606,0.827987089,2.962056864,0.048169308,0.172321804,0.9418236,0.791890221,0.855089207,3.059012502,0.04544749,0.16258472,0.946850587,0.658445355,0.824524385,2.949669324,0.052126293,0.1864776,0.936780168,0.636277594
coated_28_6,TRUE,TRUE,59,0.653308,0.59475,55.74745,37.4983,1.95987,0.0241804,3,0,0.344930028,(1.6+0.10408j),0.75,0.268494725,0.861673041,3.101585249,0.267469736,0.962755185,0.689592545,0.852863405,0.889020922,3.200023728,0.270584082,0.973965247,0.695638117,0.740192942,0.866046782,3.117328496,0.272849964,0.982121271,0.684947777,0.722718799
coated_28_7,TRUE,TRUE,59,0.484443,0.429402,20.96545,14.3103,2.018,0.0258492,3,0,0.350271121,(1.6+0j),0.75,0.305143405,0.294877029,2.036211733,0.045050801,0.311088895,0.847221736,0.748340439,0.32277589,2.228861489,0.044914547,0.310148021,0.860849127,0.608574765,0.316950794,2.188637502,0.0478293,0.330275241,0.849095503,0.594009658
coated_28_8,TRUE,TRUE,59,0.498293,0.45414,24.82525,16.8835,2.06741,0.033376,3,0,0.346063215,(1.6+0j),0.6,0.419566337,0.487608943,3.01024795,0.058951147,0.363934199,0.879101587,0.796427117,0.521916317,3.222044111,0.058683261,0.362280409,0.887561934,0.682800539,0.478535479,2.954233028,0.05651746,0.348909863,0.881894942,0.626915135
coated_28_9,TRUE,TRUE,59,0.6876,0.651404,73.2655,49.177,2.15994,0.0215214,3,0,0.339793594,(1.6+0.12364j),0.5,0.589682334,1.099129256,3.298056142,0.431698912,1.295359251,0.607235537,0.918858908,1.079968888,3.240563388,0.428475471,1.285686967,0.603252024,0.803045419,1.090027737,3.270746052,0.428740509,1.286482241,0.606670093,0.800205614
coated_28_10,TRUE,TRUE,59,0.661064,0.617834,62.51845,42.0123,2.25249,0.0349343,3,0,0.341568924,(1.6+0.0007j),1.05,0.336312747,0.660892158,2.204434039,0.036779692,0.122680234,0.944348421,0.743789469,0.679200088,2.265500923,0.036227884,0.120839656,0.946660955,0.60078665,0.68091695,2.271227589,0.037550587,0.125251589,0.944852912,0.596860437
coated_29_1,TRUE,TRUE,59,0.258449,0.1557042,1,1,1.81771,0.0222789,2.035026411,0,0.457618598,(1.6+0.23814j),0.6,0.231845062,0.02516253,1.321489666,0.021568464,1.132735921,0.142834068,0.594759631,0.031852849,1.672852872,0.023348535,1.226221988,0.266987546,0.153986066,0.031852849,1.672852872,0.023348535,1.226221988,0.266987546,0.153986066
coated_29_2,TRUE,TRUE,59,0.283663,0.185887,1.70266,1.46844,1.80093,0.0250051,2.115116314,0,0.425038315,(1.6+0j),0.35,0.413293164,0.073419258,2.705341354,0.045174916,1.664598274,0.384699357,0.764390839,0.074793527,2.75598022,0.03971734,1.463498359,0.468973562,0.576954979,0.069125751,2.547134887,0.038055078,1.402247589,0.449480436,0.555638283
coated_29_3,TRUE,TRUE,59,0.293303,0.1961168,1.999495,1.66633,1.81369,0.0169646,2.05845527,0,0.417722978,(1.6+0.02258j),0.7,0.224136733,0.030484436,1.009156896,0.024057171,0.796388682,0.210837597,0.464200516,0.034749862,1.150359564,0.024657403,0.81625875,0.290431639,0.182521912,0.036704526,1.215066765,0.025556915,0.846036214,0.303712159,0.146287118
coated_29_4,TRUE,TRUE,59,0.310881,0.224054,2.980225,2.32015,1.83748,0.014934,2.247554678,0,0.396696006,(1.6+0.23595j),0.6,0.296885308,0.063789069,1.617897395,0.045401974,1.151541117,0.288248365,0.604988753,0.072292439,1.83357042,0.045649802,1.157826834,0.368539751,0.346692837,0.073608698,1.866954994,0.046089423,1.168977058,0.373859005,0.301741887
coated_29_5,TRUE,TRUE,59,0.674702,0.616486,62.0641,41.7094,1.91134,0.0349612,3,0,0.344330329,(1.6+0j),1.2,0.169997504,0.44020752,1.474759284,0.027670409,0.0926999,0.937142352,0.723724763,0.457394976,1.532339764,0.028634109,0.095928433,0.937397413,0.593485896,0.454572283,1.522883332,0.029006567,0.097176222,0.93618932,0.583198179
coated_29_6,TRUE,TRUE,59,0.429133,0.3781,14.318245,9.87883,1.93368,0.0296853,3,0,0.35212117,(1.6+0.05238j),0.6,0.385667255,0.277448174,2.471033509,0.083972987,0.747887653,0.697338118,0.771620597,0.284366367,2.532648935,0.079494248,0.707998717,0.7204513,0.625108087,0.269743434,2.402412873,0.083402606,0.742807677,0.690807652,0.61473175
coated_29_7,TRUE,TRUE,59,0.541442,0.50316,33.7966,22.8644,2.01178,0.0209401,3,0,0.342986691,(1.6+0.18355j),0.8,0.323513208,0.49480586,2.488471874,0.217244456,1.09256329,0.560950115,0.792933806,0.492754054,2.478152954,0.211021049,1.061264605,0.571751774,0.652465359,0.484894116,2.438623842,0.213325897,1.072856119,0.560056742,0.656413037
coated_29_8,TRUE,TRUE,59,0.736848,0.70324,92.27245,61.8483,2.02221,0.0103985,3,0,0.338761348,(1.6+0.66027j),0.3,0.883618076,0.976884777,2.5150483,0.486577256,1.252722256,0.501909265,0.967064533,0.953616801,2.455143505,0.4689682,1.207386688,0.508221542,0.863092309,0.953355387,2.45447048,0.469085295,1.207688155,0.507963871,0.863460565
coated_29_9,TRUE,TRUE,59,0.712284,0.674226,81.32845,54.5523,2.1098,0.0215961,3,0,0.339813268,(1.6+0j),0.95,0.336816716,0.983600933,2.754977515,0.041597371,0.116510485,0.957709097,0.760671853,0.988959505,2.76998639,0.035474536,0.099360977,0.964129435,0.620284764,0.975536623,2.732390107,0.044347712,0.124213942,0.954540187,0.611786551
coated_29_10,TRUE,TRUE,59,0.655426,0.61244,60.9604,40.9736,2.2019,0.0289571,3,0,0.341620261,(1.6+0.04763j),1.2,0.325657535,0.478912516,1.625695526,0.114157568,0.387514298,0.761631688,0.738225884,0.487512495,1.654888636,0.115555298,0.392258971,0.762969566,0.594322059,0.485674294,1.648648763,0.1166913,0.396115194,0.759733424,0.588148491
coated_30_1,TRUE,TRUE,67,0.283298,0.1624518,1,1,1.80677,0.0126001,1.958784978,0,0.465600489,(1.6+0.0964j),1.2,0.110587344,0.012292851,0.593080558,0.011770554,0.567881841,0.042487849,0.283532876,0.011435512,0.551717377,0.010684423,0.515480394,0.065680336,0.040145445,0.011435512,0.551717377,0.010684423,0.515480394,0.065680336,0.040145445
coated_30_2,TRUE,TRUE,67,0.300627,0.1795742,1.35124,1.23416,1.8135,0.0282807,1.95719132,0,0.447710084,(1.6+0j),0.4,0.352291834,0.060232362,2.378220592,0.042418659,1.674862565,0.2957497,0.759265707,0.068070447,2.68770032,0.03875006,1.53001124,0.430735923,0.472144434,0.066217146,2.614524401,0.037587491,1.484108253,0.432360145,0.440364522
coated_30_3,TRUE,TRUE,67,0.325967,0.21197,2.222275,1.81485,1.82098,0.0210203,2.081683443,0,0.41935723,(1.6+0j),0.7,0.219385617,0.035108362,0.994882711,0.026790182,0.75916642,0.236928723,0.570942926,0.042758677,1.211673409,0.028538707,0.808715199,0.332563385,0.21732337,0.045812278,1.298204782,0.029981245,0.849593101,0.345563109,0.169892775
coated_30_4,TRUE,TRUE,67,0.332328,0.235992,3.06412,2.37608,1.97597,0.0283938,2.484446895,0,0.397622583,(1.6+0.03183j),1.05,0.20140515,0.024595437,0.562302612,0.01991173,0.455223366,0.190429928,0.267175168,0.024357495,0.556862762,0.019095919,0.436572238,0.216014668,0.109386634,0.025333422,0.579174473,0.019599769,0.448091293,0.22632762,0.088804806
coated_30_5,TRUE,TRUE,67,0.35203,0.258684,4.037755,3.02517,2.00791,0.0240049,2.706487858,0,0.388351025,(1.6+0.0046j),1.2,0.183391725,0.021503658,0.409150723,0.016795973,0.319577475,0.218924818,0.193825085,0.02059923,0.391942144,0.015827753,0.301155111,0.23163376,0.098884463,0.021480345,0.408707157,0.016302955,0.310196797,0.241029203,0.081758816
coated_30_6,TRUE,TRUE,67,0.706375,0.658998,66.80905,44.8727,2.03309,0.0230805,3,0,0.341592874,(1.6+0.08477j),1.1,0.219524943,0.776768229,2.277368867,0.222911498,0.653543344,0.713027014,0.771265808,0.791418346,2.320320831,0.221987617,0.650834663,0.719506607,0.622782941,0.789981962,2.316109567,0.226257145,0.663352282,0.713592012,0.624239091
coated_30_7,TRUE,TRUE,67,0.759934,0.713528,84.71965,56.8131,2.05674,0.0210836,3,0,0.34062275,(1.6+0.15391j),0.65,0.394933131,1.321844085,3.305737088,0.515119415,1.288237677,0.61030244,0.90837152,1.321370107,3.304551739,0.510419012,1.276482663,0.613719874,0.80078252,1.3125264,3.282434932,0.508817613,1.2724778,0.612337236,0.792946798
coated_30_8,TRUE,TRUE,67,0.671683,0.627852,57.799,38.866,2.31634,0.0192013,3,0,0.341502799,(1.6+0.10096j),0.85,0.420086492,0.891071618,2.878115149,0.274958305,0.888101076,0.691429623,0.825771663,0.910507686,2.940892643,0.274769751,0.887492056,0.698223579,0.705579813,0.889546534,2.873189207,0.278079288,0.898181691,0.687392084,0.695874078
coated_30_9,TRUE,TRUE,67,0.797129,0.748288,97.849,65.566,2.31634,0.0192013,3,0,0.340529255,(1.6+0j),0.8,0.446341898,1.663737618,3.783183384,0.062337601,0.141749862,0.962531591,0.819092649,1.695925103,3.856374709,0.050948439,0.115851973,0.96995832,0.686855641,1.632149808,3.711355667,0.062626107,0.142405897,0.961629682,0.651082212
coated_30_10,TRUE,TRUE,67,0.438674,0.396076,14.51065,10.0071,2.31624,0.0224697,3,0,0.348184708,(1.6+0.0036j),1.2,0.297561265,0.070356316,0.571026359,0.023547191,0.191113852,0.665315183,0.304253807,0.066087518,0.536379915,0.021305466,0.172919552,0.677617399,0.235770853,0.071225101,0.578077592,0.024696592,0.200442632,0.653259986,0.21377288
coated_31_1,TRUE,TRUE,90,0.321607,0.1792604,1,1,1.7985,0.0141975,1.94483524,0,0.463223639,(1.6+0j),1.15,0.103288919,0.017352828,0.687561671,0.016416406,0.65045833,0.053963656,0.346985516,0.017277546,0.684578796,0.01565729,0.620380283,0.09377812,0.053212694,0.017277546,0.684578796,0.01565729,0.620380283,0.09377812,0.053212694
coated_31_2,TRUE,TRUE,90,0.336468,0.1975638,1.33876,1.22584,1.7793,0.0192158,1.928649743,0,0.444454345,(1.6+0.08383j),1,0.122077105,0.024657765,0.804357434,0.022424725,0.731513751,0.090561334,0.387598193,0.025779173,0.84093874,0.021886105,0.713943527,0.151016009,0.086316766,0.025838144,0.842862413,0.021804751,0.711289674,0.156102274,0.077456528
coated_31_3,TRUE,TRUE,90,0.345792,0.213874,1.70029,1.46686,1.76627,0.0192504,2.036025978,0,0.42885937,(1.6+0j),0.55,0.231831404,0.059153198,1.646540304,0.043965565,1.223789689,0.256750845,0.696335639,0.078466775,2.184137325,0.047045315,1.309515111,0.400442868,0.389540163,0.078917144,2.196673411,0.046554487,1.295852829,0.410083983,0.329147958
coated_31_4,TRUE,TRUE,90,0.368179,0.25126,2.755765,2.17051,1.81705,0.0168512,2.161386644,0,0.402640971,(1.6+0.15032j),0.5,0.306052891,0.110754881,2.233707403,0.068940334,1.390390506,0.377541345,0.774069247,0.123490945,2.490568667,0.066775499,1.34673005,0.459268051,0.56261794,0.115850016,2.33646622,0.06522916,1.315543434,0.436951657,0.537022637
coated_31_5,TRUE,TRUE,90,0.379896,0.270366,3.430465,2.62031,1.84911,0.0172901,2.393225537,0,0.392663395,(1.6+0j),0.45,0.363076651,0.142708949,2.485748434,0.066982391,1.166719913,0.530636368,0.7511008,0.155579215,2.709926688,0.065877283,1.147470801,0.576567586,0.628108469,0.133177127,2.31972022,0.065086198,1.133691452,0.511280954,0.623364596
coated_31_6,TRUE,TRUE,90,0.66394,0.599342,37.39285,25.2619,1.93266,0.0176326,3,0,0.345937837,(1.6+0.0037j),1.1,0.196267595,0.472001701,1.673032034,0.051297524,0.181826466,0.891319196,0.720916712,0.540797431,1.916881709,0.057016075,0.202096136,0.894570366,0.61104603,0.535748778,1.89898652,0.058060098,0.205796724,0.891628128,0.599971141
coated_31_7,TRUE,TRUE,90,0.570062,0.500434,21.77215,14.8481,1.95297,0.0157477,3,0,0.35051975,(1.6+0.23154j),0.45,0.508483955,0.632330189,3.214847812,0.297138726,1.510691405,0.530089294,0.920173175,0.589891083,2.999081951,0.278305141,1.414939044,0.528209276,0.814569421,0.58083727,2.953051202,0.274954259,1.397902732,0.526624282,0.798947363
coated_31_8,TRUE,TRUE,90,0.665368,0.6096,39.3538,26.5692,2.04627,0.0173473,3,0,0.344045487,(1.6+0.34078j),0.3,0.915632616,0.774802274,2.654673343,0.406466413,1.392659247,0.475393366,0.967078283,0.729153114,2.498267493,0.382585822,1.310838154,0.47530112,0.883730388,0.730034611,2.501287729,0.383405496,1.313646569,0.474811892,0.884892957
coated_31_9,TRUE,TRUE,90,0.754637,0.681438,54.9529,36.9686,2.1226,0.0254105,3,0,0.345328612,(1.6+0.02638j),0.8,0.404512783,1.28909343,3.53461257,0.184581809,0.506111634,0.856812699,0.838489734,1.353237193,3.710490706,0.178101807,0.488343879,0.86838833,0.72583979,1.305041155,3.57834022,0.182470454,0.500322432,0.860180307,0.685415011
coated_31_10,TRUE,TRUE,90,0.782715,0.728248,67.17175,45.1145,2.20623,0.0179014,3,0,0.341618758,(1.6+0.05718j),1.2,0.298316464,0.9537536,2.289748103,0.213368337,0.512249437,0.776285681,0.766100688,0.980579856,2.354151915,0.211696994,0.508236918,0.784110399,0.615534706,0.979929208,2.352589855,0.217315592,0.52172591,0.778233376,0.615819369
coated_32_1,TRUE,TRUE,88,0.326858,0.1779762,1,1,1.77912,0.0144079,1.936674299,0,0.469071109,(1.6+0.24451j),0.5,0.223167746,0.046877041,1.884284387,0.038064742,1.530062406,0.187987537,0.696394388,0.064343623,2.58637663,0.039690518,1.595412648,0.383147594,0.302162574,0.064343623,2.58637663,0.039690518,1.595412648,0.383147594,0.302162574
coated_32_2,TRUE,TRUE,88,0.352563,0.20505,1.530535,1.35369,1.79072,0.0183531,1.954049446,0,0.443870119,(1.6+0.19041j),0.45,0.249112054,0.076033786,2.302486995,0.055195864,1.671464322,0.274061341,0.723510373,0.087552195,2.651292292,0.050263345,1.522095688,0.425904231,0.481579334,0.085324202,2.583823289,0.049087288,1.486481844,0.424696785,0.453487638
coated_32_3,TRUE,TRUE,88,0.363417,0.224944,2.02096,1.68064,1.76947,0.0197852,1.990362736,0,0.425923031,(1.6+0j),1.15,0.104889339,0.022175323,0.557996205,0.019918007,0.501195507,0.101794057,0.405327152,0.02271589,0.571598459,0.019282676,0.485208725,0.151137101,0.083711473,0.023051951,0.580054727,0.019331469,0.486436489,0.161395528,0.068110389
coated_32_4,TRUE,TRUE,88,0.362259,0.236024,2.33677,1.89118,1.77285,0.0189077,2.164271923,0,0.413786458,(1.6+0j),0.75,0.181868851,0.043835334,1.00189477,0.032917782,0.752364603,0.249058258,0.566808352,0.05509145,1.259163108,0.035697906,0.815906745,0.352024579,0.237218148,0.059152719,1.351986943,0.037621956,0.859882591,0.363986024,0.184463436
coated_32_5,TRUE,TRUE,88,0.395989,0.28252,4.010965,3.00731,1.80652,0.0217358,2.347631938,0,0.390905296,(1.6+0j),1,0.158628018,0.038608619,0.615879847,0.026645788,0.42505027,0.309848712,0.394968835,0.043213992,0.689344174,0.0273974,0.437039887,0.366006266,0.176688734,0.047281621,0.754230476,0.029820899,0.475699242,0.369291938,0.141092352
coated_32_6,TRUE,TRUE,88,0.675265,0.614388,41.2063,27.8042,1.87764,0.0125184,3,0,0.344861798,(1.6+0j),1.1,0.166776621,0.544841065,1.837784155,0.046773781,0.157770987,0.914151514,0.743956756,0.603777426,2.03658031,0.048837386,0.164731662,0.919113594,0.609965667,0.600313686,2.024896892,0.049694244,0.167621899,0.917219539,0.600905353
coated_32_7,TRUE,TRUE,88,0.780875,0.72725,68.33365,45.8891,1.90294,0.0166618,3,0,0.341509793,(1.6+0j),0.35,0.591361729,1.011452652,2.434939731,0.134156863,0.32296507,0.867362192,0.76920537,0.821989792,1.978832721,0.152744901,0.367713336,0.814176645,0.510507004,0.838114795,2.017651553,0.089256978,0.214874479,0.893502682,0.416254763
coated_32_8,TRUE,TRUE,88,0.893394,0.826124,100.2298,67.1532,1.95242,0.0128462,3,0,0.341951375,(1.6+0.08319j),0.8,0.302343259,1.948307883,3.634772453,0.525716828,0.980779816,0.730167479,0.883032003,1.992368365,3.716971898,0.540455264,1.008275911,0.728737279,0.767880624,1.966210153,3.668171013,0.537411333,1.002597139,0.726676555,0.752935079
coated_32_9,TRUE,TRUE,88,0.533948,0.472738,18.76525,12.8435,1.95987,0.0250931,3,0,0.349767045,(1.6+0j),0.3,0.819601854,0.640884375,3.651310579,0.127888781,0.728620755,0.800449526,0.869224025,0.495442363,2.822683796,0.141550433,0.806455286,0.714294854,0.659025602,0.619947849,3.532028903,0.085880517,0.489287076,0.861471384,0.618264394
coated_32_10,TRUE,TRUE,88,0.599015,0.53985,27.9649,18.9766,2.12547,0.0293883,3,0,0.34665371,(1.6+0.14357j),0.75,0.44266602,0.645501163,2.820076805,0.254634583,1.112452032,0.605524208,0.834165216,0.650364824,2.841325252,0.246909447,1.078702323,0.620352397,0.705864407,0.62543052,2.732391827,0.248238628,1.084509272,0.603091599,0.694874712
coated_33_1,TRUE,TRUE,83,0.311903,0.1745066,1,1,1.79483,0.0212313,1.895114269,0,0.464742456,(1.6+0.01595j),1.2,0.092235666,0.015187479,0.634997618,0.014502834,0.60637221,0.045079552,0.378862008,0.014691767,0.614271604,0.013532713,0.565810845,0.078891419,0.046305694,0.014691767,0.614271604,0.013532713,0.565810845,0.078891419,0.046305694
coated_33_2,TRUE,TRUE,83,0.340262,0.204438,1.609465,1.40631,1.77811,0.0178054,1.897036742,0,0.437427108,(1.6+0j),0.6,0.186381792,0.044606658,1.358897048,0.035346495,1.076795499,0.207595969,0.657127304,0.061321861,1.868108931,0.039235846,1.195280659,0.360165438,0.292143089,0.063352479,1.92996966,0.039665757,1.208377464,0.373887845,0.243449453
coated_33_3,TRUE,TRUE,83,0.342692,0.21171,1.78762,1.52508,1.80618,0.0224346,1.972518687,0,0.429675268,(1.6+0j),0.65,0.193291524,0.043543311,1.236940553,0.03407688,0.968026382,0.217402663,0.647587932,0.056916989,1.616848365,0.037093448,1.053718428,0.348288652,0.262193417,0.059680353,1.695347615,0.038042509,1.080678529,0.362562274,0.212110634
coated_33_4,TRUE,TRUE,83,0.353675,0.23333,2.39251,1.92834,1.82112,0.0137087,2.126194657,0,0.411947288,(1.6+0j),0.35,0.402172492,0.127758729,2.987855157,0.068811028,1.609262903,0.461398623,0.806974809,0.128714186,3.010200132,0.061697718,1.442906066,0.520661085,0.687803269,0.109624142,2.563747001,0.058657344,1.371801749,0.464923119,0.681985378
coated_33_5,TRUE,TRUE,83,0.722318,0.634336,48.0673,32.3782,1.84422,0.0199728,3,0,0.348999136,(1.6+0j),0.3,0.530316674,0.855952604,2.708451841,0.14277712,0.451783137,0.833195064,0.828659625,0.615921396,1.94893202,0.151233987,0.478542818,0.754458948,0.562509301,0.608318261,1.924873768,0.083486485,0.26417248,0.862758543,0.430416225
coated_33_6,TRUE,TRUE,83,0.722546,0.645084,50.58265,34.0551,1.98193,0.0283416,3,0,0.346928071,(1.6+0.10224j),0.55,0.409899392,1.147160297,3.509956111,0.381494245,1.167254534,0.667444693,0.906402949,1.113294276,3.406336548,0.37827841,1.15741507,0.660217053,0.786044062,1.103817685,3.377341107,0.372205437,1.13883365,0.662801709,0.767165976
coated_33_7,TRUE,TRUE,83,0.783738,0.7115,67.8997,45.5998,2.00538,0.0197042,3,0,0.344531237,(1.6+0.10916j),1.2,0.190378846,0.901362814,2.267043987,0.303425089,0.76315332,0.663370749,0.776171464,0.913961152,2.298730437,0.300532813,0.755878872,0.671175506,0.626992283,0.911764014,2.29320435,0.304983614,0.767073213,0.665501588,0.629211395
coated_33_8,TRUE,TRUE,83,0.645529,0.583674,37.486,25.324,2.13265,0.0212455,3,0,0.345859468,(1.6+0.16018j),0.55,0.519861749,0.878616946,3.283741776,0.354142258,1.323570791,0.596932134,0.902787001,0.878553187,3.283503484,0.351711378,1.314485626,0.599669794,0.799970715,0.863674885,3.227897336,0.348694605,1.303210741,0.59626636,0.782273801
coated_33_9,TRUE,TRUE,83,0.558709,0.508398,24.74245,16.8283,2.20999,0.0192903,3,0,0.345705463,(1.6+0.22014j),0.5,0.687502458,0.624712692,3.077391724,0.290804625,1.432530116,0.534498613,0.906975342,0.627999052,3.093580632,0.285604352,1.406913096,0.545215314,0.802298173,0.612360107,3.016541763,0.282720784,1.392708377,0.538309599,0.784372317
coated_33_10,TRUE,TRUE,83,0.742191,0.68985,61.87015,41.5801,2.41586,0.0228255,3,0,0.34189406,(1.6+0j),0.9,0.479787872,1.178477784,3.152987008,0.063659878,0.170320366,0.945981266,0.802080162,1.221211375,3.267319631,0.060269605,0.16124978,0.950647687,0.677353548,1.177811164,3.151203482,0.067659349,0.181020848,0.942555012,0.653298017
coated_34_1,TRUE,TRUE,101,0.323966,0.1862878,1,1,1.82673,0.0174814,1.986020344,0,0.453228676,(1.6+0.06101j),1.1,0.094013005,0.020965602,0.769216566,0.019677339,0.721950891,0.061446511,0.421194484,0.021354379,0.783480571,0.018910684,0.693822732,0.114435307,0.062885374,0.021354379,0.783480571,0.018910684,0.693822732,0.114435307,0.062885374
coated_34_2,TRUE,TRUE,101,0.339201,0.213638,1.508815,1.33921,1.83953,0.0368268,2.086476423,0,0.425313135,(1.6+0j),1.1,0.123677112,0.026129965,0.728940256,0.023649257,0.659736645,0.094937288,0.417621395,0.025779026,0.719150224,0.022026841,0.614476561,0.145551875,0.083464175,0.02594979,0.723913981,0.02196366,0.61271404,0.153609329,0.071198121
coated_34_3,TRUE,TRUE,101,0.354777,0.233344,1.96618,1.64412,1.854,0.020143,2.299888843,0,0.412521266,(1.6+0.01294j),0.75,0.188790764,0.049878773,1.166359963,0.038059148,0.889971101,0.236967035,0.486238109,0.06013263,1.40613508,0.040059834,0.936754932,0.333808717,0.233718809,0.063614938,1.487564997,0.041505428,0.970558547,0.347552175,0.186535962
coated_34_4,TRUE,TRUE,101,0.364729,0.260142,2.726905,2.15127,1.83164,0.0307496,2.036231655,0,0.393494326,(1.6+0.12828j),1,0.15793674,0.045848319,0.86260623,0.037020576,0.696517992,0.192542358,0.362939273,0.048808843,0.918306556,0.036566542,0.68797564,0.250821378,0.15080891,0.050782247,0.955434851,0.037594314,0.707312495,0.259695735,0.124623019
coated_34_5,TRUE,TRUE,101,0.373459,0.274448,3.202015,2.46801,1.85329,0.0203157,1.810618346,0,0.386650266,(1.6+0j),0.3,0.641361605,0.210340103,3.555593138,0.094034178,1.58955555,0.552942227,0.883850166,0.190446647,3.219313781,0.0845953,1.430000582,0.555805778,0.764450048,0.15442036,2.610324727,0.077810807,1.315315385,0.496110437,0.744182599
coated_34_6,TRUE,TRUE,101,0.824738,0.76832,70.25935,47.1729,1.86179,0.022372,3,0,0.341325619,(1.6+0j),0.3,0.685545632,1.105609638,2.38466654,0.142002673,0.306282626,0.871561654,0.815253996,1.283990103,2.769411672,0.194655866,0.419849208,0.848397689,0.7353575,1.199599849,2.58739208,0.08498482,0.183302,0.929155693,0.601964514
coated_34_7,TRUE,TRUE,101,0.564835,0.511956,20.7775,14.185,2.03061,0.0190679,3,0,0.346185578,(1.6+0j),0.45,0.586470704,0.786135901,3.818936826,0.116442112,0.565659284,0.851880429,0.843412779,0.809711617,3.933464313,0.118000175,0.573228133,0.854268887,0.73504587,0.786763042,3.821983388,0.090993743,0.44203471,0.884344157,0.643084041
coated_34_8,TRUE,TRUE,101,0.847616,0.800148,79.34755,53.2317,2.16946,0.0178941,3,0,0.339745503,(1.6+0j),0.9,0.360633401,1.897883744,3.774323111,0.08345661,0.165970236,0.95602649,0.833180733,1.96520778,3.908210483,0.070139114,0.13948572,0.964309568,0.702735894,1.894372863,3.767341019,0.085721327,0.170474081,0.954749496,0.662869762
coated_34_9,TRUE,TRUE,101,0.799082,0.753502,66.2998,44.5332,2.35863,0.03115,3,0,0.340001686,(1.6+0.00418j),0.85,0.474345721,1.66221539,3.727593956,0.107580949,0.241255194,0.935278575,0.831555795,1.72565455,3.86985917,0.09703399,0.217603156,0.943769748,0.707032936,1.65765914,3.717376356,0.1075408,0.241165158,0.935124901,0.662171587
coated_34_10,TRUE,TRUE,101,0.728409,0.68814,50.4775,33.985,2.44529,0.0192372,3,0,0.339996267,(1.6+0.03614j),0.9,0.494721682,1.15942775,3.117455071,0.20400615,0.548529227,0.824045828,0.823232165,1.190506502,3.201019238,0.200779882,0.539854478,0.831349193,0.700764773,1.14688501,3.083730307,0.206310621,0.554725458,0.820112201,0.677356501
coated_35_1,TRUE,TRUE,88,0.309921,0.177894,1,1,1.79833,0.00859782,2.028233251,0,0.457331285,(1.6+0.02992j),0.75,0.169580911,0.028799365,1.15869847,0.025544269,1.027734664,0.11302665,0.583132894,0.035402841,1.424379241,0.027251044,1.096404121,0.230258284,0.126673292,0.035402841,1.424379241,0.027251044,1.096404121,0.230258284,0.126673292
coated_35_2,TRUE,TRUE,88,0.327275,0.204946,1.529155,1.35277,1.76802,0.0114841,2.123021512,0,0.428823408,(1.6+0j),0.75,0.185009355,0.037283768,1.130188856,0.03100723,0.939927154,0.168345052,0.509500687,0.04370096,1.324714229,0.03164026,0.959116279,0.275982504,0.175032605,0.045380735,1.375633535,0.032276635,0.978406834,0.2887591,0.146821005
coated_35_3,TRUE,TRUE,88,0.340191,0.21973,1.885015,1.59001,1.79779,0.0171562,2.157017557,0,0.418863625,(1.6+0j),0.3,0.548262128,0.1348754,3.556838564,0.072788067,1.919515374,0.460331039,0.840242788,0.115764751,3.052866055,0.058284122,1.537027596,0.496529632,0.715550988,0.100853389,2.659634166,0.055516187,1.464033582,0.449535729,0.718427534
coated_35_4,TRUE,TRUE,88,0.362217,0.255296,2.95726,2.30484,1.84197,0.0228538,1.778135838,0,0.39624341,(1.6+0.01825j),1.1,0.177940162,0.029503667,0.57636566,0.023921929,0.46732423,0.189187937,0.315126115,0.030353063,0.592958949,0.023327869,0.455719025,0.231449283,0.117332915,0.031824838,0.621710644,0.024113823,0.471072951,0.242295502,0.0943461
coated_35_5,TRUE,TRUE,88,0.623135,0.541004,28.13155,19.0877,1.84659,0.0251776,3,0,0.351421764,(1.6+0j),0.35,0.572223889,0.829722121,3.609456693,0.134699756,0.585970802,0.837656785,0.875005871,0.702175599,3.054603886,0.148183123,0.644626136,0.788965719,0.642848587,0.842747843,3.666121179,0.085817994,0.37332539,0.898168835,0.587664925
coated_35_6,TRUE,TRUE,88,0.89137,0.819178,97.71175,65.4745,1.88546,0.0211902,3,0,0.342657216,(1.6+0j),1,0.23836082,1.842575426,3.496059641,0.06116082,0.116045113,0.966806884,0.816969383,1.999049005,3.792948961,0.06238202,0.118362189,0.968794152,0.705792318,1.956027321,3.711320621,0.074622914,0.141587776,0.961849759,0.684012468
coated_35_7,TRUE,TRUE,88,0.644332,0.572898,33.42505,22.6167,1.87275,0.0218111,3,0,0.348048336,(1.6+0.00031j),0.9,0.275429177,0.628024491,2.436307412,0.061523765,0.238670319,0.902036041,0.767507487,0.649708569,2.52042687,0.053900676,0.209097921,0.917038687,0.594220159,0.643851866,2.497706851,0.061941715,0.240291681,0.903795083,0.584519572
coated_35_8,TRUE,TRUE,88,0.753789,0.701628,61.35985,41.2399,2.01777,0.0222319,3,0,0.341677843,(1.6+0j),0.7,0.482159288,1.547552839,4.002596216,0.083505057,0.21597778,0.946040578,0.834738594,1.584572336,4.098343578,0.084651479,0.21894289,0.946577712,0.688510429,1.510222026,3.906043668,0.072139051,0.186580699,0.952232818,0.641567634
coated_35_9,TRUE,TRUE,88,0.778501,0.7166,65.45215,43.9681,2.05776,0.0213108,3,0,0.342904003,(1.6+0j),0.7,0.527052911,1.632022463,4.046528867,0.082175095,0.203749582,0.949648306,0.83311967,1.724818323,4.276612175,0.088958767,0.220569402,0.948424268,0.695939536,1.664899703,4.128046557,0.071653265,0.17766116,0.956962414,0.654178795
coated_35_10,TRUE,TRUE,88,0.718151,0.674458,54.55525,36.7035,2.15442,0.0134324,3,0,0.340739797,(1.6+0.14477j),0.95,0.452009627,0.974217286,2.726817855,0.366805233,1.0266817,0.623487246,0.821147971,0.990813436,2.773270201,0.365241633,1.02230521,0.631371941,0.695804258,0.972252561,2.721318624,0.368183924,1.030540633,0.621308353,0.691742318
coated_36_1,TRUE,TRUE,87,0.312831,0.17724,1,1,1.78527,0.0319198,1.920098447,0,0.46055549,(1.6+0j),1,0.111392858,0.019980681,0.809835698,0.018640587,0.755520455,0.067069461,0.402105875,0.020870151,0.845886777,0.018216141,0.738317237,0.127167776,0.068967968,0.020870151,0.845886777,0.018216141,0.738317237,0.127167776,0.068967968
coated_36_2,TRUE,TRUE,87,0.334265,0.196123,1.355395,1.23693,1.75965,0.0128885,1.895402877,0,0.445123306,(1.6+0j),0.8,0.142700105,0.030977559,1.025416389,0.027014444,0.894229725,0.127935018,0.525235733,0.036046149,1.193196402,0.027676309,0.916138704,0.232197899,0.13758223,0.036845844,1.21966785,0.027937863,0.924796638,0.241763536,0.120111088
coated_36_3,TRUE,TRUE,87,0.345344,0.214886,1.782685,1.52179,1.79471,0.0190816,2.021294971,0,0.42739817,(1.6+0j),0.9,0.148495385,0.029880386,0.823910567,0.025552694,0.704580425,0.144833853,0.455696713,0.033039252,0.911011964,0.025688534,0.708326011,0.222484403,0.128553822,0.034279946,0.945222389,0.02622736,0.723183407,0.234906605,0.104824239
coated_36_4,TRUE,TRUE,87,0.348876,0.231926,2.241925,1.82795,1.89235,0.0285295,2.23149197,0,0.410770823,(1.6+0j),0.5,0.347563324,0.08344639,1.975235118,0.051041042,1.208177577,0.388337335,0.699282105,0.100971656,2.390070566,0.054274546,1.284716907,0.462477416,0.525260968,0.09534042,2.256775213,0.052603769,1.245168439,0.448253228,0.463750412
coated_36_5,TRUE,TRUE,87,0.378323,0.28615,4.21576,3.14384,1.95093,0.0194956,2.680082793,0,0.380637489,(1.6+0j),0.4,0.507115084,0.186199349,2.895348041,0.075485381,1.17377666,0.594599114,0.820689515,0.200950646,3.124726597,0.077358259,1.20289939,0.615038515,0.707501296,0.163701911,2.545519142,0.073272398,1.139365393,0.552403526,0.670162287
coated_36_6,TRUE,TRUE,87,0.879562,0.806014,94.0882,63.0588,2.01454,0.0207959,3,0,0.343025474,(1.6+0j),0.75,0.321123483,2.178742005,4.27002831,0.082730061,0.1621393,0.962028519,0.845230886,2.310906204,4.529051577,0.083475406,0.163600071,0.963877631,0.713643422,2.294667812,4.49722661,0.068417365,0.134088425,0.970184196,0.688444634
coated_36_7,TRUE,TRUE,87,0.575188,0.520822,25.39735,17.2649,2.13291,0.02548,3,0,0.34622865,(1.6+0.07761j),1.05,0.277858605,0.347192464,1.629677863,0.122574796,0.575350712,0.646954331,0.709707028,0.362548234,1.701755921,0.127453335,0.598249961,0.648451371,0.57888599,0.359360291,1.686792119,0.129662839,0.608621096,0.63918429,0.56627681
coated_36_8,TRUE,TRUE,87,0.769663,0.717954,66.6151,44.7434,2.17524,0.0173806,3,0,0.341361804,(1.6+0j),1.15,0.267648064,0.968145785,2.391429811,0.046692508,0.115335786,0.951771202,0.741979308,0.995110922,2.458036754,0.04377593,0.108131509,0.956008994,0.590008657,0.998583629,2.466614735,0.049097798,0.121277124,0.950832563,0.586867387
coated_36_9,TRUE,TRUE,87,0.870047,0.817858,98.23555,65.8237,2.20966,0.0212776,3,0,0.340165939,(1.6+0.00023j),0.8,0.403082724,2.2089279,4.204708056,0.084798927,0.161415288,0.961610822,0.834281699,2.249530169,4.281994729,0.08103192,0.154244765,0.963978292,0.690553182,2.191164343,4.170895014,0.070114697,0.133463763,0.968001169,0.660886743
coated_36_10,TRUE,TRUE,87,0.656034,0.61233,41.30545,27.8703,2.3805,0.0229767,3,0,0.341756031,(1.6+0j),0.7,0.568235592,1.086266242,3.688716911,0.085836474,0.291481443,0.920980262,0.82273898,1.140600213,3.873222911,0.075677426,0.256983592,0.933651226,0.710284943,1.084188156,3.681660199,0.076279085,0.259026691,0.929644053,0.647032658
coated_37_1,TRUE,TRUE,77,0.294801,0.17016,1,1,1.79399,0.0167582,1.916610882,0,0.459856038,(1.6+0j),0.4,0.269399739,0.054196922,2.383251032,0.04134893,1.818274449,0.237061298,0.788455581,0.064396107,2.831749156,0.036926541,1.623804676,0.426571851,0.408922443,0.064396107,2.831749156,0.036926541,1.623804676,0.426571851,0.408922443
coated_37_2,TRUE,TRUE,77,0.310889,0.1865736,1.31881,1.21254,1.7911,0.016696,1.976200732,0,0.443858859,(1.6+0j),1.1,0.114987846,0.017861149,0.653309736,0.016589234,0.60678674,0.071211239,0.364148314,0.017464274,0.63879317,0.015582986,0.569981051,0.107722065,0.063360418,0.017365308,0.635173284,0.015411365,0.563703658,0.112519887,0.056400434
coated_37_3,TRUE,TRUE,77,0.32721,0.20955,1.868755,1.57917,1.86226,0.015719,2.167963655,0,0.423030894,(1.6+0.16519j),1.15,0.131731805,0.022166926,0.642747296,0.020195382,0.585580841,0.088940794,0.283281899,0.021618072,0.626832843,0.019036672,0.55198314,0.119409352,0.071795065,0.021570234,0.62544576,0.018894625,0.547864385,0.124041731,0.061998192
coated_37_4,TRUE,TRUE,77,0.331769,0.229852,2.46745,1.9783,1.91766,0.0258753,2.298781482,0,0.40329645,(1.6+0j),0.3,0.603029912,0.147763463,3.56107078,0.071530783,1.723877988,0.515910215,0.857031491,0.129651064,3.124565484,0.060812864,1.465578223,0.53094975,0.73182771,0.107745062,2.596635079,0.058080344,1.399725021,0.46094658,0.735654879
coated_37_5,TRUE,TRUE,77,0.583983,0.525984,29.5663,20.0442,2.03815,0.0176559,3,0,0.346866614,(1.6+0.0525j),0.65,0.341549863,0.713437593,3.283379193,0.169352998,0.779395586,0.762623949,0.845492722,0.745685154,3.431788766,0.169415053,0.779681175,0.772806187,0.734942784,0.707842855,3.257631115,0.168905753,0.777337278,0.761379588,0.689933488
coated_37_6,TRUE,TRUE,77,0.765264,0.715376,74.3293,49.8862,2.0671,0.0265659,3,0,0.341125088,(1.6+0.12375j),1.05,0.224110348,1.049907671,2.612116217,0.35715058,0.888572251,0.659826678,0.802167321,1.061316731,2.640501371,0.354444283,0.881839123,0.666033454,0.666617923,1.04979422,2.611833956,0.358421614,0.891734516,0.65857917,0.665510293
coated_37_7,TRUE,TRUE,77,0.495203,0.455702,19.1992,13.1328,2.05265,0.0217491,3,0,0.344722575,(1.6+0.41855j),0.3,0.968525574,0.445087186,2.728935939,0.236894449,1.452456499,0.467757202,0.948548857,0.423990129,2.599584839,0.225018679,1.379643314,0.469283213,0.853578914,0.425735365,2.610285294,0.225556715,1.382942141,0.470195023,0.858118577
coated_37_8,TRUE,TRUE,77,0.752747,0.702976,70.51975,47.3465,2.04355,0.0417003,3,0,0.341288189,(1.6+0.0398j),0.6,0.491572159,1.449804112,3.735411482,0.28175091,0.725929506,0.805662774,0.874460872,1.457036762,3.754046361,0.278414071,0.717332161,0.808917607,0.744720001,1.441126199,3.713052891,0.272483858,0.702053003,0.810922973,0.719192898
coated_37_9,TRUE,TRUE,77,0.834993,0.783548,97.79425,65.5295,2.13888,0.0379931,3,0,0.34045849,(1.6+0.0673j),0.9,0.411517746,1.662010181,3.446772233,0.370234343,0.767813259,0.777237019,0.85743312,1.692263657,3.50951363,0.366440822,0.759946037,0.783461152,0.739488299,1.655571966,3.433420293,0.369520487,0.766332824,0.776801918,0.717558613
coated_37_10,TRUE,TRUE,77,0.803366,0.76292,90.34375,60.5625,2.20004,0.0242627,3,0,0.339173726,(1.6+0.05948j),0.75,0.530020004,1.71510402,3.751825088,0.383694574,0.83933972,0.776284954,0.868683861,1.74896838,3.825904068,0.386808049,0.846150511,0.778836454,0.749299981,1.715115118,3.751849367,0.382437613,0.836590094,0.777019274,0.728441854
coated_38_1,TRUE,TRUE,98,0.331181,0.1844244,1,1,1.7424,0.0256776,1.890942183,0,0.461013846,(1.6+0.15511j),1.05,0.099619781,0.02110733,0.790144769,0.019838413,0.742643352,0.06011736,0.492079567,0.022251398,0.832972512,0.019479861,0.729221083,0.124555646,0.067710089,0.022251398,0.832972512,0.019479861,0.729221083,0.124555646,0.067710089
coated_38_2,TRUE,TRUE,98,0.364145,0.220366,1.70695,1.4713,1.72874,0.0159611,1.86418224,0,0.431446182,(1.6+0.05025j),1.2,0.091785847,0.023505372,0.616294197,0.02165077,0.567667836,0.078901215,0.361794173,0.023420653,0.614072901,0.020458228,0.536400237,0.126487693,0.073801966,0.023424007,0.614160852,0.020295509,0.532133852,0.133559473,0.062455388
coated_38_3,TRUE,TRUE,98,0.36235,0.23233,1.9993,1.6662,1.77952,0.028307,1.99608606,0,0.417544297,(1.6+0j),0.4,0.332386515,0.112687259,2.658118563,0.068060719,1.605447343,0.396021169,0.79925494,0.119408418,2.81666033,0.060532489,1.427868023,0.493063467,0.622498648,0.106679199,2.516397705,0.057961867,1.367230999,0.456671338,0.612922544
coated_38_4,TRUE,TRUE,98,0.370786,0.245424,2.35816,1.90544,1.79804,0.023484,2.113197264,0,0.409153475,(1.6+0j),0.95,0.15172949,0.034850908,0.736699127,0.028350356,0.599286621,0.186524595,0.438890613,0.040095112,0.847554219,0.029356176,0.620548224,0.267836547,0.150276188,0.042633374,0.901209511,0.030670882,0.648339263,0.280589857,0.118423668
coated_38_5,TRUE,TRUE,98,0.382617,0.267658,3.057865,2.37191,1.84918,0.0352547,2.355603324,0,0.39599444,(1.6+0j),0.4,0.430612226,0.157236642,2.794495552,0.075619659,1.343953921,0.519071011,0.822640047,0.167890963,2.983849961,0.074105924,1.317050995,0.558606829,0.683229387,0.139700188,2.482828096,0.070754766,1.257492376,0.493524188,0.671896393
coated_38_6,TRUE,TRUE,98,0.848384,0.799936,81.6184,54.7456,1.88101,0.0222868,3,0,0.339876331,(1.6+0.02392j),1,0.197929096,1.699990769,3.382565365,0.202499086,0.402923596,0.880882244,0.831939557,1.76785379,3.51759616,0.207106914,0.412092047,0.882848392,0.714189256,1.725349496,3.433023023,0.216588451,0.430957982,0.874466912,0.69426973
coated_38_7,TRUE,TRUE,98,0.76424,0.710364,57.1822,38.4548,1.91005,0.0191926,3,0,0.341803609,(1.6+0j),0.65,0.358385207,1.647766476,4.157611387,0.105081694,0.265140027,0.9362278,0.85061884,1.749799108,4.415058082,0.099974533,0.252253741,0.942865136,0.722707687,1.734063077,4.375353244,0.082690597,0.208643259,0.952313962,0.684428324
coated_38_8,TRUE,TRUE,98,0.8569,0.801112,82.11505,55.0767,1.99872,0.0173721,3,0,0.340820569,(1.6+0.09937j),0.55,0.53601806,1.602374946,3.17897996,0.629893291,1.249656428,0.606900187,0.921365499,1.514239738,3.004126965,0.623047871,1.236075678,0.5885408,0.782971451,1.545862681,3.066864279,0.618197087,1.226452122,0.60009573,0.775913157
coated_38_9,TRUE,TRUE,98,0.861225,0.810918,85.06855,57.0457,2.00752,0.0252318,3,0,0.340000344,(1.6+0j),0.7,0.446097891,2.126315226,4.117028624,0.091312737,0.176802173,0.95705588,0.846049898,2.120514323,4.10579676,0.086889944,0.168238642,0.959024118,0.712430352,2.096406707,4.059118948,0.082573689,0.159881394,0.960611799,0.682417077
coated_38_10,TRUE,TRUE,98,0.709533,0.657766,45.4705,30.647,2.083,0.0292654,3,0,0.342352212,(1.6+0j),1.05,0.339299706,0.81334756,2.393555184,0.056460127,0.16615336,0.930583025,0.740653543,0.841180339,2.475462719,0.052740856,0.155208123,0.937301369,0.591772413,0.841053601,2.475089748,0.059836388,0.17608917,0.92885544,0.586014902
coated_39_1,TRUE,TRUE,81,0.310518,0.1730562,1,1,1.74,0.0171167,1.883389478,0,0.466377808,(1.6+0j),0.65,0.163823402,0.031069892,1.320917007,0.027144065,1.154012955,0.126354685,0.615625669,0.041131927,1.748698141,0.029718135,1.263447933,0.277492265,0.162886963,0.041131927,1.748698141,0.029718135,1.263447933,0.277492265,0.162886963
coated_39_2,TRUE,TRUE,81,0.330434,0.191066,1.345435,1.23029,1.75687,0.0112497,1.879360234,0,0.450102151,(1.6+0.15651j),1.05,0.105360774,0.022136174,0.772050771,0.020581092,0.717813651,0.070250717,0.440010853,0.021446755,0.748005657,0.018769516,0.654630718,0.124831862,0.072503634,0.021384605,0.745838043,0.018644698,0.650277391,0.128125204,0.06594477
coated_39_3,TRUE,TRUE,81,0.366427,0.245276,2.84863,2.23242,1.76853,0.0213149,2.096138185,0,0.407115924,(1.6+0j),0.6,0.197401774,0.063695903,1.348067085,0.041749832,0.883598032,0.344544465,0.669358528,0.085524174,1.810043019,0.046492737,0.983977396,0.456379,0.43281069,0.086404371,1.828671604,0.047304861,1.001165268,0.452517737,0.346860048
coated_39_4,TRUE,TRUE,81,0.353326,0.231696,2.402965,1.93531,1.78106,0.0269982,2.057261831,0,0.413408057,(1.6+0.20556j),0.95,0.130330887,0.036697243,0.870375162,0.031737035,0.752730304,0.135165689,0.485114878,0.0399923,0.948526405,0.031441381,0.745718051,0.213814136,0.13111132,0.040988458,0.972153019,0.031950699,0.757797912,0.220495234,0.11152243
coated_39_5,TRUE,TRUE,81,0.372827,0.27088,3.837385,2.89159,1.87195,0.032065,2.190588974,0,0.389000275,(1.6+0j),0.6,0.287389066,0.08627027,1.496984806,0.045308907,0.786212274,0.47480277,0.650562767,0.109166777,1.894291138,0.052081442,0.903731113,0.522918576,0.517797578,0.105700857,1.834149561,0.05286755,0.917371882,0.499838016,0.435466511
coated_39_6,TRUE,TRUE,81,0.523331,0.451078,17.7205,12.147,1.89163,0.0224701,3,0,0.353774734,(1.6+0.04446j),1.2,0.160225958,0.134882719,0.844040213,0.050638717,0.316876126,0.624572241,0.407175301,0.135000803,0.844779132,0.049672126,0.310827597,0.632060517,0.324280695,0.14069389,0.880404113,0.053627096,0.335576165,0.618838486,0.29902403
coated_39_7,TRUE,TRUE,81,0.592836,0.533814,29.3539,19.9026,1.88886,0.0142261,3,0,0.346824075,(1.6+0j),0.35,0.60014895,0.813349277,3.634187119,0.118987598,0.53165744,0.853706641,0.852189504,0.705147261,3.150721546,0.144400036,0.64520467,0.795220028,0.641237549,0.835145631,3.731577045,0.081943211,0.366136627,0.901881531,0.567832116
coated_39_8,TRUE,TRUE,81,0.744185,0.696466,65.1613,43.7742,1.94219,0.0275559,3,0,0.341064922,(1.6+0.01313j),1.15,0.213319577,0.868745927,2.280358141,0.083877499,0.220168788,0.903449908,0.753500766,0.900539424,2.363812414,0.082900281,0.217603704,0.907943751,0.600101061,0.902918167,2.370056339,0.086973377,0.228295111,0.903675239,0.597799577
coated_39_9,TRUE,TRUE,81,0.745546,0.70313,67.1464,45.0976,1.9875,0.0273335,3,0,0.340144395,(1.6+0j),0.7,0.385753007,1.553890466,4.001835795,0.0778335,0.200449707,0.949910562,0.828351485,1.599133849,4.11835404,0.078746138,0.202800082,0.950757006,0.687892255,1.530170562,3.940748375,0.067714892,0.174390591,0.955746834,0.644501831
coated_39_10,TRUE,TRUE,81,0.559757,0.508874,25.4374,17.2916,2.1168,0.0280408,3,0,0.345823868,(1.6+0j),1.05,0.321236966,0.268904279,1.322170028,0.040639088,0.199817511,0.848871547,0.675650099,0.27804067,1.367092564,0.040178535,0.197553029,0.855494036,0.557553815,0.27552208,1.354708958,0.043270133,0.212754046,0.842952212,0.52996323
coated_40_1,TRUE,TRUE,102,0.356053,0.1868944,1,1,1.80911,0.0129709,1.949727772,0,0.472692649,(1.6+0j),1,0.103651726,0.023287581,0.848871427,0.021672013,0.789981263,0.069374657,0.512474947,0.025427768,0.926884857,0.021785082,0.794102818,0.143256239,0.076854723,0.025427768,0.926884857,0.021785082,0.794102818,0.143256239,0.076854723
coated_40_2,TRUE,TRUE,102,0.394423,0.224488,1.733005,1.48867,1.80672,0.0279348,1.998932955,0,0.442245483,(1.6+0.00033j),0.85,0.12195192,0.036641537,0.925758141,0.031221476,0.788818876,0.147921211,0.593317944,0.044625805,1.127482782,0.032861396,0.83025187,0.263623459,0.161061283,0.046692757,1.179704867,0.033756414,0.852864755,0.277052441,0.131289944
coated_40_3,TRUE,TRUE,102,0.385699,0.222412,1.68643,1.45762,1.78311,0.0202564,2.03118833,0,0.440294756,(1.6+0.21703j),0.4,0.285336595,0.111605462,2.872626331,0.075261361,1.937161176,0.325648047,0.794233427,0.109216806,2.811144437,0.059889433,1.541501266,0.451646367,0.599306313,0.103365365,2.660533502,0.058215478,1.49841514,0.436798996,0.588870629
coated_40_4,TRUE,TRUE,102,0.391193,0.240842,2.140675,1.76045,1.81494,0.0170463,2.119237669,0,0.423396329,(1.6+0j),0.95,0.131537503,0.035071292,0.769834605,0.028987651,0.636295268,0.17346497,0.429182416,0.040166084,0.881668172,0.029961353,0.657668572,0.254063385,0.145074592,0.042400967,0.930725111,0.031069581,0.681994796,0.267243584,0.115164279
coated_40_5,TRUE,TRUE,102,0.429628,0.309832,4.560505,3.37367,1.88281,0.026632,1.747166974,0,0.386560076,(1.6+0j),0.95,0.175220498,0.059482443,0.788944352,0.03550009,0.470854835,0.403183718,0.4191399,0.066067912,0.876290606,0.036057994,0.478254576,0.454228343,0.24407321,0.072844161,0.966167269,0.040185273,0.532996672,0.448339135,0.193955929
coated_40_6,TRUE,TRUE,102,0.664735,0.579574,29.8618,20.2412,1.91586,0.0249075,3,0,0.350426972,(1.6+0.00175j),1.15,0.154417392,0.360907764,1.368007741,0.047229994,0.179023572,0.869135556,0.660153254,0.402450486,1.525473913,0.051929191,0.196835707,0.870967503,0.585494718,0.397161257,1.505425285,0.054269819,0.205707772,0.863355708,0.564351108
coated_40_7,TRUE,TRUE,102,0.820198,0.728952,59.3404,39.8936,1.93008,0.0261042,3,0,0.34687667,(1.6+0.16888j),0.45,0.415671043,1.30512647,3.127266213,0.605664191,1.451256414,0.535934482,0.950813543,1.116512648,2.675321022,0.570994072,1.368181943,0.488591488,0.835384901,1.142717036,2.738110415,0.569887433,1.365530281,0.501287357,0.835196629
coated_40_8,TRUE,TRUE,102,0.585631,0.501848,19.4005,13.267,1.9714,0.0332562,3,0,0.353679598,(1.6+0.10228j),0.85,0.303119241,0.442850818,2.238840604,0.165399373,0.836179625,0.626512212,0.7642626,0.465577119,2.353733842,0.164694153,0.832614374,0.646258061,0.626288945,0.454964558,2.300081843,0.169881641,0.858839817,0.626604671,0.628026623
coated_40_9,TRUE,TRUE,102,0.791417,0.724694,58.38985,39.2599,2.00852,0.0273124,3,0,0.343467894,(1.6+0.25276j),0.45,0.601393075,1.169983005,2.836484015,0.598715809,1.451514949,0.488269653,0.952318927,1.087463487,2.636425303,0.573409699,1.390163309,0.472709009,0.858395276,1.099344563,2.665229553,0.573821013,1.391160491,0.478033519,0.859730073
coated_40_10,TRUE,TRUE,102,0.862923,0.805858,80.242,53.828,2.05966,0.0341859,3,0,0.340927658,(1.6+0j),0.8,0.390576252,2.05471731,4.028516576,0.085807645,0.168236047,0.95823871,0.829606415,2.115203465,4.147106845,0.088360377,0.173240981,0.958226063,0.686534079,2.037474582,3.994710166,0.077726237,0.15239149,0.961851678,0.649390411
coated_41_1,TRUE,TRUE,117,0.351436,0.195665,1,1,1.84669,0.0267478,1.921062276,0,0.456297017,(1.6+0.00232j),0.85,0.145620544,0.032175944,1.070077238,0.029008889,0.964750281,0.098429303,0.612774484,0.04055588,1.348769232,0.031703273,1.054357571,0.218281714,0.118795957,0.04055588,1.348769232,0.031703273,1.054357571,0.218281714,0.118795957
coated_41_2,TRUE,TRUE,117,0.360026,0.212668,1.283545,1.18903,1.8734,0.0164113,1.989359252,0,0.438358341,(1.6+0j),0.4,0.377949694,0.105074668,2.958038705,0.07126513,2.006240089,0.321766789,0.806716056,0.101601962,2.86027586,0.055675913,1.567375941,0.45201931,0.568108923,0.097685787,2.750028569,0.054077237,1.522370344,0.446416535,0.554704106
coated_41_3,TRUE,TRUE,117,0.374633,0.234064,1.713325,1.47555,1.92488,0.0261025,2.207846249,0,0.422076616,(1.6+0j),1,0.181914632,0.035980925,0.836205839,0.030724717,0.714050221,0.146083192,0.443069045,0.039008101,0.906558171,0.030669815,0.712774287,0.213757804,0.123357631,0.040291364,0.936381547,0.031198366,0.725057962,0.225681065,0.101423623
coated_41_4,TRUE,TRUE,117,0.383827,0.261734,2.395735,1.93049,1.96517,0.0233924,2.460096218,0,0.401272922,(1.6+0j),1.15,0.187253657,0.033809703,0.628392784,0.027979352,0.520028908,0.172446087,0.33054061,0.03519672,0.654172106,0.027650288,0.513912864,0.214407249,0.113984864,0.036741259,0.682879174,0.028416618,0.52815601,0.226574728,0.090882298
coated_41_5,TRUE,TRUE,117,0.390604,0.282704,3.018385,2.34559,2.03677,0.0261765,2.53829552,0,0.388441214,(1.6+0j),0.6,0.420947317,0.119394169,1.902082416,0.064242449,1.023453936,0.461929763,0.683857146,0.139089681,2.215853902,0.069659059,1.109746577,0.499178815,0.545308298,0.130586748,2.08039269,0.068728143,1.094916045,0.473697418,0.477269777
coated_41_6,TRUE,TRUE,117,0.466097,0.384402,7.59037,5.39358,2.15229,0.018536,3,0,0.361720595,(1.6+0j),1.05,0.295037076,0.100927065,0.869653969,0.042032758,0.362181889,0.583533334,0.425748892,0.102898452,0.886640743,0.041414084,0.356850989,0.597524711,0.311323052,0.111895003,0.964160942,0.047744096,0.41139453,0.573313425,0.26059381
coated_41_7,TRUE,TRUE,117,0.953509,0.90708,99.7798,66.8532,2.17975,0.0190011,3,0,0.338664167,(1.6+0j),0.55,0.593461314,1.878511356,2.906917863,0.129808623,0.200873422,0.930898143,0.766289776,1.617425224,2.502897979,0.129083318,0.199751043,0.920192096,0.54644617,1.735414273,2.685481105,0.090782478,0.140482092,0.947688296,0.538467353
coated_41_8,TRUE,TRUE,117,0.614706,0.568078,24.53485,16.6899,2.28634,0.0213276,3,0,0.343243384,(1.6+0.03383j),1.2,0.329434633,0.347999065,1.37300543,0.092770254,0.366018405,0.733418093,0.670172191,0.353769935,1.395773983,0.092600229,0.365347583,0.738247318,0.540678655,0.352320989,1.390057272,0.096240941,0.379711753,0.726837332,0.5171095
coated_41_9,TRUE,TRUE,117,0.903574,0.863776,86.2264,57.8176,2.34715,0.0245107,3,0,0.338220288,(1.6+0.27624j),0.4,1.07196194,1.487929051,2.539160047,0.785592708,1.340618771,0.472022737,0.96963086,1.455070952,2.483087499,0.766866297,1.308662036,0.472969826,0.891287937,1.454597436,2.48227944,0.76805283,1.310686862,0.471982549,0.89203217
coated_41_10,TRUE,TRUE,117,0.928756,0.885382,92.8651,62.2434,2.43702,0.0256755,3,0,0.338480756,(1.6+0j),0.3,1.588529983,1.761093533,2.860428945,0.143179591,0.232557237,0.918698474,0.893026341,1.748236379,2.839545911,0.214923026,0.349085402,0.877062948,0.804625923,1.721058058,2.795401943,0.103213253,0.167642531,0.940029186,0.770316469
coated_42_1,TRUE,TRUE,117,0.360167,0.1956488,1,1,1.84446,0.0137364,1.930726159,0,0.461473803,(1.6+0j),0.85,0.155809644,0.03237974,1.077033224,0.029178243,0.970543208,0.098873473,0.603701436,0.040543038,1.348565469,0.031694565,1.054242557,0.218248886,0.118774943,0.040543038,1.348565469,0.031694565,1.054242557,0.218248886,0.118774943
coated_42_2,TRUE,TRUE,117,0.38496,0.229968,1.624975,1.41665,1.82981,0.0165002,1.996410267,0,0.431519226,(1.6+0j),0.65,0.207032709,0.058714473,1.413580256,0.045929363,1.105772342,0.217750575,0.673651255,0.081674404,1.966352045,0.05126738,1.234287767,0.372295632,0.318264392,0.083882906,2.019522854,0.05155167,1.241132191,0.385432956,0.265962985
coated_42_3,TRUE,TRUE,117,0.38902,0.242964,1.91584,1.61056,1.86751,0.0171348,2.059323744,0,0.420308323,(1.6+0j),0.85,0.178580878,0.044812367,0.9665496,0.036677551,0.791091275,0.181530596,0.613230521,0.05616622,1.211438744,0.039309358,0.847856215,0.300124568,0.191896379,0.059488417,1.283094595,0.040793422,0.879865715,0.314262784,0.153119523
coated_42_4,TRUE,TRUE,117,0.394295,0.251096,2.11444,1.74296,1.89194,0.0130223,2.141977547,0,0.415219536,(1.6+0.20262j),0.6,0.300243258,0.095100619,1.920498067,0.067896956,1.371136957,0.286051373,0.688126255,0.114129784,2.304780261,0.068164691,1.376543689,0.402744065,0.437151867,0.112967411,2.281306861,0.067300403,1.359089939,0.404249397,0.392505319
coated_42_5,TRUE,TRUE,117,0.406162,0.282288,3.005245,2.33683,1.89879,0.0157126,2.220943336,0,0.395396667,(1.6+0.03141j),0.85,0.220768539,0.062353815,0.99629583,0.04405926,0.703983505,0.293399126,0.544072139,0.077001437,1.230337081,0.047309912,0.755922759,0.385597028,0.264595783,0.082618206,1.320082415,0.050207876,0.802226737,0.392290415,0.207576187
coated_42_6,TRUE,TRUE,117,0.449853,0.345678,5.51716,4.01144,1.91389,0.0140717,2.394078583,0,0.374047066,(1.6+0.03752j),1.05,0.19954188,0.07252127,0.772737586,0.043769487,0.466378036,0.396460008,0.45289712,0.082705602,0.881254943,0.045561098,0.485468231,0.449117154,0.247631086,0.089531256,0.953984487,0.049731045,0.529900365,0.444539851,0.204250598
coated_42_7,TRUE,TRUE,117,0.919675,0.859144,84.74365,56.8291,2.00106,0.0148313,3,0,0.340732805,(1.6+0.11573j),0.75,0.349060685,1.983613136,3.421646753,0.690763014,1.191536282,0.651765256,0.906455834,1.974323801,3.405623051,0.67797125,1.169471045,0.656605847,0.790475423,1.962424544,3.385097348,0.674510648,1.163501656,0.656287091,0.780750353
coated_42_8,TRUE,TRUE,117,0.808273,0.757488,58.17595,39.1173,2.10561,0.0159546,3,0,0.340687901,(1.6+0.13625j),0.8,0.395227106,1.474268668,3.271411983,0.533545357,1.183940695,0.638094896,0.883799172,1.489296633,3.304759137,0.527015606,1.169451136,0.646131204,0.768681315,1.451299002,3.22044214,0.519461631,1.152688816,0.642071254,0.744937582
coated_42_9,TRUE,TRUE,117,0.816728,0.763784,59.54845,40.0323,2.15714,0.01562,3,0,0.340907864,(1.6+0.28661j),0.35,0.98978282,1.1872274,2.591211826,0.622535205,1.358729242,0.475639456,0.971204637,1.136632916,2.480785613,0.596769477,1.302493631,0.474967275,0.891724199,1.135977723,2.479355605,0.598023518,1.305230668,0.473560523,0.892742672
coated_42_10,TRUE,TRUE,117,0.807791,0.770094,61.09165,41.0611,2.29117,0.0216977,3,0,0.338719484,(1.6+0.01612j),0.85,0.486372635,1.707058366,3.664974942,0.180503586,0.387532807,0.894260448,0.833485417,1.752943575,3.763488351,0.170092107,0.365179845,0.902967723,0.709886266,1.676828888,3.600073657,0.17506951,0.375866099,0.895594886,0.66304028
coated_43_1,TRUE,TRUE,115,0.367094,0.194519,1,1,1.82358,0.0191886,1.974255631,0,0.467178357,(1.6+0.03882j),0.75,0.16366244,0.037761531,1.270678435,0.033081583,1.113197825,0.123934275,0.636498143,0.04966354,1.671181946,0.036415656,1.225389623,0.266752716,0.153793401,0.04966354,1.671181946,0.036415656,1.225389623,0.266752716,0.153793401
coated_43_2,TRUE,TRUE,115,0.381874,0.211824,1.29097,1.19398,1.81377,0.0214272,1.989393077,0,0.451185505,(1.6+0.03896j),0.95,0.12984455,0.032750007,0.929332642,0.029186207,0.828204239,0.108818306,0.474071278,0.037172453,1.054826461,0.029911507,0.848785748,0.195331384,0.111777891,0.037568103,1.066053635,0.029980673,0.850748458,0.201964676,0.10027962
coated_43_3,TRUE,TRUE,115,0.39587,0.231702,1.69075,1.4605,1.80773,0.0134098,1.93208121,0,0.43497707,(1.6+0.11891j),0.9,0.14571603,0.042240884,1.001805831,0.036460971,0.864726526,0.136832209,0.577706503,0.04970742,1.178885898,0.037533881,0.890172203,0.24490385,0.151210484,0.051104285,1.212014657,0.038118889,0.904046533,0.254096039,0.128913502
coated_43_4,TRUE,TRUE,115,0.408732,0.259512,2.376895,1.91793,1.83814,0.0200143,2.216012063,0,0.414309327,(1.6+0.0113j),0.5,0.288567697,0.113059745,2.137485767,0.067633835,1.278672265,0.40178677,0.750519116,0.136764079,2.585635331,0.069263209,1.309476894,0.493557008,0.578414501,0.123895358,2.342341776,0.066918056,1.265139884,0.459882457,0.548097947
coated_43_5,TRUE,TRUE,115,0.406395,0.27678,2.883865,2.25591,1.89325,0.0156594,2.497010028,0,0.399523339,(1.6+0.01057j),1.2,0.14957852,0.033913717,0.563658552,0.027793115,0.461931877,0.180475707,0.376678346,0.035433976,0.588925819,0.027309238,0.453889669,0.229292291,0.115968292,0.037167437,0.617736579,0.02823054,0.469202038,0.240449645,0.092947662
coated_43_6,TRUE,TRUE,115,0.889078,0.802856,70.33735,47.2249,1.91089,0.0173204,3,0,0.344670394,(1.6+0j),0.7,0.284845259,2.114946461,4.177670484,0.113348054,0.223897308,0.946406183,0.848853647,2.10139632,4.150904783,0.101327209,0.200152437,0.95178101,0.717353407,2.075402015,4.099558027,0.094415749,0.186500177,0.954507248,0.682811255
coated_43_7,TRUE,TRUE,115,0.953007,0.871548,90.0676,60.3784,1.961,0.0234331,3,0,0.342999022,(1.6+0j),0.8,0.285316805,2.489312491,4.172601556,0.101644068,0.170376438,0.959167815,0.846091651,2.680248552,4.492649806,0.099843906,0.167358995,0.962748266,0.717735398,2.665240574,4.467493338,0.083942052,0.140704206,0.968504887,0.692250194
coated_43_8,TRUE,TRUE,115,0.922223,0.85206,84.16645,56.4443,2.08172,0.0250149,3,0,0.341956616,(1.6+0.29449j),0.3,1.014267995,1.449727115,2.542471098,0.740857086,1.299284335,0.488967904,0.979848707,1.378743838,2.41798358,0.699001719,1.225880132,0.493015526,0.905981566,1.378609373,2.417747762,0.699974227,1.227585677,0.49226065,0.906825658
coated_43_9,TRUE,TRUE,115,0.83354,0.77599,63.5695,42.713,2.1535,0.0265089,3,0,0.34137558,(1.6+0.02537j),0.8,0.434515717,1.788317563,3.781311983,0.244440652,0.516858071,0.863312503,0.847320689,1.793900064,3.793115915,0.236901341,0.50091656,0.867940614,0.709742674,1.71551467,3.627373747,0.230198818,0.486744394,0.865813553,0.668076525
coated_43_10,TRUE,TRUE,115,0.834408,0.767134,61.46305,41.3087,2.20177,0.0205689,3,0,0.342819589,(1.6+0j),0.4,0.923017456,1.24248085,2.688173895,0.131266025,0.284001078,0.894351672,0.772652152,0.855554274,1.851037516,0.172272822,0.372721482,0.798641854,0.42826092,0.9022852,1.952142379,0.097213923,0.210327531,0.892258099,0.396745912
coated_44_1,TRUE,TRUE,145,0.403744,0.21016,1,1,1.83232,0.0224264,1.898924607,0,0.464519977,(1.6+0j),0.55,0.179508768,0.069477143,2.002866268,0.056365497,1.624887666,0.188718842,0.737599692,0.094308574,2.718699298,0.056321408,1.623616661,0.402796528,0.343941573,0.094308574,2.718699298,0.056321408,1.623616661,0.402796528,0.343941573
coated_44_2,TRUE,TRUE,145,0.412656,0.228504,1.28641,1.19094,1.81785,0.017867,1.902472569,0,0.446389574,(1.6+0j),1.1,0.091428801,0.034423231,0.839409999,0.031480843,0.767659911,0.085476809,0.499060712,0.037745044,0.920412366,0.031326312,0.763891681,0.170054956,0.096359138,0.038029616,0.927351632,0.031312294,0.763549833,0.176633968,0.086057423
coated_44_3,TRUE,TRUE,145,0.432184,0.250816,1.701355,1.46757,1.83271,0.0208133,2.082584506,0,0.4321313,(1.6+0j),1.05,0.11232461,0.040604403,0.821812566,0.035507546,0.718654751,0.125524748,0.521424005,0.046789494,0.946995676,0.036411127,0.736942781,0.221809771,0.128985056,0.048422246,0.980041733,0.037093687,0.750757446,0.233953595,0.106070815
coated_44_4,TRUE,TRUE,145,0.446108,0.278792,2.33644,1.89096,1.83846,0.0217034,2.138925702,0,0.414039684,(1.6+0j),0.45,0.311333022,0.167903038,2.75047725,0.092410361,1.513805825,0.44962067,0.793682061,0.175773929,2.879413025,0.08507086,1.39357494,0.516021173,0.651843321,0.152378896,2.496170968,0.081409452,1.333596148,0.465743266,0.647161159
coated_44_5,TRUE,TRUE,145,0.442654,0.290996,2.65744,2.10496,1.86037,0.017897,1.802569041,0,0.403795026,(1.6+0j),1.1,0.140617861,0.047067609,0.707714705,0.037239093,0.55993186,0.208816976,0.454669903,0.053875363,0.810076985,0.038394688,0.577307529,0.287342389,0.157082307,0.057769266,0.868626204,0.040499782,0.608959995,0.298938954,0.123271802
coated_44_6,TRUE,TRUE,145,1.04175,0.96827,97.9174,65.6116,1.94514,0.0144824,3,0,0.340984704,(1.6+0.03756j),0.85,0.244139284,2.852261174,3.873525829,0.495446564,0.672843384,0.826296916,0.875918155,2.871365,3.899469864,0.478834389,0.650283148,0.833238063,0.748088122,2.850513004,3.87115172,0.474544209,0.644456849,0.833523226,0.730261641
coated_44_7,TRUE,TRUE,145,0.683979,0.613736,24.9466,16.9644,1.92472,0.0224039,3,0,0.346561068,(1.6+0.14371j),0.7,0.325120281,0.932524121,3.15215087,0.36040115,1.218240657,0.613520829,0.877636232,0.943944434,3.190754214,0.351606439,1.188512465,0.627513627,0.761588418,0.900022068,3.042286286,0.345333823,1.167309549,0.61630516,0.724709332
coated_44_8,TRUE,TRUE,145,1.04168,0.972804,99.3214,66.5476,1.93238,0.0176718,3,0,0.340478528,(1.6+0.10527j),0.45,0.535635573,1.889290806,2.541898674,0.981390629,1.320387274,0.480550784,0.955857965,1.767654355,2.378245977,0.949822216,1.277914349,0.46266519,0.845058539,1.754881039,2.361060442,0.947580207,1.274897894,0.460031657,0.835800242
coated_44_9,TRUE,TRUE,145,0.630614,0.556436,18.5869,12.7246,2.03934,0.0313553,3,0,0.349178041,(1.6+0.00842j),0.6,0.494052963,0.872844061,3.58935439,0.168847642,0.694343987,0.80655463,0.847530648,0.897096084,3.689084808,0.144209652,0.593026374,0.839248376,0.713669868,0.808595466,3.325148004,0.125555351,0.516315192,0.844724147,0.613100608
coated_44_10,TRUE,TRUE,145,0.733949,0.674842,33.16615,22.4441,2.10151,0.0182394,3,0,0.34323813,(1.6+0.04621j),1.05,0.314464386,0.873311803,2.441604072,0.192441864,0.538028729,0.779641288,0.773013715,0.900804202,2.518467287,0.186322667,0.520920684,0.793159638,0.618341493,0.885953568,2.476947904,0.196453953,0.549245722,0.778257055,0.612677975
coated_45_1,TRUE,TRUE,132,0.379419,0.203704,1,1,1.78003,0.0174053,1.944576805,0,0.460699015,(1.6+0.0987j),0.7,0.140984553,0.04733327,1.452370826,0.040737875,1.24999818,0.139339515,0.657620505,0.0659033,2.022172332,0.045261665,1.388805817,0.313210949,0.198120322,0.0659033,2.022172332,0.045261665,1.388805817,0.313210949,0.198120322
coated_45_2,TRUE,TRUE,132,0.389137,0.220796,1.275715,1.18381,1.76873,0.0119651,1.970240797,0,0.443905725,(1.6+0.23316j),0.6,0.176804828,0.073286998,1.914056041,0.058800104,1.535697969,0.197673456,0.715972465,0.093041419,2.429987503,0.057768571,1.508757153,0.37910909,0.332632579,0.093442149,2.440453479,0.05755565,1.503196242,0.384050442,0.312152916
coated_45_3,TRUE,TRUE,132,0.398914,0.24215,1.68082,1.45388,1.79639,0.0145824,2.068252946,0,0.425740843,(1.6+0.14889j),1.15,0.109128112,0.037072831,0.805001928,0.033448125,0.726294816,0.097772575,0.440394881,0.038674666,0.839784294,0.032229112,0.6998251,0.166660885,0.097540059,0.039032914,0.847563297,0.032289022,0.701125988,0.172774482,0.084511857
coated_45_4,TRUE,TRUE,132,0.403913,0.260652,2.09713,1.73142,1.83003,0.0209109,2.142263868,0,0.411231171,(1.6+0.15445j),0.6,0.249730779,0.105767492,1.982166824,0.073095688,1.369871253,0.308902138,0.678211121,0.126178813,2.364691193,0.073557699,1.378529704,0.417036056,0.467462842,0.123400907,2.312631022,0.072128747,1.351750006,0.415492574,0.420392808
coated_45_5,TRUE,TRUE,132,0.421438,0.293658,2.996425,2.33095,1.87212,0.00651059,2.133125521,0,0.393738025,(1.6+0.0402j),0.7,0.246513321,0.103169854,1.523278315,0.063596739,0.938990705,0.38357246,0.617276597,0.128812679,1.901888519,0.07059825,1.042366345,0.451930891,0.453470565,0.128324571,1.894681721,0.071045514,1.048970093,0.446360789,0.37635229
coated_45_6,TRUE,TRUE,132,0.978056,0.906226,88.15675,59.1045,1.89348,0.0169168,3,0,0.341481645,(1.6+0.06442j),0.55,0.367339392,1.96604796,3.048113892,0.727543071,1.127965434,0.629946428,0.91211722,1.702566149,2.639617973,0.691440044,1.071992163,0.593883595,0.716614649,1.775854817,2.753242977,0.677152181,1.0498406,0.618689448,0.710884263
coated_45_7,TRUE,TRUE,132,0.628585,0.552672,20.0065,13.671,1.93114,0.0165262,3,0,0.349671514,(1.6+0.16743j),1,0.228043945,0.508971647,2.121625781,0.236546394,0.986033172,0.535246422,0.754633493,0.533337245,2.223192696,0.240380966,1.002017417,0.549288994,0.61902217,0.525152827,2.189076312,0.244194461,1.017913802,0.535003053,0.623307053
coated_45_8,TRUE,TRUE,132,0.841704,0.767664,53.60785,36.0719,1.97154,0.016407,3,0,0.343721681,(1.6+0j),1,0.259353539,1.459275793,3.152863347,0.085373558,0.184455306,0.94149594,0.805786738,1.520756003,3.285695469,0.085860713,0.185507836,0.94354077,0.67994807,1.457841863,3.149765244,0.093734337,0.20251933,0.935703357,0.651394414
coated_45_9,TRUE,TRUE,132,0.553292,0.480276,13.13929,9.09286,2.07886,0.0184354,3,0,0.352313553,(1.6+0j),0.95,0.349558765,0.282361004,1.558594235,0.067555028,0.372894542,0.760749441,0.666261694,0.312469526,1.724789174,0.07225246,0.398823727,0.768769579,0.591512213,0.301537667,1.664446805,0.076028051,0.419664474,0.747865493,0.552538699
coated_45_10,TRUE,TRUE,132,0.823413,0.772132,54.6355,36.757,2.22596,0.0249324,3,0,0.340573917,(1.6+0j),0.85,0.486795815,1.75113843,3.739792398,0.108275673,0.231237309,0.93816841,0.823926006,1.80371195,3.852070243,0.0923299,0.197182959,0.948811173,0.698903786,1.71298397,3.658308401,0.099898783,0.213347331,0.941681426,0.643311391
coated_46_1,TRUE,TRUE,138,0.387816,0.206694,1,1,1.78361,0.0158277,1.925522548,0,0.46105433,(1.6+0.14978j),0.45,0.212083706,0.084879894,2.529642827,0.065397559,1.9490183,0.229528264,0.811728388,0.096258074,2.86874236,0.054104626,1.612459364,0.437921165,0.45765663,0.096258074,2.86874236,0.054104626,1.612459364,0.437921165,0.45765663
coated_46_2,TRUE,TRUE,138,0.40375,0.232702,1.427485,1.28499,1.8081,0.0138258,1.970027344,0,0.437644332,(1.6+0j),0.6,0.193051379,0.076015218,1.787353394,0.057702707,1.356769498,0.240905854,0.713986398,0.100840865,2.371081319,0.060905512,1.432077386,0.396023504,0.381182106,0.100868259,2.371725442,0.059964858,1.409959683,0.40551311,0.33670893
coated_46_3,TRUE,TRUE,138,0.409363,0.24204,1.605685,1.40379,1.86068,0.0272217,2.065558264,0,0.430635933,(1.6+0.2498j),0.4,0.344458811,0.15134573,3.289319058,0.097621259,2.121681711,0.35497844,0.825593019,0.133942787,2.911086838,0.073091527,1.588557231,0.454307851,0.642402314,0.126904634,2.75812098,0.071254644,1.54863476,0.43851819,0.637404456
coated_46_4,TRUE,TRUE,138,0.419207,0.274596,2.34262,1.89508,1.86246,0.010147,2.203308155,0,0.406537097,(1.6+0.18616j),0.45,0.30468707,0.172741311,2.916875655,0.104899074,1.771305042,0.392738926,0.800033792,0.167421456,2.827045633,0.088379959,1.492366539,0.472110913,0.650131193,0.152409445,2.573555789,0.085656032,1.446370833,0.43798738,0.650716906
coated_46_5,TRUE,TRUE,138,0.437951,0.299058,3.030925,2.35395,1.89041,0.0304665,2.165182767,0,0.396539988,(1.6+0j),0.95,0.181102083,0.063620932,0.905731126,0.04395321,0.62573416,0.309139167,0.448660828,0.07395283,1.052819854,0.045954245,0.654221635,0.378600591,0.232160125,0.080609298,1.147583801,0.049558032,0.705526486,0.385207002,0.179491262
coated_46_6,TRUE,TRUE,138,0.446253,0.338924,4.413955,3.27597,1.95804,0.014321,2.223061746,0,0.37624762,(1.6+0.21553j),0.65,0.322296884,0.201888695,2.237780438,0.116485357,1.291150319,0.423021894,0.714149769,0.217273438,2.408308446,0.116623466,1.292681154,0.463241033,0.585370614,0.20617455,2.285285838,0.115758677,1.283095632,0.438540418,0.577239864
coated_46_7,TRUE,TRUE,138,0.662761,0.58721,22.95385,15.6359,2.07048,0.0278212,3,0,0.348350617,(1.6+0j),0.6,0.432307741,1.035439036,3.823382663,0.135492069,0.500307609,0.869145296,0.848253517,1.05396296,3.891782682,0.132072525,0.487680862,0.874689596,0.703808806,0.946366155,3.494478984,0.103396984,0.381795761,0.890743151,0.606066931
coated_46_8,TRUE,TRUE,138,0.925082,0.875934,76.18015,51.1201,2.16237,0.0256372,3,0,0.339229246,(1.6+0j),0.85,0.372520262,2.504297109,4.155786257,0.114542308,0.190078625,0.954261694,0.842174901,2.615225517,4.339867751,0.117410268,0.194837895,0.955105108,0.696999698,2.543602226,4.221011611,0.095090353,0.157798842,0.962615871,0.661178893
coated_46_9,TRUE,TRUE,138,0.874083,0.820078,62.54485,42.0299,2.22323,0.0176701,3,0,0.340371402,(1.6+0j),0.95,0.384310015,1.960996781,3.712587317,0.100706662,0.190659301,0.948645167,0.828715313,2.068654605,3.916406659,0.0937953,0.177574611,0.954658791,0.70972666,1.993821182,3.774730946,0.105721044,0.200152601,0.946975664,0.66569311
coated_46_10,TRUE,TRUE,138,0.796399,0.734378,44.9635,30.309,2.28198,0.022277,3,0,0.342619978,(1.6+0j),0.65,0.647430243,1.706727038,4.02934887,0.130562695,0.308240648,0.923501127,0.844417003,1.770480668,4.179862462,0.127626613,0.30130896,0.927914145,0.724972492,1.742187535,4.113066248,0.111674312,0.263647762,0.935899948,0.675651661
coated_47_1,TRUE,TRUE,138,0.388867,0.206738,1,1,1.79595,0.0188235,1.903031659,0,0.4615438,(1.6+0.08599j),0.55,0.228355747,0.065377034,1.947577324,0.053512615,1.594137107,0.18147686,0.738163541,0.090376005,2.692294967,0.054361243,1.61941769,0.398499158,0.334168841,0.090376005,2.692294967,0.054361243,1.61941769,0.398499158,0.334168841
coated_47_2,TRUE,TRUE,138,0.401487,0.227046,1.32583,1.21722,1.77653,0.0115367,1.900543973,0,0.44276744,(1.6+0.01516j),0.9,0.14780984,0.042192818,1.042127713,0.037221092,0.919330188,0.11783347,0.640146456,0.052054924,1.285713571,0.039361286,0.972191213,0.243850858,0.146493018,0.053156276,1.312916051,0.039712537,0.98086682,0.252909721,0.129237353
coated_47_3,TRUE,TRUE,138,0.416099,0.250912,1.78858,1.52572,1.82655,0.0192551,1.976113367,0,0.425156055,(1.6+0.04397j),0.95,0.167611547,0.046462756,0.9396632,0.039297073,0.794744374,0.154224223,0.576624512,0.05608716,1.134307241,0.041474799,0.838786722,0.260529518,0.160446175,0.058406226,1.181208051,0.042482576,0.859167998,0.272636182,0.132125202
coated_47_4,TRUE,TRUE,138,0.416095,0.263458,2.07232,1.71488,1.8892,0.00981926,2.102101033,0,0.414149623,(1.6+0.2193j),0.55,0.354482674,0.127854535,2.345327381,0.086304067,1.58313737,0.324982353,0.730721962,0.139826616,2.56493985,0.079363326,1.455818382,0.432416171,0.523251371,0.134326265,2.464042974,0.077437711,1.420495442,0.423510281,0.494648661
coated_47_5,TRUE,TRUE,138,0.453792,0.342584,4.557085,3.37139,1.99726,0.0167212,2.650314452,0,0.376966096,(1.6+0j),0.45,0.554097137,0.282326795,3.062866482,0.10555484,1.145128223,0.626125321,0.824605048,0.302776833,3.284721925,0.111459765,1.209188729,0.631874857,0.731559829,0.24870021,2.698063201,0.105920589,1.149096107,0.574103339,0.682456351
coated_47_6,TRUE,TRUE,138,0.893859,0.823612,63.3265,42.551,2.03424,0.0235133,3,0,0.342352988,(1.6+0j),0.7,0.377414999,2.136101389,4.009467059,0.129868367,0.243763213,0.939203089,0.849561503,2.124041099,3.986829868,0.120389918,0.225972144,0.943320344,0.706411857,2.087140168,3.917566738,0.111693656,0.209649241,0.946484832,0.665194655
coated_47_7,TRUE,TRUE,138,0.979796,0.923474,89.3011,59.8674,2.04307,0.0191734,3,0,0.339619494,(1.6+0j),0.9,0.317678996,2.786710815,4.160568498,0.110046262,0.164299435,0.96051034,0.834345977,2.888366478,4.312340741,0.11128474,0.166148487,0.961471392,0.692975567,2.812417715,4.198948985,0.093267453,0.139248617,0.966837269,0.661170898
coated_47_8,TRUE,TRUE,138,0.945847,0.874224,75.7066,50.8044,2.14389,0.0268465,3,0,0.341843117,(1.6+0j),0.5,0.679068568,1.626564092,2.709791332,0.156986149,0.261532704,0.903486036,0.744608579,1.478626918,2.463333862,0.215473586,0.358970457,0.854274541,0.47788174,1.668517865,2.779684655,0.110129876,0.18347201,0.933995387,0.431274178
coated_47_9,TRUE,TRUE,138,0.746429,0.701174,39.0949,26.3966,2.21115,0.0278546,3,0,0.340613026,(1.6+0j),0.45,0.877847822,1.331639396,3.44861844,0.156950963,0.406464382,0.882137039,0.82111842,1.17620358,3.046077917,0.191024556,0.494706605,0.837592268,0.625048951,1.355826449,3.511256958,0.111570851,0.288941056,0.91771008,0.583917828
coated_47_10,TRUE,TRUE,138,0.703738,0.652136,31.4458,21.2972,2.27639,0.0223795,3,0,0.342427183,(1.6+0j),0.45,0.998380135,1.132269452,3.38987402,0.154869614,0.463660376,0.863221945,0.827607045,1.052505029,3.151069251,0.178718689,0.535061543,0.830196831,0.649529229,1.120241026,3.353862407,0.11825722,0.35404742,0.894435914,0.590971166
coated_48_1,TRUE,TRUE,127,0.374953,0.201044,1,1,1.81787,0.0136172,1.941877444,0,0.462004992,(1.6+0.30652j),0.35,0.371220079,0.107582164,3.388973412,0.075587368,2.381097125,0.2973987,0.83428391,0.094844914,2.987734023,0.05210124,1.641254561,0.45066912,0.602830554,0.094844914,2.987734023,0.05210124,1.641254561,0.45066912,0.602830554
coated_48_2,TRUE,TRUE,127,0.382627,0.21985,1.30822,1.20548,1.82278,0.0165978,1.929652607,0,0.441724111,(1.6+0.10026j),1.15,0.113538408,0.029577993,0.779158623,0.027415102,0.722182648,0.073125,0.533476132,0.03080349,0.81144128,0.026463895,0.697125452,0.140879976,0.080581132,0.030797548,0.811284776,0.026327853,0.693541763,0.145131545,0.073056677
coated_48_3,TRUE,TRUE,127,0.400825,0.245074,1.811515,1.54101,1.79525,0.0168322,1.975682572,0,0.423800581,(1.6+0j),0.9,0.158171562,0.044051713,0.93385283,0.037000506,0.784374208,0.160066573,0.596677089,0.054416536,1.153576845,0.039305704,0.833242118,0.277688243,0.172217688,0.057250963,1.213663906,0.040559256,0.859816194,0.291553296,0.138999719
coated_48_4,TRUE,TRUE,127,0.407655,0.265942,2.3164,1.8776,1.83678,0.0160865,2.05135824,0,0.408492269,(1.6+0.29966j),0.3,0.598164687,0.233011946,4.194830768,0.1300243,2.340780989,0.441984404,0.888730816,0.160318356,2.886154052,0.085167436,1.533238898,0.468760548,0.761396495,0.14604512,2.62919808,0.084035908,1.512868414,0.424589412,0.791369689
coated_48_5,TRUE,TRUE,127,0.420642,0.28749,2.924425,2.28295,1.84572,0.023389,2.110695395,0,0.397656268,(1.6+0j),0.3,0.607181697,0.258757643,3.986188384,0.116891248,1.800721831,0.548259726,0.886996754,0.206034537,3.173983463,0.095892366,1.477231861,0.53458111,0.778234416,0.171427741,2.640862163,0.090085734,1.387780102,0.474497336,0.772736175
coated_48_6,TRUE,TRUE,127,0.71449,0.639614,32.20885,21.8059,1.9251,0.0231137,3,0,0.346645589,(1.6+0j),0.9,0.268501238,0.880394749,2.740006796,0.083604748,0.260198709,0.905037203,0.775766863,0.906778916,2.822120867,0.0777526,0.241985372,0.914254072,0.632603856,0.862840482,2.685373563,0.087376411,0.271937059,0.898733993,0.604107896
coated_48_7,TRUE,TRUE,127,0.870841,0.795084,61.89805,41.5987,1.97949,0.0151198,3,0,0.343481024,(1.6+0j),0.8,0.34915703,1.93088415,3.889021179,0.104055564,0.209579789,0.946109887,0.827824559,2.003537419,4.035353159,0.104602584,0.210681549,0.947791051,0.686115146,1.904817192,3.836519349,0.092201354,0.185704056,0.951595694,0.638583692
coated_48_8,TRUE,TRUE,127,0.852096,0.788294,60.3172,40.5448,1.99858,0.0202817,3,0,0.342036039,(1.6+0.19143j),0.4,0.752157712,1.312323581,2.688899741,0.685743546,1.405061731,0.47745849,0.963702456,1.217300665,2.494201499,0.658824264,1.349905175,0.45878263,0.872831552,1.22557743,2.511160267,0.659384998,1.351054098,0.461980139,0.871977802
coated_48_9,TRUE,TRUE,127,0.82096,0.760224,54.12265,36.4151,2.06661,0.0183781,3,0,0.342033753,(1.6+0j),1.05,0.330773098,1.272277552,2.802907924,0.076389143,0.168290113,0.939958744,0.769168245,1.307025287,2.879459381,0.070321247,0.154922154,0.946197486,0.637334115,1.267594363,2.792590561,0.083261806,0.183431025,0.934315102,0.619223863
coated_48_10,TRUE,TRUE,127,0.589714,0.542992,19.7326,13.4884,2.19754,0.0238132,3,0,0.343882449,(1.6+0.00386j),0.7,0.590319155,0.729394326,3.149819281,0.115108846,0.497086486,0.842185712,0.812559734,0.787603122,3.401188371,0.11579459,0.500047806,0.852978503,0.705205371,0.71489811,3.087218763,0.105583328,0.455951454,0.852309963,0.635243333
coated_49_1,TRUE,TRUE,116,0.358169,0.195038,1,1,1.77975,0.0139859,1.943975431,0,0.461214162,(1.6+0.24603j),0.55,0.195979141,0.05552395,1.858454803,0.045302387,1.516326546,0.184092859,0.739905589,0.07702323,2.578062096,0.047598288,1.593173175,0.382026842,0.299984344,0.07702323,2.578062096,0.047598288,1.593173175,0.382026842,0.299984344
coated_49_2,TRUE,TRUE,116,0.364597,0.212658,1.29439,1.19626,1.75324,0.0210213,2.019094295,0,0.440887704,(1.6+0j),0.5,0.245590167,0.07976904,2.245851493,0.058852433,1.656956448,0.262214597,0.739121808,0.094034764,2.647494741,0.054625818,1.537958528,0.41908911,0.435486288,0.092501357,2.604322569,0.053308779,1.500878055,0.423697328,0.404311196
coated_49_3,TRUE,TRUE,116,0.378941,0.236652,1.785925,1.52395,1.79184,0.0184585,2.006375408,0,0.421609726,(1.6+0j),0.8,0.188826914,0.050103568,1.139090976,0.039794509,0.90471734,0.205754975,0.521083378,0.059898544,1.361777093,0.041243349,0.937656327,0.311446542,0.208807546,0.063131312,1.435273192,0.042563011,0.967658463,0.325801898,0.168568829
coated_49_4,TRUE,TRUE,116,0.385341,0.257006,2.28937,1.85958,1.78978,0.0217314,2.067435929,0,0.405910633,(1.6+0.1149j),0.4,0.388386761,0.159045648,3.065811044,0.089883093,1.732613137,0.434859777,0.815193538,0.151306914,2.916636904,0.077645015,1.496708327,0.486837623,0.673588099,0.13462916,2.595151579,0.074757796,1.441053419,0.444713199,0.674568351
coated_49_5,TRUE,TRUE,116,0.435184,0.32938,4.818775,3.54585,1.86487,0.00656856,2.109784123,0,0.377373953,(1.6+0j),1,0.217349806,0.070306301,0.825106326,0.040102314,0.470635951,0.429605693,0.373263067,0.073943455,0.867791535,0.039325856,0.461523532,0.468163132,0.24883384,0.081545271,0.95700553,0.044015421,0.516559706,0.460233312,0.198759552
coated_49_6,TRUE,TRUE,116,0.468856,0.366978,6.659905,4.77327,1.89238,0.0142408,3,0,0.370178563,(1.6+0.02188j),0.65,0.366863695,0.21529282,2.035446103,0.080925157,0.765091912,0.624115858,0.729506704,0.253775678,2.399275149,0.088043964,0.832395354,0.653063821,0.613760592,0.232193557,2.195230988,0.091900148,0.868852933,0.604208879,0.599716855
coated_49_7,TRUE,TRUE,116,0.921657,0.853076,83.6668,56.1112,1.95234,0.0200945,3,0,0.341756566,(1.6+0.22937j),0.6,0.484730618,1.693309468,2.962586283,0.827536736,1.447844608,0.511290315,0.943009628,1.598270513,2.796307696,0.803950854,1.406579137,0.496986995,0.841414788,1.609295372,2.815596608,0.804113221,1.406863213,0.500332111,0.842494219
coated_49_8,TRUE,TRUE,116,0.569383,0.502498,17.1145,11.743,2.01971,0.0194722,3,0,0.349792687,(1.6+0.15254j),0.85,0.381240298,0.458343641,2.311174056,0.201528901,1.016199041,0.560310467,0.784007441,0.472554062,2.382829367,0.199193566,1.004423235,0.578474544,0.632716251,0.459947373,2.319260793,0.203135915,1.024302325,0.558349657,0.638138504
coated_49_9,TRUE,TRUE,116,0.940755,0.894912,96.6985,64.799,2.08518,0.0203141,3,0,0.338691531,(1.6+0.29445j),0.3,1.249185607,1.552866659,2.468786995,0.789441388,1.25507404,0.491623197,0.980643707,1.512627312,2.404813455,0.763065314,1.213140686,0.49553647,0.907643158,1.512953344,2.405331789,0.763985382,1.214603432,0.495037051,0.908461403
coated_49_10,TRUE,TRUE,116,0.740002,0.68509,43.438,29.292,2.21081,0.0206263,3,0,0.342380806,(1.6+0j),0.85,0.517341972,1.240529433,3.365285658,0.088217403,0.239314565,0.928887295,0.808748543,1.354100074,3.673378026,0.091597864,0.248485018,0.932355174,0.707415646,1.291941597,3.504755641,0.091464784,0.248124,0.929203624,0.662410324
coated_50_1,TRUE,TRUE,131,0.397181,0.203154,1,1,1.80542,0.0250373,1.871503384,0,0.4708498,(1.6+0j),0.35,0.308890535,0.111225501,3.431339853,0.079018227,2.437735838,0.289567358,0.852802025,0.0970156,2.992960159,0.053228344,1.642110275,0.451342421,0.608022008,0.0970156,2.992960159,0.053228344,1.642110275,0.451342421,0.608022008
coated_50_2,TRUE,TRUE,131,0.413639,0.225682,1.3717,1.2478,1.79592,0.0183625,1.877111995,0,0.450053955,(1.6+0j),0.65,0.167154052,0.061301715,1.532459124,0.050065768,1.2515758,0.183289277,0.684234082,0.084865737,2.121527494,0.05393875,1.348395063,0.364422537,0.303087262,0.086373932,2.159230296,0.053893633,1.347267188,0.376042847,0.265821558
coated_50_3,TRUE,TRUE,131,0.441883,0.27715,2.542105,2.02807,1.83881,0.0152121,2.166607906,0,0.413664518,(1.6+0j),1.15,0.115483761,0.036497211,0.604978622,0.030722825,0.509262276,0.158214426,0.490487582,0.04201779,0.696487866,0.031835315,0.527702932,0.242337221,0.128408409,0.044362472,0.735353383,0.033071774,0.548198503,0.254510123,0.101756696
coated_50_4,TRUE,TRUE,131,0.434295,0.266558,2.25958,1.83972,1.84434,0.0232845,2.14708726,0,0.419118992,(1.6+0j),0.55,0.256508134,0.107796385,1.931660822,0.068910767,1.234848723,0.360732117,0.704038841,0.138580447,2.483296834,0.072805959,1.304648757,0.474630363,0.548543057,0.128532228,2.303237437,0.070296187,1.259674815,0.453085125,0.498252558
coated_50_5,TRUE,TRUE,131,0.451878,0.308218,3.495505,2.66367,1.85919,0.0223566,2.191697014,0,0.39579145,(1.6+0j),0.55,0.280887619,0.153145325,2.052569482,0.076221412,1.021577017,0.502293576,0.729099906,0.191998823,2.573313439,0.082848508,1.110398364,0.568494709,0.608825893,0.16811964,2.253266567,0.082570052,1.106666291,0.508861354,0.595641239
coated_50_6,TRUE,TRUE,131,0.469798,0.342884,4.810555,3.54037,1.90487,0.0196443,2.336463519,0,0.382190482,(1.6+0j),0.45,0.413457957,0.274941353,2.977527247,0.104231531,1.128794267,0.620895403,0.846799983,0.304286448,3.295325277,0.109035074,1.180815105,0.641669636,0.730971922,0.250552922,2.713408306,0.103294005,1.118641157,0.587735781,0.677039544
coated_50_7,TRUE,TRUE,131,0.553165,0.464062,11.91817,8.27878,1.89327,0.015379,3,0,0.357218581,(1.6+0.05856j),1.15,0.18217046,0.178482026,1.055243269,0.077215918,0.456525398,0.567374262,0.534293819,0.191148096,1.13012916,0.079660774,0.470980177,0.583251018,0.3925539,0.197170707,1.165736778,0.084709862,0.500832008,0.570372988,0.353475192
coated_50_8,TRUE,TRUE,131,0.943514,0.880654,81.55705,54.7047,1.97645,0.0149417,3,0,0.340766621,(1.6+0.21587j),0.45,0.581835226,1.60357731,2.6326274,0.847458234,1.391290432,0.471520189,0.964023555,1.525695137,2.504766559,0.821993407,1.349484277,0.461233514,0.876358145,1.532483339,2.515910897,0.822822121,1.350844795,0.463079238,0.876642378
coated_50_9,TRUE,TRUE,131,0.779208,0.737516,47.92345,32.2823,1.98752,0.0124517,3,0,0.339622802,(1.6+0.07307j),1,0.290219823,1.24307869,2.909818139,0.324179357,0.758844136,0.739212521,0.819858328,1.265877225,2.963185309,0.321808754,0.75329499,0.745782018,0.695281427,1.226982535,2.872140007,0.327486128,0.766584678,0.733096341,0.680534163
coated_50_10,TRUE,TRUE,131,0.925209,0.87857,81.034,54.356,2.08903,0.0132434,3,0,0.338914115,(1.6+0j),0.4,0.869985904,1.327718235,2.190096744,0.158753212,0.261866474,0.880431549,0.730993593,1.279252116,2.110150948,0.248800532,0.410401258,0.805510948,0.501828736,1.222316605,2.01623473,0.11132406,0.183631176,0.908923712,0.327219696
coated_51_1,TRUE,TRUE,221,0.512439,0.241836,1,1,1.79091,0.0140345,1.90283495,0,0.472440826,(1.6+0j),0.3,0.376654111,0.226369802,4.92818166,0.145673051,3.171373788,0.356481963,0.901643731,0.132675355,2.888407578,0.070747132,1.540199781,0.466765081,0.703267218,0.132675355,2.888407578,0.070747132,1.540199781,0.466765081,0.703267218
coated_51_2,TRUE,TRUE,221,0.531847,0.27364,1.45021,1.30014,1.78283,0.0204669,1.861276414,0,0.448529263,(1.6+0j),1.05,0.108752951,0.05793862,0.98518797,0.051406251,0.874111605,0.112746368,0.64151535,0.0744287,1.265585208,0.055341201,0.941021476,0.256453481,0.157445493,0.076766054,1.305329554,0.056195886,0.955554531,0.267959169,0.134271366
coated_51_3,TRUE,TRUE,221,0.531342,0.279588,1.54447,1.36298,1.76724,0.0127884,1.878896647,0,0.443406083,(1.6+0.1025j),0.7,0.167466931,0.108400665,1.765651598,0.085840364,1.398184926,0.208119582,0.730921178,0.147270627,2.398773265,0.088491582,1.441368495,0.399122662,0.400670816,0.146519635,2.386540959,0.087101193,1.418721551,0.405532285,0.358517515
coated_51_4,TRUE,TRUE,221,0.544101,0.328298,2.50228,2.00152,1.81674,0.00951138,2.063092972,0,0.41333381,(1.6+0.12433j),1.05,0.145320559,0.089264694,1.054516461,0.072879356,0.860950477,0.183558997,0.675539871,0.113850869,1.344961944,0.076748968,0.906663623,0.325881578,0.231780325,0.11928599,1.409169015,0.079247984,0.936185402,0.335647185,0.190208391
coated_51_5,TRUE,TRUE,221,0.541934,0.344742,2.89801,2.26534,1.82747,0.0195685,2.029476529,0,0.40333726,(1.6+0.23614j),0.5,0.318910677,0.297425168,3.186393738,0.175784321,1.883223484,0.408979668,0.838126427,0.272089654,2.914967746,0.141672108,1.517770409,0.479318284,0.702490513,0.245369685,2.628709718,0.138640931,1.485296617,0.434971231,0.713345757
coated_51_6,TRUE,TRUE,221,0.558984,0.372342,3.651505,2.76767,1.91792,0.0106833,2.117505207,0,0.394041567,(1.6+0.73094j),0.3,0.711528971,0.465126942,4.271668681,0.258448374,2.373558108,0.444348735,0.938451617,0.290153649,2.664735462,0.151489434,1.391260351,0.477899262,0.798902981,0.285185047,2.61910443,0.151814785,1.394248329,0.467662185,0.808703849
coated_51_7,TRUE,TRUE,221,1.01071,0.88307,48.71155,32.8077,1.89724,0.0172332,3,0,0.347875561,(1.6+0.0693j),1,0.220417115,2.085797163,3.405586606,0.513383261,0.838226836,0.753867121,0.864686607,2.132271606,3.481467782,0.503443877,0.821998301,0.763893176,0.740694142,2.051339796,3.349326319,0.499303163,0.815237548,0.75659656,0.701126627
coated_51_8,TRUE,TRUE,221,0.943368,0.847804,43.1314,29.0876,1.94138,0.0165628,3,0,0.344991816,(1.6+0.15173j),0.7,0.398466154,1.869269284,3.311243096,0.766634985,1.358025205,0.589874508,0.921034946,1.799194615,3.187112096,0.755150059,1.337680687,0.580284393,0.809566541,1.795570564,3.180692415,0.747783319,1.324631166,0.583539999,0.798330737
coated_51_9,TRUE,TRUE,221,1.08547,1.012226,73.41565,49.2771,1.98233,0.0109748,3,0,0.340540659,(1.6+0j),0.6,0.511307577,2.362736434,2.936097141,0.215829508,0.26820444,0.908652736,0.783200491,1.876380166,2.331717732,0.233878912,0.290633858,0.875356329,0.501705971,2.025140719,2.516577723,0.144808168,0.179948487,0.928494763,0.487580199
coated_51_10,TRUE,TRUE,221,1.03881,0.960452,62.785,42.19,2.15231,0.0273912,3,0,0.341558019,(1.6+0j),0.35,1.162320629,1.89922238,2.621407922,0.25736499,0.355228872,0.864489281,0.870567296,2.129921704,2.93983142,0.354663632,0.489525641,0.833485132,0.788965997,1.918429929,2.647919204,0.147293223,0.203301954,0.923221995,0.678872319
coated_52_1,TRUE,TRUE,223,0.493352,0.24253,1,1,1.77519,0.0151355,1.887523626,0,0.464668996,(1.6+0j),1.1,0.096021968,0.046429129,1.00500846,0.04301601,0.931127833,0.073512444,0.63927207,0.057593538,1.24667411,0.045991645,0.995538668,0.201444339,0.108391805,0.057593538,1.24667411,0.045991645,0.995538668,0.201444339,0.108391805
coated_52_2,TRUE,TRUE,223,0.50873,0.269386,1.37056,1.24704,1.75683,0.0169556,1.882550276,0,0.444447389,(1.6+0j),0.65,0.165096109,0.108192447,1.898265778,0.084810671,1.488026182,0.216112833,0.699759319,0.145681131,2.556014899,0.085554955,1.501084856,0.412724528,0.423794836,0.143707796,2.521392188,0.083511591,1.465233475,0.418879188,0.385135278
coated_52_3,TRUE,TRUE,223,0.506113,0.278648,1.51627,1.34418,1.77428,0.00731915,1.93650678,0,0.435821594,(1.6+0j),1.15,0.113923858,0.054132676,0.887682697,0.048003023,0.787166939,0.113233882,0.571574217,0.065088669,1.067342123,0.05033626,0.825428013,0.226650954,0.133720478,0.066982951,1.098405084,0.051050317,0.837137316,0.237861033,0.112859668
coated_52_4,TRUE,TRUE,223,0.514031,0.300054,1.893805,1.59587,1.79998,0.0182302,2.001613481,0,0.422381959,(1.6+0j),1.1,0.142403441,0.064218798,0.908183171,0.054129235,0.765496425,0.157112299,0.616256864,0.07906153,1.1180893,0.056927116,0.805064101,0.279964399,0.172426508,0.083453334,1.180198258,0.058929108,0.833376295,0.293867544,0.138130874
coated_52_5,TRUE,TRUE,223,0.51364,0.323782,2.380225,1.92015,1.83351,0.015176,1.857334069,0,0.406888257,(1.6+0.01247j),1.2,0.150504472,0.065337279,0.793534409,0.052958623,0.643193133,0.189457791,0.504207059,0.076660012,0.931051278,0.054823773,0.665845756,0.284845237,0.16550893,0.081689823,0.992139337,0.057404788,0.697192706,0.297283476,0.130566976
coated_52_6,TRUE,TRUE,223,0.547192,0.393806,4.2829,3.1886,1.88778,0.0214426,2.097299247,0,0.381277419,(1.6+0.00196j),1.2,0.186905007,0.096022617,0.788349872,0.06062005,0.497693253,0.368689879,0.49706156,0.112817742,0.926238576,0.062668701,0.514512763,0.444513782,0.24905475,0.124057581,1.01851814,0.069413163,0.56988509,0.440476249,0.196664734
coated_52_7,TRUE,TRUE,223,0.680112,0.559476,12.286225,8.52415,1.93224,0.0174087,3,0,0.358004535,(1.6+0j),1.15,0.239583811,0.341366474,1.388570909,0.089741953,0.365041898,0.737109646,0.660675614,0.385917213,1.569789234,0.096467771,0.392400397,0.750029884,0.567307312,0.375661441,1.528071994,0.102712146,0.417800543,0.726583208,0.520571782
coated_52_8,TRUE,TRUE,223,1.03969,0.966498,63.3718,42.5812,1.94258,0.0172464,3,0,0.340973651,(1.6+0j),0.6,0.502073951,2.464957805,3.35983298,0.216643302,0.295293213,0.912110746,0.823228268,2.018979329,2.75194704,0.222314675,0.303023514,0.889887592,0.587280715,2.226468497,3.034762814,0.142603543,0.194374154,0.935950792,0.569163367
coated_52_9,TRUE,TRUE,223,1.00175,0.93751,57.86455,38.9097,2.09785,0.0201537,3,0,0.340337034,(1.6+0.00078j),0.95,0.4176753,2.696909753,3.906831806,0.168859365,0.244615207,0.937387833,0.83317108,2.749659023,3.983246128,0.158844351,0.23010713,0.942231255,0.686712592,2.603786392,3.771930255,0.142592625,0.206564347,0.945236435,0.63614938
coated_52_10,TRUE,TRUE,223,0.881653,0.825804,39.56305,26.7087,2.27563,0.0216185,3,0,0.340538571,(1.6+0.01626j),0.9,0.554101008,1.937955932,3.618262336,0.251646554,0.469836922,0.870148464,0.835042958,1.996301499,3.727196478,0.237031296,0.44254949,0.881264781,0.710242517,1.878540868,3.507331388,0.229940136,0.429309933,0.877596416,0.646240773
coated_53_1,TRUE,TRUE,164,0.429464,0.21891,1,1,1.75029,0.021497,1.935490491,0,0.46548313,(1.6+0j),0.5,0.194564422,0.089912778,2.388913005,0.070048939,1.861146147,0.220923431,0.789013541,0.107195696,2.848106769,0.060946491,1.619301156,0.43144647,0.426866206,0.107195696,2.848106769,0.060946491,1.619301156,0.43144647,0.426866206
coated_53_2,TRUE,TRUE,164,0.450783,0.246366,1.42486,1.28324,1.75549,0.0104218,1.935638532,0,0.444112244,(1.6+0j),1.2,0.081074662,0.035714436,0.749190697,0.032848408,0.689069295,0.080248463,0.535950346,0.039579512,0.830269346,0.033072128,0.693762331,0.164412929,0.093868652,0.039983768,0.83874953,0.033085965,0.694052598,0.172515068,0.081134982
coated_53_3,TRUE,TRUE,164,0.45166,0.261158,1.697485,1.46499,1.74325,0.0156046,1.993603374,0,0.430656047,(1.6+0.1j),1.05,0.109849165,0.05030012,0.939014882,0.04416661,0.824513014,0.121938289,0.526488588,0.058472587,1.091580485,0.044912692,0.838441052,0.231901757,0.140176188,0.060063885,1.121287208,0.045570139,0.850714439,0.241305498,0.118891
coated_53_4,TRUE,TRUE,164,0.462243,0.286474,2.24071,1.82714,1.79693,0.0157352,2.085227076,0,0.414338792,(1.6+0j),1.05,0.124595391,0.052504002,0.814576924,0.043058529,0.668034488,0.179900058,0.522466073,0.0633032,0.982121821,0.045036461,0.698721241,0.288559498,0.170508936,0.067540754,1.047865644,0.047161445,0.731689452,0.301733522,0.134079363
coated_53_5,TRUE,TRUE,164,0.464823,0.314306,2.96086,2.30724,1.86517,0.0255634,2.002975035,0,0.396603123,(1.6+0.09652j),1.05,0.160410476,0.074099963,0.955042645,0.056851422,0.732733597,0.232773949,0.473151415,0.085486691,1.101801306,0.058099363,0.748817782,0.320369491,0.206937348,0.090418551,1.165365934,0.060640168,0.781565128,0.329339305,0.167836701
coated_53_6,TRUE,TRUE,164,0.492673,0.367886,4.74562,3.49708,1.84943,0.0254579,1.852661154,0,0.377209938,(1.6+0j),1.05,0.167754271,0.089432942,0.841358551,0.052494285,0.493850638,0.413031891,0.528990605,0.106979599,1.006432291,0.054522426,0.512930787,0.490347447,0.28938653,0.11701542,1.100846315,0.060840207,0.572366592,0.480066759,0.229552447
coated_53_7,TRUE,TRUE,164,0.962223,0.866538,62.07985,41.7199,1.90186,0.0128158,3,0,0.344684979,(1.6+0j),0.35,0.631957905,1.39709918,2.368984022,0.21364909,0.362272978,0.847076648,0.822582247,1.465450562,2.48488369,0.270423777,0.458542682,0.815467145,0.734262469,1.220154967,2.06894948,0.120003852,0.203483914,0.901648679,0.583907945
coated_53_8,TRUE,TRUE,164,0.93517,0.843316,57.2338,38.4892,1.96169,0.0161904,3,0,0.344638114,(1.6+0.11493j),1.1,0.232498179,1.650298626,2.954554303,0.540070796,0.966896821,0.672743595,0.835734585,1.712392356,3.065721636,0.554351417,0.992463629,0.676270795,0.729308369,1.671892276,2.993213737,0.559139023,1.001034952,0.665565162,0.716992312
coated_53_9,TRUE,TRUE,164,0.825324,0.764592,42.67945,28.7863,2.00976,0.0128032,3,0,0.341968552,(1.6+0.07067j),0.8,0.355595542,1.623261611,3.53540472,0.425206134,0.926083487,0.738054463,0.875345588,1.628402913,3.546602288,0.413902959,0.901465582,0.74582276,0.743617975,1.554724818,3.386134078,0.400670608,0.872646003,0.742288408,0.700609559
coated_53_10,TRUE,TRUE,164,0.906279,0.83403,55.3507,37.2338,2.16044,0.0167291,3,0,0.342450573,(1.6+0j),0.65,0.58287833,2.237561448,4.095639704,0.145441409,0.266216425,0.935000038,0.847280626,2.261121672,4.138764414,0.183399242,0.335694565,0.918890149,0.67630314,2.321889236,4.249993559,0.126904149,0.232285765,0.945344443,0.632767973
coated_54_1,TRUE,TRUE,217,0.473107,0.240354,1,1,1.84581,0.0180365,1.94437797,0,0.45921558,(1.6+0j),0.3,0.382970425,0.220754834,4.865389711,0.142012865,3.129933426,0.356694199,0.893926187,0.131138201,2.89025814,0.069935147,1.541355807,0.466706525,0.701373563,0.131138201,2.89025814,0.069935147,1.541355807,0.466706525,0.701373563
coated_54_2,TRUE,TRUE,217,0.469385,0.258598,1.24591,1.16394,1.82711,0.0186733,1.939005021,0,0.439803919,(1.6+0.00094j),1.15,0.105989052,0.049357784,0.939756731,0.044784659,0.852685874,0.09265255,0.61205538,0.057227637,1.089596273,0.045784347,0.871719617,0.199960904,0.114046517,0.057867357,1.101776349,0.045905396,0.874024355,0.206713454,0.102902872
coated_54_3,TRUE,TRUE,217,0.486451,0.28142,1.60597,1.40398,1.89481,0.0138402,2.04481667,0,0.426840377,(1.6+0.00406j),0.9,0.170011276,0.077267907,1.242222381,0.062158083,0.99930443,0.195551098,0.601599617,0.101231121,1.627474707,0.067851866,1.090842363,0.329733139,0.238988635,0.105475689,1.69571387,0.069219915,1.112836246,0.343735835,0.198233005
coated_54_4,TRUE,TRUE,217,0.483982,0.296546,1.879465,1.58631,1.91676,0.0205976,2.145587328,0,0.414838811,(1.6+0.24856j),0.4,0.442101223,0.267706904,3.876015894,0.156738986,2.269357986,0.414512724,0.861774264,0.203018809,2.939424124,0.107462478,1.555904107,0.470677234,0.711003686,0.186360551,2.698236193,0.10472277,1.516237025,0.43806364,0.72139991
coated_54_5,TRUE,TRUE,217,0.492946,0.332118,2.640295,2.09353,1.97243,0.0214624,2.378223951,0,0.395525415,(1.6+0.18073j),0.6,0.341685427,0.224098391,2.586807004,0.136386214,1.57432997,0.391400299,0.779963311,0.229918847,2.653993558,0.122059892,1.408958726,0.469117504,0.604085827,0.211877346,2.445737348,0.118850923,1.371917041,0.439057901,0.597246519
coated_54_6,TRUE,TRUE,217,0.5075,0.373558,3.75865,2.8391,2.05742,0.0237008,2.230351306,0,0.379050559,(1.6+0j),0.5,0.533418007,0.336961182,3.074495832,0.140735389,1.284095591,0.58233946,0.839243228,0.352953485,3.220412548,0.142395017,1.299238341,0.596561521,0.728303004,0.287921422,2.627048033,0.135835015,1.239383673,0.528221922,0.697322554
coated_54_7,TRUE,TRUE,217,0.659237,0.566584,13.103785,9.06919,2.11202,0.0190159,3,0,0.352379263,(1.6+0j),0.65,0.443501706,0.869083859,3.447015137,0.173708517,0.688973662,0.800124562,0.838902575,0.926765853,3.675797095,0.166327263,0.659697665,0.820529358,0.724446551,0.843871833,3.347017613,0.145724997,0.577983661,0.827313828,0.616866685
coated_54_8,TRUE,TRUE,217,0.779492,0.708578,25.6642,17.4428,2.1899,0.0271329,3,0,0.344394531,(1.6+0j),0.95,0.371467196,1.16182113,2.946280294,0.134019615,0.339862428,0.884646947,0.796720869,1.228635265,3.115715298,0.133402723,0.338298042,0.89142203,0.671601243,1.131223731,2.868687872,0.132810096,0.336795191,0.882596084,0.621159097
coated_54_9,TRUE,TRUE,217,1.09076,1.027786,78.35755,52.5717,2.26941,0.0161416,3,0,0.339439571,(1.6+0.00569j),0.65,0.616265496,2.60934258,3.145109892,0.307527217,0.37067072,0.882143794,0.814295418,2.455454173,2.95962411,0.320773544,0.38663687,0.869362846,0.613091667,2.655114173,3.200279608,0.251562804,0.303215327,0.905253489,0.590815587
coated_54_10,TRUE,TRUE,217,0.625005,0.567036,13.16728,9.11152,2.45382,0.0178338,3,0,0.345569837,(1.6+0.2021j),0.85,0.592987134,0.660208757,2.614388562,0.315709179,1.250190121,0.521804012,0.812772781,0.675434999,2.674683598,0.309602984,1.226009941,0.541624309,0.682368219,0.639929679,2.534084582,0.310002391,1.22759157,0.515568037,0.682878694
coated_55_1,TRUE,TRUE,188,0.455143,0.229192,1,1,1.82391,0.0127034,1.92055792,0,0.464333159,(1.6+0j),1.15,0.109740677,0.037086536,0.898933333,0.034482298,0.835809714,0.070220579,0.591371412,0.042837557,1.038331203,0.03579041,0.867516791,0.1645086,0.087733489,0.042837557,1.038331203,0.03579041,0.867516791,0.1645086,0.087733489
coated_55_2,TRUE,TRUE,188,0.453293,0.247054,1.25371,1.16914,1.81553,0.0180511,1.900145332,0,0.444448585,(1.6+0.10656j),1.2,0.106404225,0.041016068,0.855618882,0.037779328,0.788098627,0.078913938,0.561101795,0.045588378,0.950999913,0.03799882,0.792677352,0.1664801,0.094081295,0.045737274,0.954105966,0.037929747,0.791236439,0.170703813,0.086345022
coated_55_3,TRUE,TRUE,188,0.471939,0.2696,1.63018,1.42012,1.81132,0.0150024,1.924362964,0,0.431148284,(1.6+0j),0.65,0.215261764,0.099739559,1.747180548,0.074847599,1.311137425,0.249569584,0.736052406,0.136701696,2.39466213,0.079910313,1.399823161,0.415440223,0.435641285,0.134689697,2.359417088,0.077965862,1.365761372,0.421144579,0.38006272
coated_55_4,TRUE,TRUE,188,0.474626,0.283208,1.88872,1.59248,1.88223,0.0147449,2.099230843,0,0.421268235,(1.6+0j),0.75,0.252292699,0.093089646,1.477748276,0.068436704,1.08639603,0.264830115,0.700525065,0.124921158,1.983056483,0.075251181,1.194572199,0.397610603,0.36796088,0.12746642,2.023461163,0.075465526,1.197974815,0.407957594,0.301378212
coated_55_5,TRUE,TRUE,188,0.483548,0.310482,2.48833,1.99222,1.9371,0.0107402,2.29272148,0,0.405396351,(1.6+0j),0.55,0.40755847,0.182897955,2.415717319,0.10046222,1.326905623,0.450719829,0.777961932,0.204452586,2.700411019,0.098456657,1.300416131,0.518437704,0.609513654,0.179962654,2.37694785,0.095277086,1.258420347,0.470573009,0.597915553
coated_55_6,TRUE,TRUE,188,0.496908,0.348854,3.53206,2.68804,1.98139,0.0139285,2.48942883,0,0.387779056,(1.6+0.21866j),0.4,0.634938731,0.34501549,3.609618459,0.179022788,1.872970862,0.481116666,0.883658058,0.282929519,2.960063076,0.143057068,1.496690582,0.494372065,0.764835284,0.250667795,2.622534718,0.140357423,1.468446377,0.440065992,0.784489983
coated_55_7,TRUE,TRUE,188,0.632751,0.517418,11.51908,8.01272,2.02162,0.0186484,3,0,0.359534916,(1.6+0.19514j),0.8,0.34724238,0.535831733,2.548328918,0.258416827,1.228988564,0.517727655,0.813972314,0.550887253,2.61993053,0.252919424,1.202843808,0.540887136,0.66835348,0.520493653,2.475383495,0.253615166,1.206152643,0.512741098,0.671489375
coated_55_8,TRUE,TRUE,188,1.03291,0.944348,70.0927,47.0618,2.09676,0.0177929,3,0,0.342784262,(1.6+0.30706j),0.3,1.149604897,1.80076809,2.571010054,0.912144472,1.302295738,0.493469216,0.981914834,1.673153152,2.388810419,0.838239189,1.196778972,0.499006299,0.907931742,1.673782725,2.38970928,0.839542723,1.198640066,0.498415947,0.909021235
coated_55_9,TRUE,TRUE,188,0.960036,0.891956,59.1229,39.7486,2.26641,0.0268351,3,0,0.341230804,(1.6+0j),0.85,0.525527238,2.525386788,4.041579818,0.139505573,0.223262002,0.94475873,0.833363486,2.769184386,4.431748745,0.157462006,0.251999127,0.943137768,0.709406762,2.71004745,4.337107145,0.121698039,0.194763171,0.955093761,0.66812835
coated_55_10,TRUE,TRUE,188,0.666289,0.59755,17.7664,12.1776,2.29137,0.018644,3,0,0.346756314,(1.6+0.05016j),0.75,0.610262674,0.861968234,3.073639142,0.233372191,0.832167442,0.729256623,0.838207588,0.946376963,3.374627001,0.24254951,0.864892275,0.743707297,0.734409304,0.876489897,3.12542104,0.236881382,0.844680649,0.729738606,0.676754265
coated_56_1,TRUE,TRUE,184,0.4573,0.227492,1,1,1.82716,0.0133404,1.934382408,0,0.467228599,(1.6+0j),0.45,0.249900435,0.115694339,2.846360925,0.086706037,2.133178494,0.250559381,0.834865898,0.118272216,2.909782954,0.065628748,1.614626133,0.445104271,0.522747621,0.118272216,2.909782954,0.065628748,1.614626133,0.445104271,0.522747621
coated_56_2,TRUE,TRUE,184,0.473229,0.247386,1.28629,1.19086,1.81494,0.0143709,1.884352277,0,0.451994965,(1.6+0.0643j),0.55,0.205352933,0.109099867,2.269781766,0.083107628,1.729022985,0.238242631,0.794251371,0.130989783,2.725193239,0.074739174,1.554920457,0.42942745,0.466842536,0.12815113,2.666136143,0.072944592,1.517584849,0.43079244,0.442604477
coated_56_3,TRUE,TRUE,184,0.48147,0.266446,1.608085,1.40539,1.81124,0.0135424,1.967381922,0,0.437338462,(1.6+0.10021j),0.7,0.174362032,0.090493322,1.622961583,0.071866209,1.288891754,0.205839641,0.733268342,0.125000596,2.241835769,0.076691876,1.375438164,0.386467919,0.367391442,0.125705853,2.254484265,0.076064354,1.364183814,0.394902047,0.322313979
coated_56_4,TRUE,TRUE,184,0.480753,0.282704,1.919725,1.61315,1.85963,0.0133112,2.084284854,0,0.423838323,(1.6+0j),0.6,0.253257883,0.123818514,1.972567156,0.084220105,1.341720298,0.319810079,0.760899893,0.158874845,2.531053656,0.086662675,1.380633162,0.454522365,0.525333811,0.149694312,2.384797513,0.083359741,1.328013744,0.443133542,0.475266674
coated_56_5,TRUE,TRUE,184,0.487311,0.308018,2.482075,1.98805,1.88108,0.0148369,2.18721723,0,0.408244594,(1.6+0j),1.2,0.137323387,0.0514613,0.690619251,0.041777955,0.56066714,0.188167519,0.442006836,0.059903688,0.803917502,0.04382097,0.588084747,0.268476249,0.147617263,0.063789247,0.856062359,0.045874608,0.615644911,0.280841046,0.116244624
coated_56_6,TRUE,TRUE,184,0.616493,0.487912,9.867775,6.91185,1.96343,0.0192081,1.622754767,0,0.364505931,(1.6+0j),0.35,0.665252635,0.715019487,3.82423875,0.212581116,1.13697732,0.702691857,0.917991438,0.571691395,3.057657066,0.199444371,1.066716233,0.651132809,0.734618413,0.640606328,3.426244443,0.132412368,0.708199593,0.793301498,0.63349828
coated_56_7,TRUE,TRUE,184,1.11813,1.033474,93.83425,62.8895,2.0546,0.0214205,3,0,0.341403906,(1.6+0.05003j),0.75,0.392145492,2.938735507,3.503253049,0.770248967,0.918210243,0.737897825,0.894981006,2.826963842,3.370010562,0.731510637,0.872030458,0.741238064,0.738395918,2.87989739,3.4331124,0.723349999,0.862302198,0.748827857,0.72966712
coated_56_8,TRUE,TRUE,184,0.842106,0.769478,38.75845,26.1723,2.11689,0.0293722,3,0,0.343501142,(1.6+0j),1.05,0.320286206,1.331989577,2.864300179,0.104938802,0.225659596,0.921216499,0.783166623,1.38021031,2.967993674,0.102355336,0.22010413,0.925840769,0.650688291,1.312493401,2.82237575,0.113317055,0.243676126,0.913662762,0.620807696
coated_56_9,TRUE,TRUE,184,1.07623,1.012032,88.16155,59.1077,2.23296,0.0296627,3,0,0.339678853,(1.6+0.01486j),0.7,0.569311564,2.892891057,3.596281738,0.405303251,0.503850526,0.859896815,0.851415934,2.577624238,3.204359512,0.398601216,0.495518928,0.845361007,0.660148736,2.643494901,3.286246267,0.362665848,0.450846071,0.862808191,0.635152691
coated_56_10,TRUE,TRUE,184,1.06943,0.986274,81.6142,54.7428,2.3417,0.0174648,3,0,0.341752001,(1.6+0.30233j),0.3,1.530197332,1.890418001,2.474416448,0.951870019,1.245927001,0.496476431,0.983166105,1.817000146,2.378317941,0.907103582,1.187331067,0.50076857,0.909568378,1.817673595,2.379199435,0.908280011,1.188870926,0.500306318,0.910444713
coated_57_1,TRUE,TRUE,172,0.442421,0.222392,1,1,1.83118,0.0152181,1.900646902,0,0.466976667,(1.6+0.58843j),0.3,0.330688247,0.174936918,4.503532157,0.11678705,3.006536531,0.332404782,0.886913014,0.11350825,2.922127924,0.060537691,1.558467142,0.466667038,0.678008786,0.11350825,2.922127924,0.060537691,1.558467142,0.466667038,0.678008786
coated_57_2,TRUE,TRUE,172,0.462518,0.245242,1.34026,1.22684,1.83433,0.0155801,1.907313899,0,0.44995623,(1.6+0j),1.1,0.090195401,0.040926245,0.866407731,0.037084813,0.785084701,0.093862308,0.557496075,0.047788201,1.01167519,0.038463524,0.814271982,0.195125085,0.111938595,0.048482868,1.026381281,0.038626016,0.817711942,0.203305869,0.098358162
coated_57_3,TRUE,TRUE,172,0.464866,0.256182,1.527175,1.35145,1.83367,0.0128794,1.916466618,0,0.440290483,(1.6+0j),1.15,0.086712326,0.04060567,0.78777026,0.036552456,0.709135872,0.099818935,0.532685726,0.046848163,0.908877727,0.037774504,0.732844208,0.193682289,0.111399183,0.047841252,0.928144154,0.038090169,0.738968267,0.203821665,0.094183025
coated_57_4,TRUE,TRUE,172,0.464178,0.286506,2.137615,1.75841,1.88808,0.0204321,2.142108562,0,0.41502252,(1.6+0.18746j),0.75,0.186512423,0.103724905,1.608887661,0.078571655,1.21873302,0.242499617,0.688591308,0.132891306,2.061290707,0.082290956,1.276423478,0.380764938,0.368565845,0.134274554,2.082746402,0.082304409,1.276632154,0.38704388,0.320535052
coated_57_5,TRUE,TRUE,172,0.477091,0.30861,2.67169,2.11446,1.94565,0.0190292,2.348768809,0,0.404403084,(1.6+0.04839j),0.85,0.209365669,0.092970586,1.242898602,0.064357158,0.860373427,0.30776861,0.587492947,0.118324943,1.581854139,0.070978365,0.948890542,0.400140305,0.331070353,0.123607084,1.652469649,0.073320067,0.980196122,0.406829576,0.26449476
coated_57_6,TRUE,TRUE,172,0.958943,0.86551,58.93315,39.6221,1.9406,0.01892,3,0,0.344447848,(1.6+0.17894j),0.5,0.394739528,1.721808134,2.926514591,0.850210201,1.445081196,0.506210835,0.954929599,1.524430155,2.591036133,0.810440965,1.377486413,0.468364646,0.849328263,1.554729684,2.642535493,0.809321103,1.375583011,0.479445777,0.847507045
coated_57_7,TRUE,TRUE,172,1.02577,0.941166,75.79885,50.8659,1.94064,0.0166678,3,0,0.342418488,(1.6+0j),1.05,0.199078344,2.607760241,3.748394732,0.120980008,0.173896671,0.953607695,0.833847653,2.708622846,3.893374646,0.101021542,0.14520837,0.962703725,0.700794036,2.603732631,3.742605445,0.121670905,0.174889766,0.953270584,0.658538525
coated_57_8,TRUE,TRUE,172,0.672256,0.609918,20.62945,14.0863,2.07079,0.017754,3,0,0.345239697,(1.6+0j),1.1,0.248910074,0.535781034,1.833810918,0.084606078,0.289580146,0.842088329,0.725257964,0.608560821,2.082913367,0.089831934,0.307466615,0.852386268,0.611596564,0.595481915,2.038148359,0.094147654,0.322237976,0.841896702,0.594104774
coated_57_9,TRUE,TRUE,172,0.772278,0.68327,29.02255,19.6817,2.09629,0.0181122,3,0,0.347716001,(1.6+0.1926j),0.5,0.573966141,1.174527011,3.203232203,0.537603574,1.466180908,0.542280792,0.935163822,1.05663802,2.88171911,0.511512509,1.395023975,0.515905638,0.830578464,1.077065913,2.937431141,0.509955914,1.390778749,0.526532306,0.831318077
coated_57_10,TRUE,TRUE,172,1.06828,0.99759,90.3379,60.5586,2.26556,0.0122506,3,0,0.340428372,(1.6+0.1792j),0.5,0.767221392,2.022302711,2.587331695,1.073967933,1.374033301,0.468938094,0.962610481,1.9411869,2.483552222,1.053515169,1.34786606,0.457282981,0.870819312,1.949847003,2.494631947,1.054793948,1.349502129,0.459037582,0.870922897
coated_58_1,TRUE,TRUE,184,0.442135,0.227528,1,1,1.81882,0.0133511,1.924585006,0,0.460719494,(1.6+0j),0.55,0.170515059,0.089412712,2.199073202,0.071566566,1.760153719,0.199592939,0.800056403,0.114303567,2.811254753,0.066160708,1.627198596,0.421184226,0.391791601,0.114303567,2.811254753,0.066160708,1.627198596,0.421184226,0.391791601
coated_58_2,TRUE,TRUE,184,0.44804,0.24736,1.28503,1.19002,1.79493,0.013058,1.862787404,0,0.442014098,(1.6+0j),1.2,0.084088855,0.039788921,0.827967594,0.03646109,0.75871875,0.083637144,0.534702315,0.043665004,0.908624998,0.036356687,0.756546246,0.167372406,0.094806583,0.043969401,0.914959197,0.036325523,0.755897756,0.173845393,0.084720387
coated_58_3,TRUE,TRUE,184,0.46393,0.26556,1.59091,1.39394,1.80936,0.0155877,1.976623645,0,0.431573211,(1.6+0.15126j),0.8,0.144437697,0.080393531,1.451462778,0.065835797,1.188630565,0.181080919,0.660925451,0.105665622,1.907737045,0.069483298,1.254484269,0.342422861,0.271388068,0.108095019,1.951598525,0.070058079,1.264861641,0.351884301,0.237125639
coated_58_4,TRUE,TRUE,184,0.460894,0.290782,2.08897,1.72598,1.91054,0.0175211,2.171915075,0,0.41073004,(1.6+0.0253j),0.6,0.252160101,0.136055232,2.048756415,0.087981795,1.324853623,0.353337657,0.762227152,0.168404626,2.535882331,0.090463109,1.362217915,0.462822901,0.542644778,0.157184356,2.366924475,0.087160156,1.31248116,0.4454909,0.498518686
coated_58_5,TRUE,TRUE,184,0.462404,0.31726,2.71264,2.14176,1.94619,0.0108475,2.407216137,0,0.393971681,(1.6+0j),0.35,0.519256887,0.311471531,3.940014648,0.143452616,1.814629438,0.539435865,0.889588568,0.248399414,3.142172663,0.116809084,1.477597333,0.529752979,0.765510487,0.203559121,2.574957383,0.10949902,1.385127376,0.462077553,0.772275883
coated_58_6,TRUE,TRUE,184,0.486813,0.356984,3.86809,2.91206,1.96878,0.0150175,1.957786019,0,0.380571923,(1.6+0.18859j),0.5,0.397492753,0.311414855,3.111372014,0.160694029,1.60550756,0.483987272,0.840203214,0.294628633,2.943659454,0.145713883,1.455839659,0.505432037,0.717203875,0.261510239,2.612770796,0.14322497,1.430972728,0.452316013,0.724863618
coated_58_7,TRUE,TRUE,184,1.05162,0.977576,79.45,53.3,2.01122,0.0151576,3,0,0.340947704,(1.6+0.1646j),0.65,0.342603548,2.236638127,2.979921205,1.053465805,1.403555208,0.528995866,0.941811211,2.122013511,2.827204359,1.037444245,1.382209338,0.511103846,0.829780974,2.156723738,2.873449543,1.036396789,1.380813791,0.519457791,0.828300228
coated_58_8,TRUE,TRUE,184,0.902567,0.823488,47.48455,31.9897,2.16824,0.0172896,3,0,0.343438454,(1.6+0j),1.15,0.273052682,1.51149128,2.837926966,0.103161444,0.193692579,0.931748568,0.778736975,1.508079282,2.831520709,0.090899109,0.170669217,0.939725245,0.631475518,1.459736743,2.740754328,0.107029977,0.20095601,0.926678576,0.612210416
coated_58_9,TRUE,TRUE,184,0.790183,0.729132,32.9929,22.3286,2.27361,0.0190816,3,0,0.342566364,(1.6+0j),0.9,0.395466746,1.445607029,3.462167315,0.134418343,0.321926211,0.907015987,0.819686087,1.543083285,3.695618801,0.133105856,0.318782861,0.913740329,0.712091863,1.457928172,3.491675927,0.124940297,0.299226695,0.914302845,0.654215638
coated_58_10,TRUE,TRUE,184,1.00868,0.958918,75.0532,50.3688,2.34398,0.0196776,3,0,0.338641636,(1.6+0.00707j),0.55,0.76384432,2.000239768,2.769677699,0.309793722,0.428962956,0.845121706,0.789440827,1.776367308,2.459687583,0.384407324,0.532278385,0.78359919,0.512072613,1.969283053,2.726812777,0.297124977,0.411420888,0.849120229,0.472846829
coated_59_1,TRUE,TRUE,169,0.414055,0.221124,1,1,1.79599,0.0159386,1.94786488,0,0.455620341,(1.6+0.00804j),1.05,0.112491843,0.036829743,0.959040721,0.033890658,0.882507401,0.07980195,0.577286583,0.044039261,1.146775423,0.035928081,0.935561579,0.184180651,0.098411877,0.044039261,1.146775423,0.035928081,0.935561579,0.184180651,0.098411877
coated_59_2,TRUE,TRUE,169,0.425297,0.2448,1.35688,1.23792,1.80151,0.012345,1.928188833,0,0.434966835,(1.6+0j),1.05,0.137161075,0.044406271,0.943477602,0.039426671,0.837678571,0.1121373,0.576812291,0.051162046,1.087014142,0.040306783,0.856377866,0.212174127,0.123258745,0.052116844,1.107300264,0.040591708,0.862431523,0.221140326,0.10771424
coated_59_3,TRUE,TRUE,169,0.428328,0.257356,1.576225,1.38415,1.85531,0.0211515,2.006556512,0,0.424551308,(1.6+0j),0.4,0.397980288,0.172299578,3.312270035,0.105802375,2.033934388,0.385939441,0.838776067,0.155993952,2.998812293,0.082083163,1.5779586,0.473805478,0.671552557,0.142928133,2.747636296,0.078608343,1.511159019,0.450014901,0.664381164
coated_59_4,TRUE,TRUE,169,0.432642,0.290534,2.27029,1.84686,1.92639,0.0160421,2.25985077,0,0.400272632,(1.6+0j),0.7,0.287323139,0.105746101,1.595072972,0.069547213,1.049049362,0.34231889,0.681488084,0.137340526,2.071642915,0.077520374,1.169316429,0.435560819,0.446374775,0.13635952,2.056845427,0.076937075,1.160517956,0.435777749,0.368159707
coated_59_5,TRUE,TRUE,169,0.464573,0.347538,3.885475,2.92365,1.99249,0.0196957,2.389142666,0,0.378082859,(1.6+0j),1.05,0.234576989,0.083349809,0.878638308,0.05148685,0.54275252,0.382279927,0.453594966,0.094599091,0.997223459,0.053532291,0.564314689,0.434114105,0.256259356,0.103779009,1.093994259,0.058913653,0.621042717,0.432316292,0.200178312
coated_59_6,TRUE,TRUE,169,0.523338,0.424248,7.06798,5.04532,2.02356,0.0165397,1.722152124,0,0.362963481,(1.6+0.27489j),0.35,0.752605706,0.480422897,3.398554268,0.245510977,1.736766473,0.488969033,0.938506764,0.396821802,2.80715269,0.20603768,1.457528857,0.480780343,0.827345956,0.390238247,2.760580042,0.204099866,1.443820589,0.476986515,0.817488358
coated_59_7,TRUE,TRUE,169,0.662193,0.580272,18.0748,12.3832,2.11059,0.0351936,3,0,0.349791773,(1.6+0.09605j),0.6,0.528598025,0.878932264,3.323550603,0.31454298,1.18939713,0.642130579,0.885527855,0.906450354,3.427606135,0.306709962,1.159777744,0.661636227,0.76596375,0.843053263,3.187879538,0.2916547,1.102848528,0.654049498,0.710061783
coated_59_8,TRUE,TRUE,169,0.842126,0.78397,44.6293,30.0862,2.20037,0.0252649,3,0,0.341349813,(1.6+0.08796j),0.8,0.469009292,1.672913328,3.46564977,0.492707735,1.020705866,0.705479222,0.874292885,1.70912947,3.540676051,0.496722296,1.029022533,0.709371172,0.75846927,1.6460707,3.410041899,0.484319734,1.00332907,0.705772216,0.723705742
coated_59_9,TRUE,TRUE,169,0.84078,0.787622,45.2485,30.499,2.29794,0.0255433,3,0,0.340638558,(1.6+0j),1.15,0.387788018,1.312937796,2.694750694,0.096028842,0.197095238,0.926859565,0.760663074,1.301447727,2.671167802,0.079771759,0.163728247,0.938705368,0.607462072,1.276137171,2.61921893,0.095890217,0.196810716,0.924859005,0.594465931
coated_59_10,TRUE,TRUE,169,0.979246,0.91946,72.0169,48.3446,2.41396,0.025818,3,0,0.340031708,(1.6+0.07337j),0.5,1.001409831,1.705808682,2.569063022,0.790497528,1.190542637,0.536584884,0.917168433,1.601542556,2.412031198,0.787484241,1.186004425,0.508296399,0.744691309,1.671883294,2.517969097,0.772430645,1.163332692,0.537987701,0.732119621
coated_60_1,TRUE,TRUE,208,0.477359,0.237032,1,1,1.78479,0.0176106,1.946178165,0,0.464483692,(1.6+0.28722j),0.35,0.279748163,0.175417952,3.975302602,0.122878493,2.784659074,0.299510162,0.882494709,0.131448642,2.978874877,0.070484652,1.59731554,0.463785622,0.656649827,0.131448642,2.978874877,0.070484652,1.59731554,0.463785622,0.656649827
coated_60_2,TRUE,TRUE,208,0.486178,0.25482,1.24378,1.16252,1.77852,0.0105783,1.900333465,0,0.449627385,(1.6+0j),0.85,0.117760116,0.067199854,1.317684467,0.058056363,1.138394856,0.136064145,0.687959844,0.092698639,1.817675926,0.063521601,1.245559653,0.314751526,0.216499874,0.094545348,1.853887001,0.063904934,1.253076206,0.32408167,0.195120033
coated_60_3,TRUE,TRUE,208,0.4944,0.2728,1.526095,1.35073,1.77643,0.0148876,2.036944474,0,0.436571094,(1.6+0j),0.65,0.182619334,0.110404624,1.888898622,0.083369735,1.426362154,0.244870986,0.737035174,0.145124264,2.482912513,0.084645645,1.448191533,0.416736786,0.439823048,0.142532104,2.438563584,0.082377634,1.409388426,0.422041551,0.390998177
coated_60_4,TRUE,TRUE,208,0.504406,0.294374,1.91623,1.61082,1.76589,0.00847512,1.982931795,0,0.423269554,(1.6+0j),1.15,0.105803117,0.056328917,0.827642191,0.048122129,0.707059643,0.145694057,0.541197038,0.066760882,0.98091931,0.049841106,0.732316619,0.253438471,0.149274714,0.070116625,1.030225331,0.051406831,0.755321856,0.266838202,0.11984017
coated_60_5,TRUE,TRUE,208,0.503465,0.318368,2.425885,1.95059,1.80463,0.0162174,2.098243471,0,0.406980661,(1.6+0j),0.5,0.293103321,0.224433483,2.819284796,0.122072588,1.533449411,0.456085666,0.795494578,0.232643303,2.922414781,0.111227623,1.397217304,0.521896305,0.664746032,0.19970854,2.508695418,0.106226387,1.334392864,0.468092916,0.659926274
coated_60_6,TRUE,TRUE,208,0.524144,0.362254,3.574375,2.71625,1.83618,0.0153166,2.038784074,0,0.389218138,(1.6+0.01675j),0.9,0.197302757,0.129164371,1.253217566,0.077599139,0.7529058,0.399221795,0.58894574,0.164644509,1.597463668,0.086598282,0.840220004,0.474028724,0.413891089,0.168926742,1.639012044,0.090053772,0.873746901,0.466906357,0.331606639
coated_60_7,TRUE,TRUE,208,0.933996,0.788612,36.8545,24.903,1.90997,0.0143276,3,0,0.352250397,(1.6+0j),0.8,0.279399594,1.908343325,3.90696811,0.167036931,0.341976181,0.912470189,0.854433524,1.935654344,3.962882198,0.161136137,0.329895433,0.916753662,0.693415963,1.79335897,3.671559625,0.132361376,0.270984611,0.926193597,0.622080645
coated_60_8,TRUE,TRUE,208,0.707696,0.604208,16.6012,11.4008,2.00385,0.0117567,3,0,0.352743258,(1.6+0j),0.5,0.549476755,1.151126351,4.014765392,0.201278711,0.701996617,0.825146292,0.883908504,1.06376677,3.710082748,0.215379992,0.751177435,0.797530814,0.720284413,1.0127518,3.532158632,0.144041931,0.502372791,0.857771736,0.596588722
coated_60_9,TRUE,TRUE,208,0.899841,0.794378,37.73155,25.4877,2.0535,0.0190464,3,0,0.347236758,(1.6+0.6365j),0.3,1.073602963,1.325348918,2.674151023,0.65765629,1.326950372,0.503786301,0.972520599,1.20171396,2.424693281,0.584534571,1.179412982,0.513582608,0.870328648,1.200969432,2.42319105,0.584998391,1.180348831,0.512894854,0.871322446
coated_60_10,TRUE,TRUE,208,1.04945,0.978186,70.4464,47.2976,2.17823,0.0102002,3,0,0.340665792,(1.6+0j),0.55,0.71426562,2.120609175,2.821810655,0.190237159,0.253141054,0.910291269,0.784200265,1.76055306,2.342698241,0.269310898,0.358361348,0.847030513,0.502042566,1.99954659,2.660717468,0.1449798,0.192918878,0.927493663,0.465767477
coated_61_1,TRUE,TRUE,284,0.544271,0.262988,1,1,1.77929,0.00761899,1.921238386,0,0.462073014,(1.6+0j),0.65,0.125966512,0.111844427,2.058982252,0.092913453,1.710475483,0.169261667,0.763454416,0.151601352,2.790881051,0.088463922,1.628562543,0.416470099,0.378297369,0.151601352,2.790881051,0.088463922,1.628562543,0.416470099,0.378297369
coated_61_2,TRUE,TRUE,284,0.540288,0.281232,1.225015,1.15001,1.76603,0.0164647,1.848240173,0,0.4449268,(1.6+0.00319j),0.95,0.095063097,0.081535046,1.312577541,0.07148681,1.150817789,0.123238244,0.68301206,0.11188993,1.801240271,0.077171344,1.24232925,0.310292319,0.210174835,0.113961334,1.83458641,0.077606738,1.249338367,0.319008164,0.190666139
coated_61_3,TRUE,TRUE,284,0.550234,0.302562,1.524565,1.34971,1.80624,0.0139769,1.95041994,0,0.431856517,(1.6+0j),1.15,0.101786947,0.071579252,0.995562455,0.062319859,0.866777867,0.129358623,0.604700479,0.08902522,1.238210298,0.065847208,0.915838123,0.260353331,0.160608946,0.092237098,1.2828828,0.067086727,0.933078021,0.272670877,0.134960522
coated_61_4,TRUE,TRUE,284,0.544155,0.323606,1.86598,1.57732,1.81522,0.0108193,2.004784447,0,0.416195615,(1.6+0j),0.65,0.214908036,0.180192809,2.190859073,0.119991426,1.458905635,0.334094259,0.728069936,0.216820319,2.636191571,0.115964802,1.409948273,0.465157127,0.550537131,0.201284771,2.447303926,0.11116923,1.351641706,0.447701738,0.514137784
coated_61_5,TRUE,TRUE,284,0.551249,0.344478,2.25019,1.83346,1.83548,0.0143364,2.061832826,0,0.40611913,(1.6+0.05052j),0.75,0.195855005,0.173535587,1.861982889,0.116645515,1.251570102,0.327829429,0.748366935,0.222497202,2.38732579,0.122537958,1.314794185,0.449260679,0.515247549,0.212027408,2.274988163,0.119092016,1.277820301,0.438317824,0.459905719
coated_61_6,TRUE,TRUE,284,0.560425,0.379362,3.007825,2.33855,1.90886,0.0157446,2.191397671,0,0.391151397,(1.6+0.17607j),1.05,0.19459577,0.15926316,1.409022065,0.114073779,1.009225683,0.283740327,0.521519014,0.187753276,1.661077856,0.118211979,1.045836888,0.370386593,0.323032034,0.193153112,1.708850915,0.120414115,1.065319469,0.376587238,0.273339761
coated_61_7,TRUE,TRUE,284,0.996206,0.895664,39.571,26.714,1.99155,0.0139651,3,0,0.344741018,(1.6+0j),0.45,0.55503212,1.863659979,2.957920929,0.302088209,0.479461407,0.837905942,0.825778851,1.287095495,2.042822588,0.389530113,0.618245435,0.697357255,0.490787194,1.471990673,2.336280259,0.178935453,0.283998651,0.878439819,0.371260758
coated_61_8,TRUE,TRUE,284,1.09439,1.008038,56.47585,37.9839,2.10123,0.0153499,3,0,0.341823601,(1.6+0.19842j),0.6,0.541883173,2.238393099,2.804740391,1.136195009,1.423669522,0.492405954,0.954454604,2.086641519,2.614593367,1.101917118,1.380718807,0.47191834,0.851317361,2.123864534,2.661234368,1.10089722,1.379440859,0.481653748,0.851060003
coated_61_9,TRUE,TRUE,284,1.12072,1.053302,64.4293,43.2862,2.15769,0.0197588,3,0,0.339656071,(1.6+0.05731j),0.75,0.493644247,2.911431621,3.3412648,0.878336486,1.008010891,0.698314575,0.89600187,2.794521952,3.207095013,0.846691267,0.971693688,0.697017493,0.743781777,2.872115465,3.296144151,0.827388447,0.94954107,0.711923682,0.732443363
coated_61_10,TRUE,TRUE,284,0.980224,0.910528,41.6461,28.0974,2.32074,0.0165349,3,0,0.341200324,(1.6+0.00021j),1.2,0.386304867,2.01040923,3.087507187,0.154188663,0.236796866,0.923304837,0.795655867,2.08657847,3.2044849,0.149598168,0.229746966,0.928304557,0.675301415,1.977383424,3.036787457,0.158253084,0.243038843,0.919968438,0.64036002
coated_62_1,TRUE,TRUE,252,0.497519,0.25267,1,1,1.8158,0.012092,1.92948808,0,0.455864381,(1.6+0j),1.05,0.109063926,0.055617282,1.109206791,0.050731467,1.011766227,0.087847068,0.668316367,0.073313722,1.462136856,0.056005041,1.116940081,0.236090605,0.130671972,0.073313722,1.462136856,0.056005041,1.116940081,0.236090605,0.130671972
coated_62_2,TRUE,TRUE,252,0.500454,0.275904,1.30294,1.20196,1.85355,0.014017,1.99008153,0,0.436114138,(1.6+0j),0.75,0.211429095,0.104065981,1.74061574,0.083064725,1.389347093,0.201807119,0.713784988,0.140132417,2.343865778,0.086595902,1.448409827,0.382042333,0.340158039,0.141053091,2.359265042,0.085803792,1.435160946,0.391691514,0.30609654
coated_62_3,TRUE,TRUE,252,0.510901,0.306804,1.792075,1.52805,1.86189,0.0162337,2.011930755,0,0.416770448,(1.6+0.00034j),1.05,0.159811123,0.076414145,1.033622227,0.06311588,0.853742156,0.174028834,0.64052449,0.09817747,1.328005644,0.068081646,0.920911993,0.306545121,0.20282752,0.103493141,1.399908505,0.070288352,0.950761189,0.32084048,0.163679415
coated_62_4,TRUE,TRUE,252,0.504413,0.314828,1.93681,1.62454,1.92341,0.017311,2.118342076,0,0.409490278,(1.6+0.04682j),1.15,0.190388247,0.07588749,0.974840597,0.062543732,0.80342846,0.175836068,0.550833836,0.089435858,1.14888113,0.064687523,0.830967304,0.27671603,0.173259588,0.093738802,1.204156175,0.06663239,0.855950807,0.289169607,0.140939999
coated_62_5,TRUE,TRUE,252,0.511614,0.339852,2.43553,1.95702,1.93509,0.00908587,2.245123471,0,0.397060872,(1.6+0.24939j),0.45,0.505727652,0.328584716,3.622244962,0.18846472,2.077593228,0.426434918,0.855805915,0.266383926,2.936557257,0.139098915,1.533395561,0.477825417,0.723346502,0.240117604,2.647003154,0.136148763,1.500873734,0.432991331,0.740857546
coated_62_6,TRUE,TRUE,252,0.515311,0.374876,3.270415,2.51361,1.98628,0.0133507,2.218906827,0,0.380729178,(1.6+0.21019j),0.4,0.688359734,0.408551779,3.701535761,0.213516611,1.934490104,0.47738176,0.887777058,0.326314404,2.956453745,0.166778406,1.511035484,0.488902714,0.7812211,0.291168009,2.638022534,0.164816071,1.493256458,0.433948559,0.806596899
coated_62_7,TRUE,TRUE,252,0.979161,0.903574,45.8515,30.901,2.12893,0.0192862,3,0,0.341923403,(1.6+0j),0.6,0.578334763,2.278638627,3.553514749,0.238392307,0.371770481,0.895379502,0.83726368,2.092074835,3.262570332,0.299532874,0.4671186,0.856824972,0.614465155,2.2983055,3.584185045,0.167981842,0.261966047,0.926910569,0.54520612
coated_62_8,TRUE,TRUE,252,1.20177,1.116528,86.54335,58.0289,2.21866,0.0283649,3,0,0.340699849,(1.6+0.12727j),0.8,0.51024241,3.082175415,3.147952955,1.281195616,1.308537958,0.584320993,0.927805008,2.96761595,3.030948645,1.254065861,1.28082922,0.57741639,0.802177327,3.006289061,3.070447089,1.251226976,1.277929749,0.58379685,0.800279583
coated_62_9,TRUE,TRUE,252,1.08033,1.033004,68.51905,46.0127,2.35168,0.0194729,3,0,0.337925839,(1.6+5e-05j),1.15,0.434271332,3.17630111,3.789900243,0.158551839,0.189180947,0.950082869,0.824857576,3.254735229,3.883486296,0.134312639,0.160259209,0.95873316,0.700748385,3.118841861,3.721340993,0.156667676,0.1869328,0.949767355,0.654726734
coated_62_10,TRUE,TRUE,252,1.07893,1.038822,69.68515,46.7901,2.4223,0.0171494,3,0,0.337210404,(1.6+0.23667j),0.45,1.229940724,2.152841797,2.540036505,1.131727019,1.335271336,0.474310179,0.973259364,2.095206937,2.472035852,1.100232587,1.298112541,0.474881184,0.897888189,2.089412413,2.465199166,1.10264349,1.300957052,0.472271016,0.898014698
coated_63_1,TRUE,TRUE,250,0.510971,0.251978,1,1,1.76792,0.0124069,1.881569494,0,0.461375627,(1.6+0.05121j),1.15,0.086450184,0.049774293,0.998136577,0.046266286,0.927789607,0.0704783,0.616804223,0.061464812,1.23256953,0.049229915,0.987220015,0.199055314,0.106972154,0.061464812,1.23256953,0.049229915,0.987220015,0.199055314,0.106972154
coated_63_2,TRUE,TRUE,250,0.520844,0.27834,1.34836,1.23224,1.74532,0.0131136,1.866914721,0,0.4409998,(1.6+0j),0.95,0.11828078,0.073618732,1.20989367,0.064416728,1.058662503,0.12499542,0.695423552,0.100387885,1.649833719,0.06983168,1.147655033,0.304381393,0.205857435,0.103203228,1.696102737,0.070623847,1.160673966,0.315681803,0.179759446
coated_63_3,TRUE,TRUE,250,0.520485,0.28991,1.52407,1.34938,1.79505,0.0128643,1.895537178,0,0.431815886,(1.6+0j),0.8,0.182654961,0.102076074,1.546349593,0.080663512,1.221970864,0.20977063,0.663760983,0.139474209,2.112893636,0.086755137,1.314252845,0.37798438,0.334721455,0.141939914,2.150246568,0.086550497,1.311152752,0.390231441,0.285899164
coated_63_4,TRUE,TRUE,250,0.5175,0.317392,1.99957,1.66638,1.81288,0.0121883,1.968472766,0,0.412008851,(1.6+0j),0.8,0.197823839,0.119161613,1.506102534,0.087053433,1.100282154,0.269450699,0.659259683,0.163492613,2.066409084,0.095766344,1.210406021,0.414246661,0.408101998,0.164511112,2.079282045,0.095271619,1.204153112,0.42088034,0.336212536
coated_63_5,TRUE,TRUE,250,0.522792,0.34666,2.6059,2.0706,1.85091,0.0174315,2.089697475,0,0.396750152,(1.6+0.21662j),0.5,0.372483095,0.316217161,3.350333876,0.186834502,1.97951926,0.409157614,0.835404129,0.277363939,2.938682386,0.144294952,1.528810973,0.479763114,0.703494915,0.249302357,2.641368765,0.140746055,1.491210262,0.435440336,0.71356744
coated_63_6,TRUE,TRUE,250,0.535594,0.387752,3.646255,2.76417,1.90636,0.0185538,2.115232978,0,0.380734077,(1.6+0j),0.8,0.276969584,0.19951837,1.689603939,0.104467759,0.88467612,0.476400298,0.647518885,0.257031312,2.176647282,0.119853423,1.014968274,0.533701081,0.565654971,0.238939837,2.023441202,0.119645448,1.013207053,0.499265384,0.502956852
coated_63_7,TRUE,TRUE,250,0.952792,0.870454,41.28865,27.8591,2.03044,0.0198548,3,0,0.343114473,(1.6+0j),0.7,0.414243511,2.291336758,3.850413667,0.227849466,0.382883352,0.900560463,0.840191136,2.356238522,3.959476046,0.239009911,0.401637613,0.898562939,0.680748415,2.329657658,3.914808967,0.172592883,0.29002895,0.925914916,0.616132689
coated_63_8,TRUE,TRUE,250,0.834247,0.77388,28.99825,19.6655,2.07018,0.0160743,3,0,0.341784726,(1.6+0j),1.1,0.288519131,1.280932686,2.723260461,0.135449545,0.287965477,0.894257093,0.766168025,1.311202634,2.787614313,0.122766312,0.261000946,0.906371213,0.628281881,1.245093604,2.647066639,0.137555504,0.292442741,0.889521957,0.599066378
coated_63_9,TRUE,TRUE,250,0.92483,0.86447,40.4401,27.2934,2.22585,0.0180985,3,0,0.340653881,(1.6+0.13675j),1.15,0.367603365,1.707013747,2.908354117,0.632374993,1.077419802,0.629543117,0.840310017,1.7447954,2.972725259,0.631230976,1.075470663,0.638220633,0.72548815,1.692956596,2.884404004,0.635049247,1.081976109,0.624887461,0.712946838
coated_63_10,TRUE,TRUE,250,1.13558,1.074294,77.6677,52.1118,2.25163,0.020006,3,0,0.338953469,(1.6+0.00056j),1.05,0.413020755,3.763839772,4.152359489,0.185981324,0.205179115,0.950587343,0.832888074,3.876365473,4.276500576,0.178818858,0.197277309,0.953869453,0.694090051,3.757626098,4.145504413,0.149834169,0.165300696,0.960125312,0.658028509
coated_64_1,TRUE,TRUE,322,0.573674,0.274138,1,1,1.77819,0.0119787,1.87637438,0,0.461216405,(1.6+0j),0.55,0.15580603,0.154385552,2.615641946,0.12371401,2.09599635,0.198668475,0.835385639,0.17132102,2.902567247,0.095181614,1.61259275,0.444425361,0.512969368,0.17132102,2.902567247,0.095181614,1.61259275,0.444425361,0.512969368
coated_64_2,TRUE,TRUE,322,0.566593,0.294424,1.239835,1.15989,1.78573,0.0107398,1.865858727,0,0.442647619,(1.6+0.25974j),0.35,0.298313987,0.337893389,4.962989956,0.21710453,3.188838947,0.357476244,0.894160291,0.196111703,2.880495568,0.105100217,1.543715677,0.464079829,0.72748275,0.190011058,2.790889082,0.103571574,1.521262907,0.454918178,0.730539232
coated_64_3,TRUE,TRUE,322,0.586669,0.315382,1.523455,1.34897,1.81985,0.0104005,1.958827936,0,0.433527794,(1.6+0j),0.9,0.138897436,0.111208968,1.423561139,0.090121404,1.153623941,0.189621078,0.709021779,0.157555033,2.016826748,0.099587517,1.274797538,0.367919164,0.311038536,0.161341318,2.065294143,0.099892744,1.278704682,0.380860743,0.264217159
coated_64_4,TRUE,TRUE,322,0.573352,0.332162,1.778665,1.51911,1.87681,0.0120961,2.039693532,0,0.419295107,(1.6+0.14569j),0.5,0.341250509,0.297937358,3.438232072,0.18315544,2.113635268,0.385255206,0.841844722,0.257790135,2.974928404,0.13645272,1.574680399,0.470682926,0.683705639,0.235967706,2.723095019,0.131783063,1.520792016,0.441520768,0.683476517
coated_64_5,TRUE,TRUE,322,0.575532,0.357562,2.22019,1.81346,1.89628,0.0122694,2.142282952,0,0.405767544,(1.6+0.01473j),1,0.192905804,0.12590208,1.253834766,0.09209633,0.917169765,0.268508268,0.629092248,0.167315844,1.666266536,0.102071369,1.016509272,0.389947976,0.323305363,0.17485681,1.741365568,0.104886226,1.044541891,0.400159329,0.256756727
coated_64_6,TRUE,TRUE,322,0.574731,0.392746,2.943775,2.29585,1.94206,0.0151335,2.294445331,0,0.388892548,(1.6+0j),0.5,0.460803276,0.411247217,3.394607365,0.188965192,1.559798114,0.540507061,0.854772585,0.385566263,3.182625983,0.170293734,1.405676053,0.558328229,0.738243736,0.315593668,2.605042776,0.163301551,1.347959636,0.482557581,0.732890335
coated_64_7,TRUE,TRUE,322,0.814284,0.718738,18.04585,12.3639,2.04366,0.0157711,3,0,0.347736106,(1.6+0j),1.05,0.280750585,1.052357952,2.593775551,0.164253166,0.404839289,0.84391892,0.777961635,1.108657345,2.73253821,0.155029385,0.382105184,0.860164742,0.623993884,1.030329962,2.539482558,0.1680363,0.414163684,0.836910207,0.588122437
coated_64_8,TRUE,TRUE,322,1.13181,1.068028,59.22205,39.8147,2.14988,0.011094,3,0,0.339219649,(1.6+0j),0.9,0.394581234,3.554530789,3.96759306,0.235476222,0.262840268,0.933753219,0.847437322,3.53292743,3.943479234,0.219316551,0.244802726,0.937922147,0.701515133,3.464856269,3.86749771,0.199517193,0.222702538,0.942416892,0.656754986
coated_64_9,TRUE,TRUE,322,1.14325,1.06436,58.6483,39.4322,2.31731,0.0134853,3,0,0.340596969,(1.6+0j),0.75,0.6158283,3.145066479,3.534783823,0.253247868,0.28462879,0.919477738,0.831147417,2.948819571,3.314219202,0.256268773,0.288024027,0.913094455,0.656304633,3.069150489,3.44946079,0.191450552,0.21517393,0.937620996,0.627451983
coated_64_10,TRUE,TRUE,322,0.885846,0.829138,27.74365,18.8291,2.49922,0.0147096,3,0,0.340607659,(1.6+0.09855j),0.75,0.743992599,1.846818217,3.420429388,0.635692685,1.177344864,0.655790332,0.89634662,1.877393129,3.477056145,0.629147625,1.16522298,0.664882323,0.787275951,1.840768783,3.409225436,0.613627058,1.136477865,0.666646314,0.75354964
coated_65_1,TRUE,TRUE,252,0.523289,0.252584,1,1,1.83351,0.0122936,1.921043233,0,0.465082948,(1.6+0j),0.4,0.277656608,0.182833651,3.648837961,0.130123385,2.596891448,0.288296308,0.882632304,0.150703462,3.007611072,0.081645387,1.629408947,0.458238147,0.639890971,0.150703462,3.007611072,0.081645387,1.629408947,0.458238147,0.639890971
coated_65_2,TRUE,TRUE,252,0.530349,0.27472,1.28596,1.19064,1.81522,0.0160745,1.875478824,0,0.447124417,(1.6+0.01925j),1.05,0.113002213,0.065248065,1.100771556,0.058135846,0.980784421,0.109002758,0.666129217,0.083440248,1.407683919,0.061802767,1.042647448,0.259317071,0.158886038,0.085127926,1.436156003,0.062315034,1.051289671,0.267983653,0.141766585
coated_65_3,TRUE,TRUE,252,0.534862,0.302346,1.714435,1.47629,1.87804,0.0144752,2.044216613,0,0.427339497,(1.6+0j),0.8,0.186642418,0.105338533,1.467198687,0.080920007,1.127087354,0.231810004,0.700909077,0.150372346,2.094448273,0.091254797,1.271034581,0.393141097,0.367824327,0.15254746,2.124744169,0.090895798,1.26603429,0.404147422,0.30765404
coated_65_4,TRUE,TRUE,252,0.533996,0.31326,1.907095,1.60473,1.87554,0.0130819,2.101583997,0,0.419714109,(1.6+0.14662j),0.95,0.166003838,0.103093392,1.337614779,0.083435815,1.082561913,0.190677368,0.645131599,0.132449789,1.718507781,0.08753574,1.135757566,0.339102459,0.266293993,0.136679029,1.773381262,0.088948017,1.154081563,0.349219715,0.22567201
coated_65_5,TRUE,TRUE,252,0.534887,0.335692,2.346805,1.89787,1.88591,0.00997111,2.121755293,0,0.406330127,(1.6+0.05309j),1.15,0.138666994,0.080636137,0.911082801,0.06545204,0.739522381,0.188303874,0.584943337,0.10143708,1.146106239,0.070046322,0.791431753,0.309460392,0.198360687,0.107530306,1.214951711,0.072996613,0.824766182,0.321153117,0.158553146
coated_65_6,TRUE,TRUE,252,0.540794,0.37876,3.372505,2.58167,1.99737,0.0178213,2.096612973,0,0.386140566,(1.6+0j),1.1,0.201321547,0.106966647,0.949358596,0.071119441,0.63120472,0.335125081,0.589310374,0.13324629,1.182597695,0.076168146,0.676013378,0.428365724,0.28567077,0.144542084,1.282850994,0.082482589,0.732055801,0.429352432,0.220780324
coated_65_7,TRUE,TRUE,252,1.13332,1.016632,65.2069,43.8046,2.02871,0.023,3,0,0.344527946,(1.6+0j),0.7,0.386217369,2.877091937,3.5443476,0.223032631,0.274758397,0.922479839,0.826910925,2.592308853,3.193517573,0.233622493,0.287804262,0.909878604,0.62618696,2.681390408,3.303258938,0.160792999,0.198084139,0.940033723,0.588299325
coated_65_8,TRUE,TRUE,252,0.859978,0.767388,28.06075,19.0405,2.04784,0.0286025,3,0,0.34618708,(1.6+0j),0.4,0.736514752,1.366300809,2.954108463,0.287587023,0.621798109,0.789514124,0.85424377,0.922559042,1.994684814,0.322860615,0.698063903,0.650037992,0.507681804,0.995453298,2.152291057,0.156542469,0.338463851,0.842742528,0.428050336
coated_65_9,TRUE,TRUE,252,1.21738,1.146678,93.62185,62.7479,2.14455,0.0196623,3,0,0.339276568,(1.6+0j),0.75,0.491334741,3.480191576,3.370003171,0.203886397,0.19743103,0.94141518,0.79877306,3.430174797,3.321570003,0.264882669,0.256496062,0.922778667,0.59582634,3.676293391,3.55989609,0.151432857,0.146638252,0.958808278,0.556089731
coated_65_10,TRUE,TRUE,252,1.14619,1.084452,79.31845,53.2123,2.30618,0.0149274,3,0,0.338926206,(1.6+0j),0.4,1.176590844,2.419103257,2.619050405,0.254336197,0.275357953,0.894863439,0.859866011,2.585852772,2.799582337,0.3562957,0.385744756,0.862213463,0.798841321,2.307440144,2.498157954,0.16651921,0.180282591,0.92783379,0.718134014
coated_66_1,TRUE,TRUE,290,0.565633,0.264724,1,1,1.83345,0.0133103,1.928028672,0,0.467254796,(1.6+0j),0.45,0.240197859,0.183029413,3.325403681,0.135226163,2.456881508,0.261177967,0.871458663,0.165052405,2.998785082,0.090402238,1.642489754,0.452281604,0.614278227,0.165052405,2.998785082,0.090402238,1.642489754,0.452281604,0.614278227
coated_66_2,TRUE,TRUE,290,0.572929,0.28472,1.243555,1.16237,1.83367,0.0150818,1.868355141,0,0.452095182,(1.6+0j),0.35,0.310097444,0.290268262,4.559043345,0.183491777,2.881978749,0.367854497,0.897802724,0.185136696,2.907814356,0.09891871,1.553647944,0.46569906,0.7210467,0.17709876,2.781568054,0.09659166,1.517098573,0.454588727,0.724008891
coated_66_3,TRUE,TRUE,290,0.577431,0.304102,1.51636,1.34424,1.83051,0.0182305,1.922495402,0,0.438703628,(1.6+0.00664j),1.1,0.11018044,0.074698331,1.028448304,0.065295472,0.898989519,0.125877776,0.693783984,0.099220194,1.366065853,0.071401697,0.98306017,0.280371318,0.179731495,0.102925693,1.41708325,0.072773817,1.001951543,0.292948002,0.151403207
coated_66_4,TRUE,TRUE,290,0.575785,0.328804,1.9168,1.6112,1.87054,0.0159224,2.063058929,0,0.421987592,(1.6+0j),1.15,0.130924616,0.078889246,0.929081344,0.065602172,0.772599017,0.168426939,0.613280594,0.102877645,1.211593537,0.071987807,0.847802856,0.300258024,0.192009334,0.108967917,1.283318881,0.074708843,0.879848589,0.314395976,0.153196087
coated_66_5,TRUE,TRUE,290,0.572675,0.344944,2.21329,1.80886,1.9057,0.0138299,2.101763018,0,0.411763853,(1.6+0.00087j),0.9,0.193913174,0.123877727,1.325580652,0.089028672,0.952670735,0.281318165,0.705649645,0.173631327,1.857979904,0.101951711,1.090956531,0.412826517,0.379502201,0.177939034,1.904075467,0.103206774,1.104386612,0.419988004,0.304219663
coated_66_6,TRUE,TRUE,290,0.573217,0.379878,2.954785,2.30319,1.92604,0.00969247,2.179508152,0,0.394257302,(1.6+0j),1.15,0.163902295,0.10246763,0.90408346,0.072928584,0.643457122,0.288276857,0.575788635,0.133911987,1.181520572,0.080999989,0.714672046,0.395125178,0.261272699,0.145232278,1.281400778,0.086973352,0.767375697,0.401143101,0.201410547
coated_66_7,TRUE,TRUE,290,0.685606,0.526936,7.89415,5.5961,2.01309,0.0126451,2.000731367,0,0.367365353,(1.6+0j),0.9,0.296674699,0.447408588,2.05162836,0.135935021,0.62334106,0.696172527,0.75158275,0.536106216,2.458358528,0.148377928,0.680399022,0.723230353,0.611510884,0.491356534,2.25315523,0.159151487,0.729802049,0.67609775,0.594353525
coated_66_8,TRUE,TRUE,290,1.17356,1.074068,66.85315,44.9021,2.05208,0.0125562,3,0,0.342307973,(1.6+0j),0.8,0.36492538,3.538085569,3.904944767,0.234048365,0.258316516,0.933848868,0.843354468,3.535701677,3.902313692,0.235063328,0.25943672,0.933517205,0.681551874,3.669082749,4.049524862,0.177158052,0.195527325,0.951715984,0.65924186
coated_66_9,TRUE,TRUE,290,1.14704,1.056716,63.70525,42.8035,2.19336,0.0188404,3,0,0.341683738,(1.6+0.29563j),0.3,1.279250571,2.116285556,2.41305833,1.059458776,1.208029709,0.499378157,0.984336989,2.071665468,2.362181039,1.027831857,1.171967657,0.50386205,0.911497607,2.072334287,2.362943648,1.029525928,1.173899292,0.503204703,0.912591233
coated_66_10,TRUE,TRUE,290,1.14737,1.07393,66.9295,44.953,2.39505,0.0239173,3,0,0.340034804,(1.6+0.17532j),0.45,1.060175462,2.273243555,2.509597876,1.200742807,1.325586777,0.471793155,0.973428941,2.236026431,2.468511203,1.1739427,1.296000202,0.47498711,0.900212757,2.216598549,2.44706336,1.175821822,1.2980747,0.469537764,0.897529133
coated_67_1,TRUE,TRUE,297,0.555656,0.266862,1,1,1.78989,0.0191034,1.90172211,0,0.462148724,(1.6+0j),1.1,0.083375753,0.061332234,1.096542392,0.056266381,1.005971396,0.082596894,0.674407565,0.082991675,1.483785678,0.063124157,1.128579702,0.2393917,0.132986172,0.082991675,1.483785678,0.063124157,1.128579702,0.2393917,0.132986172
coated_67_2,TRUE,TRUE,297,0.559741,0.29812,1.394635,1.26309,1.78595,0.0160706,1.881273084,0,0.437879264,(1.6+0j),0.7,0.143511422,0.131769083,1.887736686,0.105003673,1.50429283,0.203123592,0.787019505,0.18072444,2.589075899,0.104958959,1.503652248,0.419232071,0.442710044,0.177230334,2.539018993,0.102102303,1.462727519,0.423900521,0.403729807
coated_67_3,TRUE,TRUE,297,0.566875,0.313202,1.61746,1.41164,1.79618,0.0151381,1.93707402,0,0.429429776,(1.6+0.01999j),0.7,0.167279474,0.146386707,1.900039836,0.110977468,1.440442333,0.241888351,0.780298021,0.197353338,2.561565956,0.11208894,1.454868788,0.432039302,0.483416285,0.190454413,2.472020707,0.108316067,1.405898429,0.431275626,0.437698475
coated_67_4,TRUE,TRUE,297,0.564161,0.326306,1.82854,1.55236,1.83124,0.00830265,2.003376496,0,0.420281963,(1.6+0.11737j),1.15,0.109041555,0.08708634,1.041381928,0.074712031,0.893409454,0.142092415,0.625374119,0.111939456,1.338576483,0.080122772,0.958111305,0.284231184,0.188001554,0.116074351,1.388021722,0.081867875,0.978979322,0.294694524,0.15795134
coated_67_5,TRUE,TRUE,297,0.571461,0.355252,2.36065,1.9071,1.84031,0.0130953,2.008948343,0,0.405888305,(1.6+0j),1.15,0.143190012,0.090217448,0.910180643,0.070004425,0.706256648,0.224047826,0.597302056,0.119536951,1.205977569,0.078251812,0.78946241,0.345375544,0.226754495,0.128543138,1.29683867,0.082604597,0.833376543,0.357378399,0.17628751
coated_67_6,TRUE,TRUE,297,0.581501,0.384046,2.982025,2.32135,1.86034,0.0256168,1.951809049,0,0.394469766,(1.6+0j),0.85,0.212123135,0.179581943,1.550266251,0.108048778,0.932746196,0.398331612,0.740203254,0.242462331,2.09309,0.124489567,1.074673602,0.486561208,0.517046242,0.23266129,2.008481144,0.123622186,1.067185814,0.468660277,0.438712518
coated_67_7,TRUE,TRUE,297,1.27513,1.161318,82.47235,55.3149,1.89882,0.0185039,3,0,0.342585174,(1.6+0.10498j),0.65,0.328090953,2.934581684,2.770473537,1.400974222,1.322628718,0.522598321,0.942809598,2.680551553,2.53064932,1.37922447,1.302095258,0.485469896,0.795982642,2.763228082,2.608702399,1.371155885,1.294477886,0.50378476,0.789539365
coated_67_8,TRUE,TRUE,297,1.3154,1.22445,96.66055,64.7737,2.06951,0.0117461,3,0,0.340313879,(1.6+0.06071j),1.15,0.269566866,4.490794628,3.813741055,1.026832204,0.872022094,0.771347325,0.886381763,4.592066276,3.899744507,1.028071859,0.873074852,0.776119987,0.762437251,4.546342971,3.860914665,1.022970391,0.868742506,0.774990493,0.746919277
coated_67_9,TRUE,TRUE,297,1.25836,1.174614,85.44865,57.2991,2.17252,0.017348,3,0,0.340125588,(1.6+0.00332j),0.85,0.431806875,3.944976344,3.640526329,0.300298793,0.277123503,0.923878176,0.844496898,3.898138295,3.597302965,0.283753478,0.261855058,0.92720795,0.676210532,4.005213529,3.696114764,0.245281117,0.226351766,0.938759541,0.658518575
coated_67_10,TRUE,TRUE,297,0.957633,0.87992,35.9218,24.2812,2.30556,0.0187866,3,0,0.342460363,(1.6+0j),0.95,0.472832526,2.216437884,3.644847021,0.185090489,0.304374204,0.916491912,0.82802593,2.311758254,3.801597712,0.178042291,0.292783713,0.922984036,0.697483785,2.152791961,3.540183744,0.168256826,0.276691891,0.921842506,0.622947211
coated_68_1,TRUE,TRUE,272,0.53786,0.259086,1,1,1.8347,0.0133971,1.93857194,0,0.463656057,(1.6+0j),0.95,0.117323922,0.067678441,1.283726699,0.06045423,1.14669764,0.106743171,0.683935002,0.096027663,1.821455594,0.06843875,1.298148267,0.287301721,0.171738499,0.096027663,1.821455594,0.06843875,1.298148267,0.287301721,0.171738499
coated_68_2,TRUE,TRUE,272,0.532569,0.278538,1.241515,1.16101,1.82431,0.0109542,1.9124418,0,0.444661945,(1.6+0.02337j),1,0.122296964,0.074788935,1.227378647,0.065451095,1.074133167,0.124855912,0.664378397,0.09845714,1.615803075,0.070336595,1.154310249,0.285612048,0.182866196,0.100294754,1.645960584,0.070823514,1.162301191,0.293846279,0.165460575
coated_68_3,TRUE,TRUE,272,0.547777,0.303642,1.60933,1.40622,1.8773,0.0163176,2.084548056,0,0.430361396,(1.6+0.08709j),0.7,0.210324747,0.143501326,1.981720239,0.106897556,1.476230611,0.25507618,0.761374965,0.182982522,2.526946462,0.106108835,1.465338565,0.420114915,0.45970003,0.178620135,2.466702899,0.103297815,1.426519026,0.42168997,0.417374756
coated_68_4,TRUE,TRUE,272,0.545198,0.324978,1.972135,1.64809,1.9171,0.0177355,2.249374483,0,0.415659772,(1.6+0.10617j),0.55,0.32919131,0.237807632,2.867001917,0.147778499,1.781613302,0.378579662,0.817339746,0.235352393,2.837401627,0.123807649,1.492621428,0.473947779,0.633074478,0.214354098,2.584246799,0.119193803,1.436997033,0.443939707,0.627306409
coated_68_5,TRUE,TRUE,272,0.550239,0.353186,2.53288,2.02192,1.94599,0.0149818,2.297583067,0,0.401183718,(1.6+0.13223j),1.15,0.185815903,0.106990446,1.09206416,0.083891157,0.856286985,0.215900478,0.557163196,0.127760946,1.30407112,0.087174031,0.889795666,0.317678574,0.221913345,0.133779411,1.365502305,0.089997415,0.918614281,0.327270062,0.182606762
coated_68_6,TRUE,TRUE,272,0.558493,0.381358,3.187735,2.45849,1.9493,0.0201126,2.438896414,0,0.389730577,(1.6+0.25734j),0.35,0.628799887,0.467562512,4.093399004,0.24444969,2.140099109,0.477182872,0.924351016,0.321188771,2.811931582,0.168835126,1.478111518,0.474343001,0.802806798,0.298149524,2.610228437,0.168984249,1.479417055,0.433223149,0.834328298
coated_68_7,TRUE,TRUE,272,0.611595,0.48841,6.70375,4.8025,2.03375,0.0111038,3,0,0.363294737,(1.6+0.23018j),0.4,0.728699733,0.650301506,3.47100935,0.326775879,1.744178849,0.497500965,0.937026621,0.532964154,2.844716714,0.273008849,1.457195251,0.487753827,0.826759244,0.525432803,2.804517838,0.269248079,1.437121998,0.487568958,0.811429144
coated_68_8,TRUE,TRUE,272,1.1626,1.050752,66.745,44.83,2.12751,0.0128696,3,0,0.343649629,(1.6+0j),0.7,0.494580782,3.27514604,3.776942195,0.218508193,0.251986569,0.933282916,0.839285698,2.857501078,3.295308441,0.295429856,0.340693659,0.896612513,0.598320702,3.038060217,3.503531655,0.167514903,0.193180425,0.94486123,0.542088173
coated_68_9,TRUE,TRUE,272,1.19431,1.107202,78.1285,52.419,2.24346,0.0241421,3,0,0.340935368,(1.6+0j),0.7,0.608401857,3.210596518,3.334587561,0.221415871,0.229966801,0.931035909,0.81259334,2.854825053,2.965076446,0.253498474,0.263288412,0.9112035,0.597486422,3.09895449,3.218633994,0.159569101,0.165731551,0.94850873,0.573576975
coated_68_10,TRUE,TRUE,272,0.979079,0.911456,43.6,29.4,2.48962,0.0201136,3,0,0.340964519,(1.6+0j),0.35,1.579475634,1.575824895,2.415164183,0.269531574,0.413093489,0.828958424,0.845151956,1.758148433,2.694599595,0.380949768,0.583856899,0.783323318,0.791169199,1.478002416,2.265238041,0.166164142,0.254668959,0.887575189,0.654354134
coated_69_1,TRUE,TRUE,250,0.510897,0.251978,1,1,1.76616,0.00962477,1.870378449,0,0.461349396,(1.6+0j),0.7,0.142028577,0.089758803,1.799956144,0.076604123,1.536161985,0.146555881,0.769184687,0.130174089,2.610414166,0.079869409,1.601641608,0.386441574,0.308682931,0.130174089,2.610414166,0.079869409,1.601641608,0.386441574,0.308682931
coated_69_2,TRUE,TRUE,250,0.507809,0.269416,1.222405,1.14827,1.74544,0.0103549,1.851084227,0,0.44410477,(1.6+0j),0.4,0.268142825,0.217952355,3.823181503,0.147885368,2.594111012,0.321478457,0.859228044,0.170919013,2.998152553,0.091561331,1.606110607,0.464299905,0.672731573,0.164353086,2.882977233,0.089290108,1.566270244,0.456717789,0.667693596
coated_69_3,TRUE,TRUE,250,0.526078,0.289882,1.52236,1.34824,1.74359,0.0101731,1.879291841,0,0.433635801,(1.6+0j),0.5,0.227322686,0.186286597,2.822599301,0.129582327,1.96342084,0.304392643,0.82430633,0.191133534,2.896039699,0.101984588,1.545262153,0.466422317,0.62144148,0.177821615,2.694338586,0.098005683,1.484974098,0.448853939,0.610484326
coated_69_4,TRUE,TRUE,250,0.519813,0.317082,1.993165,1.66211,1.78367,0.0147854,1.89754862,0,0.412921358,(1.6+0.09153j),0.55,0.264557981,0.211673353,2.680606896,0.137789404,1.744949096,0.349047002,0.795983503,0.221188377,2.80110406,0.116028373,1.469369915,0.475431871,0.620458238,0.201408488,2.550613826,0.111660041,1.41404986,0.445604095,0.61247968
coated_69_5,TRUE,TRUE,250,0.520456,0.335878,2.370415,1.91361,1.84309,0.012864,1.987794309,0,0.401939913,(1.6+0.06009j),1.05,0.17399442,0.095553272,1.078431495,0.07472866,0.843401169,0.217937186,0.612132473,0.12064903,1.361666762,0.078971059,0.891281648,0.34544804,0.246139565,0.127577756,1.439865613,0.082094756,0.926536259,0.356511989,0.196944987
coated_69_6,TRUE,TRUE,250,0.526267,0.372972,3.24358,2.49572,1.8815,0.0144149,2.014295782,0,0.384738519,(1.6+0j),1.1,0.1919669,0.101562345,0.929587724,0.069579493,0.63685259,0.314908563,0.589545871,0.128239665,1.173761967,0.074740973,0.684094985,0.417177414,0.276086051,0.139230306,1.274357963,0.080775252,0.739326004,0.419844325,0.213110185
coated_69_7,TRUE,TRUE,250,0.738222,0.644224,16.73905,11.4927,1.98176,0.00824496,3,0,0.349668935,(1.6+0j),0.7,0.396723463,1.181509735,3.624712978,0.191753236,0.58827314,0.837704904,0.849668492,1.208170386,3.706504272,0.182108637,0.558684808,0.849269078,0.711172806,1.082714694,3.321623078,0.154734851,0.474705713,0.857086219,0.601993606
coated_69_8,TRUE,TRUE,250,1.02159,0.957054,54.8857,36.9238,2.04988,0.0168812,3,0,0.340184368,(1.6+0j),1.15,0.275624693,2.644947158,3.676666458,0.150864222,0.2097121,0.942961348,0.833416892,2.767399137,3.846883501,0.146622432,0.203815708,0.947017967,0.711734525,2.668416775,3.709290911,0.155563511,0.21624445,0.941701944,0.669692916
coated_69_9,TRUE,TRUE,250,1.14908,1.08063,79.04665,53.0311,2.06573,0.0106587,3,0,0.33954385,(1.6+0.06388j),0.75,0.442660609,2.995200371,3.26574266,0.96604506,1.053303343,0.67746897,0.901246155,2.849717939,3.107119487,0.954174934,1.040361045,0.66516864,0.744312245,2.918647678,3.182275323,0.935716958,1.020235846,0.67940051,0.731808068
coated_69_10,TRUE,TRUE,250,1.16617,1.092506,81.7222,54.8148,2.40084,0.0222692,3,0,0.339909669,(1.6+0j),0.7,0.754173883,2.985854141,3.185158479,0.218862713,0.233471695,0.926700132,0.787496982,2.921179941,3.116167307,0.249817224,0.266492405,0.914480713,0.602381813,3.165761068,3.377074107,0.150767028,0.160830655,0.95237574,0.57247792
coated_70_1,TRUE,TRUE,267,0.539084,0.257592,1,1,1.74945,0.012865,1.872982479,0,0.465502544,(1.6+0.07082j),0.6,0.165021525,0.116959874,2.244307022,0.094635988,1.815940854,0.1908679,0.805088721,0.14786942,2.837420784,0.084551293,1.622428746,0.428202981,0.414605606,0.14786942,2.837420784,0.084551293,1.622428746,0.428202981,0.414605606
coated_70_2,TRUE,TRUE,267,0.537055,0.276988,1.24384,1.16256,1.75199,0.0171727,1.868439477,0,0.447389132,(1.6+0.00545j),0.55,0.180036639,0.152406524,2.529250059,0.115119132,1.910450183,0.244657453,0.809622957,0.170452526,2.82873101,0.094296567,1.564891003,0.446786917,0.533483809,0.16518604,2.741331473,0.091832867,1.524004866,0.444063996,0.517948807
coated_70_3,TRUE,TRUE,267,0.553053,0.302594,1.622455,1.41497,1.74132,0.0140616,1.867152252,0,0.432675749,(1.6+0.22172j),0.5,0.229542499,0.224392756,3.120314193,0.156936294,2.182292132,0.300617823,0.829408053,0.209306221,2.910526987,0.113848362,1.583128915,0.456067948,0.643015273,0.197394938,2.744893541,0.110752128,1.54007395,0.438931264,0.637878017
coated_70_4,TRUE,TRUE,267,0.556096,0.312258,1.782175,1.52145,1.7541,0.0180357,1.994877439,0,0.426946492,(1.6+0.23296j),0.65,0.22605625,0.182520228,2.383383749,0.132875618,1.735115017,0.271995113,0.743549415,0.202252408,2.641050294,0.11483315,1.499513051,0.432228514,0.518141663,0.195146425,2.548259018,0.112030667,1.462917691,0.425914838,0.492733091
coated_70_5,TRUE,TRUE,267,0.551615,0.343354,2.36995,1.9133,1.77208,0.0141506,1.961436095,0,0.40683942,(1.6+0.04446j),0.65,0.249013468,0.199519888,2.154825413,0.125893117,1.359652361,0.369019711,0.745181375,0.242310613,2.616967524,0.12408863,1.340163813,0.487894366,0.583956734,0.219972655,2.37571638,0.119923478,1.295179944,0.454825519,0.561106655
coated_70_6,TRUE,TRUE,267,0.557654,0.385416,3.35326,2.56884,1.83221,0.0247825,1.979745843,0,0.387688456,(1.6+0j),0.65,0.310177772,0.267707401,2.29462128,0.132275433,1.133782711,0.505895495,0.738723442,0.313974128,2.69119088,0.134621192,1.153889102,0.571234761,0.624100605,0.269880861,2.313250824,0.133008998,1.14007038,0.507156609,0.619002855
coated_70_7,TRUE,TRUE,267,0.960098,0.870856,38.67595,26.1173,1.89531,0.0243161,3,0,0.34388959,(1.6+0j),0.35,0.678156844,1.766191117,2.965207692,0.332861449,0.558831555,0.811537129,0.888139813,1.527240408,2.564040189,0.383096086,0.643169049,0.749157969,0.760551176,1.178815971,1.979080378,0.171004899,0.287095229,0.854935033,0.563425925
coated_70_8,TRUE,TRUE,267,0.833508,0.728724,22.6711,15.4474,1.95797,0.0132362,3,0,0.348762808,(1.6+0.5787j),0.3,0.932865724,1.14729059,2.750789795,0.584642344,1.401761862,0.490414766,0.971408124,1.019257287,2.443812026,0.505040852,1.210906141,0.504501112,0.872161321,1.018055192,2.440929835,0.505916521,1.213005679,0.5030559,0.874144767
coated_70_9,TRUE,TRUE,267,1.16601,1.09434,76.8376,51.5584,2.09318,0.0174971,3,0,0.339723552,(1.6+0.04581j),1.1,0.338229705,3.49855669,3.719584992,0.669699652,0.712009264,0.808578305,0.858838338,3.582879604,3.809235175,0.673755282,0.716321116,0.811951459,0.732158218,3.477310163,3.696996173,0.660225468,0.70193653,0.810133282,0.703085868
coated_70_10,TRUE,TRUE,267,0.859785,0.796974,29.6971,20.1314,2.21338,0.0221221,3,0,0.341784955,(1.6+0j),0.3,1.51998578,3.931288567,7.880553741,1.946449018,3.901798565,0.504882691,0.972874668,1.378425615,2.763154358,0.398930011,0.799684209,0.710590106,0.832785051,1.268235072,2.542269403,0.167348913,0.335463063,0.868045825,0.518161111
coated_71_1,TRUE,TRUE,396,0.63418,0.293754,1,1,1.82839,0.0134077,1.930168572,0,0.461993135,(1.6+0j),1.15,0.095383651,0.07952553,1.173408178,0.072861987,1.075086859,0.083791233,0.713375452,0.110270608,1.627055286,0.081545598,1.203214512,0.260495619,0.148755101,0.110270608,1.627055286,0.081545598,1.203214512,0.260495619,0.148755101
coated_71_2,TRUE,TRUE,396,0.633233,0.313234,1.212535,1.14169,1.82854,0.0162402,1.885326013,0,0.447337808,(1.6+0.67116j),0.3,0.410940873,0.478587538,6.210602178,0.301003353,3.906102711,0.371058941,0.92190122,0.212673533,2.759851864,0.111429548,1.44601466,0.476053524,0.759773498,0.211386218,2.743146448,0.110389311,1.432515558,0.477783784,0.755482664
coated_71_3,TRUE,TRUE,396,0.636472,0.33232,1.449475,1.29965,1.86758,0.0169032,1.965529624,0,0.435643974,(1.6+0.00234j),1,0.162302036,0.11937644,1.376308479,0.099089164,1.142413499,0.169943718,0.721939096,0.167000972,1.925378687,0.108522251,1.251168938,0.350169945,0.27548356,0.17158461,1.978224115,0.109296159,1.26009144,0.363018866,0.236284539
coated_71_4,TRUE,TRUE,396,0.630206,0.362358,1.878565,1.58571,1.90747,0.0113484,2.033289363,0,0.417041145,(1.6+0j),0.3,0.649107078,0.556195479,5.393390491,0.27721156,2.688102018,0.501593289,0.929309305,0.283074055,2.744950249,0.151106741,1.465271999,0.466193604,0.811153664,0.259647155,2.517781155,0.151511969,1.469201467,0.41646975,0.879244313
coated_71_5,TRUE,TRUE,396,0.620328,0.379626,2.16085,1.7739,1.96036,0.0182584,2.114855507,0,0.406073303,(1.6+0j),0.85,0.274688289,0.198321733,1.752138893,0.133577847,1.180137633,0.326458857,0.762102037,0.26305036,2.324005336,0.144770928,1.279026605,0.449645581,0.500082531,0.252473837,2.230563548,0.14085567,1.24443597,0.442097953,0.432574162
coated_71_6,TRUE,TRUE,396,0.613584,0.41221,2.76709,2.17806,2.05119,0.0227539,2.322214778,0,0.390176216,(1.6+0j),1.2,0.239173929,0.142186369,1.065445001,0.097761978,0.732559749,0.312437762,0.564666357,0.17779273,1.332254119,0.10633059,0.79676692,0.401940735,0.28902347,0.190906828,1.430521976,0.112909857,0.846067337,0.408560406,0.223001185
coated_71_7,TRUE,TRUE,396,0.631903,0.486986,4.56433,3.37622,2.12875,0.0175313,2.818244811,0,0.368075688,(1.6+0j),0.65,0.548731205,0.569677071,3.058481839,0.217864023,1.169668208,0.61756575,0.836872727,0.605583369,3.251255547,0.223448736,1.199651409,0.631019035,0.72622404,0.49553838,2.660446091,0.211553027,1.135785735,0.573084477,0.677854556
coated_71_8,TRUE,TRUE,396,1.41604,1.322696,91.4428,61.2952,2.17422,0.0137189,3,0,0.339830521,(1.6+0j),0.75,0.503503067,3.746676988,2.726693301,0.316350135,0.230227959,0.915565143,0.767792958,3.334181971,2.426494644,0.412962308,0.300538734,0.876142841,0.482784981,3.731721338,2.715809131,0.227357882,0.16546268,0.93907426,0.449373865
coated_71_9,TRUE,TRUE,396,1.2112,1.13271,57.52075,38.6805,2.34503,0.0141873,3,0,0.340012844,(1.6+0j),0.65,0.792045833,3.051722077,3.028430621,0.495934114,0.492149029,0.837490407,0.803559831,2.472673839,2.453801815,0.448995001,0.445568166,0.818417216,0.489694795,2.834901764,2.813265132,0.217368372,0.215709366,0.923324196,0.428778004
coated_71_10,TRUE,TRUE,396,0.921804,0.863226,25.44835,17.2989,2.50759,0.0255921,3,0,0.340457945,(1.6+0.05074j),0.95,0.65368306,1.994111044,3.407300463,0.481128361,0.822095084,0.758725392,0.852730723,2.065798602,3.52979166,0.471477103,0.805604158,0.771770054,0.734480109,1.929247773,3.296469797,0.448815634,0.766882928,0.767362368,0.667277074
coated_72_1,TRUE,TRUE,399,0.648413,0.294462,1,1,1.83414,0.011295,1.924752894,0,0.465142103,(1.6+0j),0.55,0.208315395,0.192251875,2.823073509,0.151378918,2.222885027,0.212601082,0.85836022,0.200491915,2.944072283,0.110808301,1.627136171,0.447317859,0.56150799,0.200491915,2.944072283,0.110808301,1.627136171,0.447317859,0.56150799
coated_72_2,TRUE,TRUE,399,0.648868,0.31495,1.224085,1.14939,1.82141,0.00928606,1.887872738,0,0.450093425,(1.6+0j),1,0.119923854,0.106043442,1.361164796,0.092328001,1.185114533,0.129337949,0.766401634,0.154671616,1.985351993,0.103094249,1.323309205,0.333463683,0.24191894,0.157275001,2.018768828,0.103412602,1.32739556,0.342472729,0.219831792
coated_72_3,TRUE,TRUE,399,0.640173,0.339156,1.528735,1.35249,1.89169,0.0166078,2.039139229,0,0.432398329,(1.6+0j),0.6,0.278523509,0.240512188,2.662246094,0.1652241,1.828877024,0.31303232,0.830300375,0.258837185,2.865086756,0.138327769,1.531159673,0.465579997,0.607679358,0.241134075,2.669129805,0.132927489,1.471383602,0.448740335,0.594981429
coated_72_4,TRUE,TRUE,399,0.649765,0.359322,1.817365,1.54491,1.90717,0.0143237,2.072070712,0,0.423280218,(1.6+0j),0.8,0.222238471,0.185553888,1.829837658,0.132431899,1.305975738,0.286288742,0.78138072,0.251109722,2.476315806,0.140735844,1.387865002,0.439544424,0.494738645,0.240886945,2.375503999,0.135908377,1.340258986,0.435800156,0.438964855
coated_72_5,TRUE,TRUE,399,0.649874,0.3867,2.26543,1.84362,1.93449,0.0115673,2.088600168,0,0.40960511,(1.6+0.00117j),0.95,0.225387991,0.167617514,1.427187946,0.117459912,1.000118465,0.29923843,0.714020907,0.236805932,2.01629629,0.134914291,1.148734675,0.430274866,0.430134877,0.237118187,2.018955004,0.13457617,1.145855728,0.432451082,0.351794121
coated_72_6,TRUE,TRUE,399,0.64854,0.456678,3.73297,2.82198,2.00023,0.0073651,2.408078085,0,0.381345772,(1.6+0j),0.65,0.430123475,0.443942546,2.710295888,0.19446111,1.187196747,0.561967846,0.819157492,0.504952977,3.082768233,0.205484128,1.254492934,0.593062845,0.702153885,0.412592493,2.51890193,0.195273079,1.19215387,0.526716838,0.675436886
coated_72_7,TRUE,TRUE,399,0.684612,0.540392,6.188545,4.45903,2.07772,0.0142223,2.762779322,0,0.363621426,(1.6+0.00414j),0.85,0.392161698,0.553207514,2.412017013,0.190426079,0.830268805,0.655778214,0.773671351,0.616547759,2.688184174,0.193822763,0.845078546,0.6856322,0.630225299,0.53489878,2.332189864,0.199241107,0.868702842,0.627516243,0.610096935
coated_72_8,TRUE,TRUE,399,1.25043,1.14431,58.8013,39.5342,2.16409,0.0114325,3,0,0.3421481,(1.6+0.17413j),0.7,0.566285864,3.032814803,2.948958246,1.470936442,1.430265424,0.514992989,0.949861015,2.732338202,2.656789746,1.40963847,1.370662325,0.48409078,0.838435147,2.793449839,2.716211662,1.406954829,1.368052886,0.496337894,0.838232935
coated_72_9,TRUE,TRUE,399,0.973806,0.880068,26.74675,18.1645,2.28415,0.0149801,3,0,0.344247709,(1.6+0.13233j),0.35,1.391620887,1.64776108,2.708768555,0.841195987,1.38284929,0.48949153,0.975609924,1.513729207,2.488432411,0.779218226,1.280963518,0.485232746,0.905383047,1.467567917,2.412547472,0.781793467,1.285196979,0.467286346,0.898042735
coated_72_10,TRUE,TRUE,399,0.829632,0.739366,15.8818,10.9212,2.53569,0.00919921,3,0,0.346496695,(1.6+0j),0.6,1.081648831,1.557408836,3.627386246,0.32317676,0.752716246,0.792490737,0.855740921,1.602162967,3.731623821,0.350020919,0.815239415,0.781532262,0.71988455,1.549729495,3.609500168,0.222094295,0.517283434,0.856688347,0.587950569
coated_73_1,TRUE,TRUE,362,0.612742,0.28506,1,1,1.80696,0.0135044,1.902509424,0,0.46322375,(1.6+0.00503j),1.2,0.076805486,0.068288164,1.069998069,0.063234231,0.990808669,0.074008919,0.732876468,0.091154457,1.428286934,0.070109957,1.098543496,0.230866382,0.127085006,0.091154457,1.428286934,0.070109957,1.098543496,0.230866382,0.127085006
coated_73_2,TRUE,TRUE,362,0.605682,0.304824,1.22359,1.14906,1.79027,0.0166767,1.850806217,0,0.446031433,(1.6+0j),0.9,0.111614173,0.11097628,1.520694466,0.0957028,1.311403833,0.137628325,0.759312149,0.160470562,2.198908593,0.102972777,1.411023439,0.35830737,0.28411839,0.162436311,2.225845008,0.102786526,1.408471264,0.367219524,0.259328769
coated_73_3,TRUE,TRUE,362,0.616938,0.334496,1.616035,1.41069,1.80973,0.00669666,1.908788871,0,0.429412583,(1.6+0.01898j),0.6,0.19926244,0.226267682,2.574843215,0.158230716,1.800607498,0.300692373,0.82435271,0.248711069,2.830240728,0.132503194,1.507837736,0.467240464,0.600880382,0.230546356,2.623532957,0.127225546,1.447780034,0.448156338,0.586975451
coated_73_4,TRUE,TRUE,362,0.612991,0.346738,1.79989,1.53326,1.81606,0.0201588,2.020669238,0,0.421275091,(1.6+8e-05j),1.2,0.109152139,0.091679974,0.970916142,0.077262474,0.818230844,0.157258995,0.621002362,0.122399061,1.296239723,0.085415032,0.904568676,0.302159423,0.197559226,0.129054976,1.366727688,0.08822053,0.934279678,0.316411245,0.159312298
coated_73_5,TRUE,TRUE,362,0.616764,0.373368,2.247925,1.83195,1.84348,0.0159425,2.064750195,0,0.408235257,(1.6+0j),0.3,0.524074132,0.576858512,5.268721432,0.271737283,2.481905039,0.528935991,0.92760283,0.302115623,2.759364772,0.160248444,1.463624779,0.469579088,0.816318339,0.283084751,2.585546825,0.15945931,1.456417247,0.43670823,0.859543217
coated_73_6,TRUE,TRUE,362,0.611294,0.407112,2.91442,2.27628,1.87553,0.010195,1.949250565,0,0.391731767,(1.6+0j),0.7,0.262609135,0.296753843,2.279705056,0.159326883,1.223971684,0.46310086,0.760465375,0.351249227,2.698346316,0.15955789,1.225746312,0.545741662,0.619567499,0.304380324,2.338292763,0.155969415,1.198179141,0.487583779,0.612970299
coated_73_7,TRUE,TRUE,362,0.627406,0.453318,4.026055,3.01737,1.96633,0.0133284,2.272003827,0,0.377956923,(1.6+0j),0.85,0.274073509,0.305504892,1.892876846,0.146541799,0.907957896,0.520329123,0.756090102,0.38909893,2.410816898,0.164132114,1.016945675,0.578173823,0.601075234,0.348177258,2.157270432,0.165433525,1.025009085,0.524858326,0.572429928
coated_73_8,TRUE,TRUE,362,1.32938,1.221558,78.80845,52.8723,2.0297,0.0126437,3,0,0.341579946,(1.6+0.03021j),0.85,0.329374426,4.298611575,3.667837935,0.86795198,0.740589639,0.798085506,0.876225421,3.741101477,3.192136269,0.842997139,0.719296646,0.774666059,0.694841693,3.842747004,3.278866441,0.800002931,0.682611361,0.791814832,0.674577275
coated_73_9,TRUE,TRUE,362,0.750681,0.647486,11.74048,8.16032,2.08745,0.026886,3,0,0.351038321,(1.6+0j),1,0.309158726,0.795866956,2.417073334,0.17537457,0.532618162,0.779643359,0.784164805,0.866284415,2.630933403,0.170796927,0.518715714,0.802839664,0.614438863,0.797002623,2.420522392,0.185283501,0.562711903,0.767524604,0.586207087
coated_73_10,TRUE,TRUE,362,0.950045,0.869946,28.4854,19.3236,2.2494,0.0153232,3,0,0.342866995,(1.6+0.26881j),0.35,1.16383432,1.553596233,2.613747841,0.80696573,1.357627477,0.480582076,0.975676101,1.459218164,2.454967542,0.752020573,1.26518854,0.484641439,0.900577322,1.453652605,2.445604126,0.755601371,1.271212822,0.48020499,0.902502776
coated_74_1,TRUE,TRUE,344,0.613716,0.280262,1,1,1.7915,0.0112133,1.902591772,0,0.467534606,(1.6+0.16854j),0.8,0.128936582,0.105906355,1.716736756,0.090980645,1.474791743,0.140933088,0.781134156,0.157334444,2.550383525,0.097806194,1.585433542,0.378354853,0.292987105,0.157334444,2.550383525,0.097806194,1.585433542,0.378354853,0.292987105
coated_74_2,TRUE,TRUE,344,0.629697,0.325518,1.565935,1.37729,1.79228,0.0127207,1.902613532,0,0.438239755,(1.6+0j),0.65,0.158704243,0.17462826,2.098334057,0.131829751,1.584066955,0.245083522,0.822226472,0.226944427,2.726965373,0.123641279,1.485674231,0.455191384,0.543586666,0.213807496,2.569111953,0.118703012,1.426335987,0.444813611,0.51535831
coated_74_3,TRUE,TRUE,344,0.617828,0.3174,1.45225,1.3015,1.78648,0.0112501,1.870167667,0,0.440520872,(1.6+0.14127j),1.05,0.101917807,0.098571658,1.245800024,0.086796436,1.096978625,0.119458498,0.706070806,0.136670535,1.7273135,0.094178423,1.190276029,0.310909092,0.219042208,0.139865594,1.767694323,0.095157362,1.202648373,0.319651392,0.193711421
coated_74_4,TRUE,TRUE,344,0.614059,0.3543,2.021485,1.68099,1.80305,0.0155826,1.950357273,0,0.417374339,(1.6+0.00274j),0.8,0.16544356,0.160764961,1.630644215,0.116637705,1.183060028,0.274483043,0.724820598,0.232638465,2.359659498,0.129799432,1.316559845,0.442055158,0.491332573,0.224089047,2.272942471,0.126068729,1.278719201,0.437416821,0.426779214
coated_74_5,TRUE,TRUE,344,0.609434,0.36398,2.19127,1.79418,1.82669,0.0105693,1.966488562,0,0.411138362,(1.6+0.3218j),0.35,0.43387139,0.52062489,5.003570285,0.29175383,2.803958897,0.439608372,0.911844018,0.289811285,2.785289683,0.154333797,1.483256012,0.467467955,0.785848024,0.268913661,2.584448856,0.154510926,1.484958354,0.425425521,0.828419947
coated_74_6,TRUE,TRUE,344,0.619662,0.399362,2.8963,2.2642,1.84976,0.0136188,2.107279713,0,0.396973494,(1.6+0.17039j),0.5,0.365215101,0.452935034,3.615867899,0.246322306,1.966438562,0.456164158,0.865751317,0.374040179,2.986035027,0.187088708,1.493565307,0.499816548,0.741681943,0.326637592,2.607611016,0.182772654,1.459109417,0.440442072,0.761967564
coated_74_7,TRUE,TRUE,344,0.731739,0.59258,9.46264,6.64176,1.88034,0.0119497,2.308005151,0,0.359417508,(1.6+0j),0.95,0.230959987,0.5778151,2.095101299,0.153378899,0.556136955,0.734553668,0.746723939,0.710340096,2.575624036,0.166422507,0.603431809,0.765714328,0.612308821,0.650001345,2.356841597,0.180135091,0.653152303,0.722869664,0.590806499
coated_74_8,TRUE,TRUE,344,1.14151,1.048912,52.49185,35.3279,1.92533,0.0151843,3,0,0.341965933,(1.6+0j),0.8,0.326089453,3.386062093,3.918563858,0.280207297,0.324273494,0.917246852,0.848266366,3.51172008,4.063983178,0.294528226,0.340846573,0.916129925,0.68421986,3.674797912,4.252707094,0.206080286,0.238489058,0.943920648,0.649904918
coated_74_9,TRUE,TRUE,344,1.16321,1.069784,55.71235,37.4749,1.99303,0.0121426,3,0,0.341825745,(1.6+0.03108j),0.85,0.349536597,3.482382214,3.874309918,0.645831259,0.718516894,0.814543258,0.873363627,3.428065846,3.813880468,0.696499128,0.774887222,0.796824461,0.725346114,3.448423037,3.836528776,0.662381923,0.736930266,0.807917441,0.693928736
coated_74_10,TRUE,TRUE,344,1.36558,1.294446,98.68765,66.1251,2.15051,0.0212334,3,0,0.338461996,(1.6+0.08241j),0.85,0.460626149,4.076425077,3.097574123,1.568427935,1.191809415,0.615244263,0.915697519,3.919496509,2.978328004,1.581723064,1.201912053,0.596447385,0.766682337,4.031897342,3.063738603,1.569494018,1.192619505,0.61073066,0.75683666
coated_75_1,TRUE,TRUE,455,0.670891,0.307654,1,1,1.81104,0.011236,1.908948459,0,0.460717989,(1.6+0j),0.8,0.120600516,0.139764393,1.880102507,0.119790075,1.611409145,0.142914209,0.825983192,0.202819113,2.728310946,0.12079253,1.624894109,0.404432214,0.347771016,0.202819113,2.728310946,0.12079253,1.624894109,0.404432214,0.347771016
coated_75_2,TRUE,TRUE,455,0.66756,0.330862,1.244545,1.16303,1.81924,0.00910056,1.926673287,0,0.444074313,(1.6+0.04473j),1.05,0.115010904,0.121353928,1.411465206,0.105180161,1.223348434,0.133277654,0.719581914,0.170164126,1.979175678,0.113574899,1.320987462,0.332556743,0.241800862,0.172926548,2.011305357,0.113953651,1.325392723,0.341028592,0.21996117
coated_75_3,TRUE,TRUE,455,0.660245,0.348502,1.45465,1.3031,1.85155,0.0115995,2.00171646,0,0.431722327,(1.6+0.24916j),0.45,0.323175512,0.408794265,4.285528265,0.26056705,2.731612331,0.362596123,0.876601027,0.277927561,2.913608435,0.148427047,1.556010836,0.4659506,0.711093783,0.262604081,2.752967222,0.145042533,1.520529826,0.447676015,0.716101937
coated_75_4,TRUE,TRUE,455,0.656143,0.367306,1.70188,1.46792,1.88129,0.0104634,2.028937835,0,0.420553424,(1.6+0.27009j),0.35,0.497558342,0.561835149,5.302283919,0.317191784,2.993477536,0.435436204,0.917004598,0.293809602,2.77280966,0.156548657,1.477418118,0.467176511,0.780747408,0.274658077,2.592068346,0.155838728,1.470718204,0.432608246,0.818975116
coated_75_5,TRUE,TRUE,455,0.657555,0.400434,2.20633,1.80422,1.93783,0.00735503,2.166867026,0,0.405099914,(1.6+0.00175j),0.9,0.24362074,0.218286142,1.733302616,0.145096491,1.152139689,0.335292246,0.73407183,0.289364215,2.297698549,0.159148192,1.263717316,0.450007349,0.498216996,0.278249177,2.20943951,0.155130466,1.231814538,0.44247646,0.429250646
coated_75_6,TRUE,TRUE,455,0.65147,0.440922,2.94769,2.29846,2.01003,0.00860009,2.291884892,0,0.387550726,(1.6+0j),0.3,0.940184439,0.702355653,4.599849936,0.315575875,2.066761563,0.55068935,0.949034575,0.404911537,2.651836429,0.21814335,1.428658926,0.461256769,0.834467951,0.443151986,2.902279812,0.203341019,1.331715873,0.541148353,0.775922378
coated_75_7,TRUE,TRUE,455,0.669857,0.498518,4.25935,3.1729,2.05755,0.012121,2.067086842,0,0.3723679,(1.6+0.18807j),0.6,0.543852805,0.657845616,3.370329916,0.328845151,1.684767099,0.500118048,0.870856157,0.585364773,2.998989976,0.28325718,1.451206975,0.516101425,0.75490726,0.516760675,2.647511698,0.278291813,1.42576799,0.461468672,0.762188051
coated_75_8,TRUE,TRUE,455,1.44771,1.342394,83.30455,55.8697,2.13305,0.00784494,3,0,0.340499223,(1.6+0j),0.8,0.473692367,4.416434929,3.120483927,0.327522709,0.231415013,0.925840024,0.790984487,3.327145995,2.350834048,0.354456671,0.25044552,0.893465249,0.511857326,3.580595042,2.529911446,0.231876565,0.163835108,0.935240774,0.502165818
coated_75_9,TRUE,TRUE,455,1.09238,0.996228,34.0357,23.0238,2.23226,0.0139568,3,0,0.342885968,(1.6+0.03648j),0.85,0.526945256,2.964955362,3.803739708,0.637252852,0.817531356,0.785071688,0.880033034,2.880552116,3.695458827,0.622757902,0.798935792,0.783806063,0.747707243,2.822201257,3.62060054,0.579405298,0.743318759,0.794697385,0.697064876
coated_75_10,TRUE,TRUE,455,1.52532,1.409502,96.54715,64.6981,2.44911,0.0107058,3,0,0.340722935,(1.6+0j),0.95,0.633092498,5.508847307,3.530526378,0.280174371,0.179558981,0.949141017,0.81264494,5.069305326,3.248831411,0.36065748,0.231139234,0.928854654,0.591642384,5.22396413,3.347949604,0.226966469,0.145458943,0.956552828,0.550626614
coated_76_1,TRUE,TRUE,333,0.584709,0.277266,1,1,1.77071,0.0123314,1.895222069,0,0.461793945,(1.6+0j),0.75,0.119280971,0.110252534,1.826019722,0.094239767,1.560813773,0.145237176,0.779530325,0.160782918,2.662911858,0.09743629,1.613755082,0.393988548,0.324320691,0.160782918,2.662911858,0.09743629,1.613755082,0.393988548,0.324320691
coated_76_2,TRUE,TRUE,333,0.585738,0.30769,1.367035,1.24469,1.76033,0.0115356,1.881382647,0,0.438515113,(1.6+0j),1.05,0.097174496,0.087499956,1.176768922,0.076684706,1.031316842,0.123602924,0.692677048,0.121470394,1.633630356,0.084507394,1.136522564,0.304296373,0.205954213,0.125037552,1.681604338,0.08553885,1.150394405,0.315894721,0.178963587
coated_76_3,TRUE,TRUE,333,0.593241,0.31954,1.53073,1.35382,1.79004,0.0204111,1.940658408,0,0.432582189,(1.6+0.01867j),0.65,0.194124099,0.18111913,2.258520208,0.132120612,1.647518254,0.270531985,0.790051164,0.218031904,2.718815297,0.119985727,1.496198599,0.449687296,0.531909248,0.206887708,2.579849343,0.115447749,1.439610899,0.441978694,0.502911373
coated_76_4,TRUE,TRUE,333,0.590936,0.342516,1.88686,1.59124,1.84435,0.0135523,1.995987342,0,0.417990665,(1.6+0.2105j),0.6,0.253822132,0.258728995,2.807976662,0.174645749,1.89542415,0.324985789,0.804224598,0.25838411,2.804233634,0.140393826,1.523689245,0.456646826,0.615293407,0.241579192,2.621850453,0.136236206,1.478566738,0.43605985,0.607738394
coated_76_5,TRUE,TRUE,333,0.588792,0.382666,2.632225,2.08815,1.90018,0.0162296,2.174459693,0,0.396937764,(1.6+0j),0.65,0.302176979,0.284318115,2.472150445,0.154404607,1.342550469,0.45693011,0.779754735,0.316446993,2.751511536,0.14834261,1.289841304,0.531224461,0.625517375,0.274661722,2.388187956,0.143681758,1.249315124,0.476877387,0.619709807
coated_76_6,TRUE,TRUE,333,0.588624,0.39902,2.984125,2.32275,2.00438,0.0136191,2.087754153,0,0.389674456,(1.6+0j),0.65,0.383765476,0.325128345,2.600013622,0.159156987,1.272759947,0.510479508,0.766331885,0.349252775,2.792933888,0.155777143,1.245731728,0.553970206,0.640498714,0.297854629,2.381908886,0.151349965,1.210328098,0.491866332,0.636444962
coated_76_7,TRUE,TRUE,333,0.77538,0.643932,12.54655,8.6977,2.05712,0.0174126,3,0,0.355617038,(1.6+0j),0.75,0.380007425,1.077413242,3.308357339,0.218717154,0.671603496,0.796997897,0.851411417,1.195573642,3.671186392,0.222297164,0.682596451,0.814066523,0.727197965,1.091883964,3.35279184,0.195578315,0.600552255,0.820879946,0.621882085
coated_76_8,TRUE,TRUE,333,0.790927,0.670524,14.166775,9.77785,2.18215,0.0183041,3,0,0.352859836,(1.6+0.00243j),1,0.349051012,0.954507388,2.703091574,0.193356957,0.547572044,0.79742749,0.788263507,0.952264292,2.696739299,0.1672888,0.473749026,0.824325241,0.622494821,0.875999898,2.480764394,0.179300066,0.507764008,0.795319536,0.587802684
coated_76_9,TRUE,TRUE,333,0.704383,0.623574,11.404075,7.93605,2.33925,0.0237942,3,0,0.348121961,(1.6+0j),0.35,1.280538865,1.007002813,3.297348151,0.315044455,1.031587237,0.687146401,0.897905153,0.728393237,2.385063938,0.345535864,1.131428858,0.525619066,0.695257697,1.003151197,3.284736348,0.202395842,0.66272859,0.798239944,0.586279212
coated_76_10,TRUE,TRUE,333,0.617347,0.546152,7.666405,5.44427,2.49887,0.0188265,3,0,0.348958569,(1.6+0j),0.75,0.732723191,0.667760552,2.850386954,0.198688655,0.848117708,0.702455238,0.81518633,0.732568309,3.127023818,0.201479301,0.860029793,0.724968582,0.694460148,0.611721622,2.611180496,0.186863619,0.797641639,0.694528341,0.62323311
coated_77_1,TRUE,TRUE,357,0.612733,0.283738,1,1,1.83067,0.0111158,1.948111476,0,0.464320313,(1.6+0.04107j),0.3,0.296732156,0.358911143,5.676257047,0.230165686,3.640119904,0.358711229,0.92634457,0.178066132,2.816154237,0.093555591,1.479601826,0.474601992,0.738261131,0.178066132,2.816154237,0.093555591,1.479601826,0.474601992,0.738261131
coated_77_2,TRUE,TRUE,357,0.606675,0.30416,1.232005,1.15467,1.81299,0.0145188,1.873032302,0,0.446780048,(1.6+0.1786j),1.05,0.091753071,0.09627724,1.325041713,0.085182929,1.172353247,0.11523295,0.678711404,0.129746648,1.785673551,0.09086483,1.250551948,0.299674934,0.198136899,0.131416788,1.808659304,0.091345813,1.257171612,0.304915188,0.184203621
coated_77_3,TRUE,TRUE,357,0.617476,0.33281,1.61467,1.40978,1.83831,0.0174435,2.005158413,0,0.430573888,(1.6+0.20077j),0.45,0.251746915,0.34136634,3.924082057,0.220340657,2.532864897,0.354533147,0.874499574,0.256500689,2.948532511,0.135991911,1.56325728,0.469818537,0.705663181,0.237721736,2.732664267,0.132149946,1.519093043,0.444098179,0.711446378
coated_77_4,TRUE,TRUE,357,0.614186,0.3507,1.88881,1.59254,1.85566,0.020053,2.125435626,0,0.419369463,(1.6+0.19539j),0.55,0.240545927,0.309480126,3.203843925,0.199443613,2.064708377,0.355552759,0.839243696,0.282784767,2.927484457,0.151156226,1.564820857,0.465472531,0.668694657,0.260510365,2.696892244,0.146464449,1.516249988,0.437778802,0.668149116
coated_77_5,TRUE,TRUE,357,0.604086,0.366836,2.161585,1.77439,1.89158,0.0148379,2.091887202,0,0.408362472,(1.6+0.04816j),0.55,0.294269653,0.325331363,3.078166821,0.188548307,1.783975384,0.420442267,0.828573099,0.316729028,2.996774662,0.15930807,1.507314915,0.497020936,0.689447226,0.277078011,2.621611184,0.152253823,1.440570199,0.450501963,0.687893341
coated_77_6,TRUE,TRUE,357,0.608092,0.400798,2.8198,2.2132,1.95821,0.014643,2.265882712,0,0.393629059,(1.6+0j),0.75,0.295632059,0.269257469,2.134159072,0.144973203,1.149070726,0.4615815,0.71267819,0.323325936,2.562710636,0.153567498,1.217189887,0.52503811,0.593627701,0.287755624,2.280777121,0.150084514,1.189583444,0.478430648,0.569034291
coated_77_7,TRUE,TRUE,357,0.636024,0.479984,4.84732,3.56488,1.97962,0.015087,1.922071049,0,0.371092942,(1.6+0.20611j),0.9,0.271086098,0.402372726,2.223745755,0.231229733,1.277910019,0.425334476,0.717714588,0.437450232,2.417604463,0.229902262,1.270573644,0.47444933,0.596663508,0.413657266,2.286110692,0.228825541,1.264623055,0.44682335,0.59319025
coated_77_8,TRUE,TRUE,357,0.798441,0.684674,14.07184,9.71456,2.02612,0.0181873,3,0,0.351374981,(1.6+0j),0.75,0.372111709,1.292256019,3.509869828,0.244793256,0.664877895,0.810569073,0.851287007,1.352451833,3.673366432,0.233736026,0.634845583,0.827176081,0.716047242,1.203097555,3.267708371,0.198528404,0.53921889,0.834985614,0.601819009
coated_77_9,TRUE,TRUE,357,0.748033,0.643954,11.7058,8.1372,2.14181,0.0200816,3,0,0.351305433,(1.6+0.21722j),0.3,1.11843512,0.987663789,3.032561098,0.503371724,1.545572012,0.490341015,0.969835423,0.810579166,2.488833623,0.427297722,1.311991454,0.472848871,0.889601652,0.816590161,2.507290014,0.431546133,1.325035938,0.471526656,0.889516537
coated_77_10,TRUE,TRUE,357,0.774045,0.69438,14.7061,10.1374,2.38992,0.0134542,3,0,0.346017908,(1.6+0j),0.35,1.390050277,1.197188036,3.161390034,0.328372213,0.867125806,0.725713754,0.883444477,0.835072446,2.205158778,0.40011852,1.056584816,0.520857715,0.668700381,1.039915969,2.746084893,0.202283728,0.534166515,0.805480698,0.426999615
coated_78_1,TRUE,TRUE,431,0.669122,0.302158,1,1,1.78168,0.0110452,1.905758836,0,0.46438981,(1.6+0j),1.15,0.061720201,0.085693363,1.195058348,0.078345675,1.092589313,0.085743959,0.708515829,0.122571206,1.709347586,0.089222115,1.244269449,0.272079325,0.15823007,0.122571206,1.709347586,0.089222115,1.244269449,0.272079325,0.15823007
coated_78_2,TRUE,TRUE,431,0.656586,0.324896,1.24405,1.1627,1.79682,0.0143023,1.901835031,0,0.445294237,(1.6+0.25949j),0.35,0.24216986,0.447913631,5.402759911,0.286537335,3.456229778,0.360284404,0.906940222,0.235015285,2.834767847,0.125151835,1.509588614,0.467473636,0.748566438,0.227816871,2.747940172,0.123635667,1.491300509,0.45730241,0.755693001
coated_78_3,TRUE,TRUE,431,0.663006,0.342424,1.456105,1.30407,1.81568,0.0162687,1.936695794,0,0.435907764,(1.6+0.24616j),0.4,0.241741486,0.436824806,4.743392023,0.274243449,2.977954021,0.37218893,0.898057274,0.265589956,2.883987495,0.142279767,1.544987146,0.464287849,0.739629093,0.250777107,2.723137775,0.139485849,1.514648566,0.443785555,0.750870501
coated_78_4,TRUE,TRUE,431,0.664062,0.367566,1.801015,1.53401,1.84348,0.0115673,1.963946353,0,0.422222178,(1.6+0j),1.2,0.09510433,0.113649691,1.071044993,0.094313579,0.888819713,0.170137838,0.650597014,0.153054978,1.442403983,0.103223976,0.972792109,0.32557583,0.226565295,0.161319255,1.520287281,0.106469572,1.003378899,0.340007043,0.18259559
coated_78_5,TRUE,TRUE,431,0.657516,0.393372,2.20783,1.80522,1.89453,0.0125411,2.096123375,0,0.408244557,(1.6+0.07418j),0.55,0.281711149,0.409951311,3.373148884,0.228704697,1.881821019,0.442117415,0.838193711,0.368719846,3.033889399,0.185118766,1.523188593,0.497941951,0.713076475,0.32097363,2.641025438,0.17781224,1.463069255,0.446022278,0.718275234
coated_78_6,TRUE,TRUE,431,0.655921,0.438738,3.064855,2.37657,1.96083,0.0123644,2.317390612,0,0.389301889,(1.6+0.04922j),0.45,0.421882553,0.615455049,4.07095175,0.28633216,1.89395539,0.534763489,0.895814608,0.470236343,3.110396882,0.224632211,1.485838639,0.522299341,0.784434841,0.403430677,2.668508158,0.216660259,1.433107846,0.462955419,0.789787499
coated_78_7,TRUE,TRUE,431,0.684697,0.486718,4.185985,3.12399,2.05691,0.0161439,2.064713626,0,0.378860621,(1.6+0j),0.5,0.526281614,0.694274657,3.731527236,0.271270453,1.458000914,0.609275018,0.890182305,0.628550242,3.378277348,0.254687004,1.368869629,0.594802472,0.772882082,0.523728939,2.814892897,0.224486381,1.206549938,0.571369149,0.698102357
coated_78_8,TRUE,TRUE,431,0.722998,0.58314,7.202755,5.13517,2.15326,0.0170666,1.843566915,0,0.360076547,(1.6+0.25659j),0.9,0.350067406,0.713834613,2.672772881,0.382576579,1.432461086,0.464054317,0.814914927,0.717284907,2.685691631,0.363544334,1.361199665,0.493166062,0.67715362,0.670024696,2.508737746,0.361415305,1.353228055,0.460594055,0.685532177
coated_78_9,TRUE,TRUE,431,0.845121,0.735372,14.45005,9.9667,2.38719,0.0135607,3,0,0.349259083,(1.6+0j),0.5,0.88411361,1.534323326,3.61254135,0.357483068,0.841688544,0.767009298,0.879550278,1.291735499,3.041371935,0.411061407,0.967837942,0.681775869,0.692582901,1.451196707,3.416820967,0.245670955,0.578428594,0.830711471,0.569787235
coated_78_10,TRUE,TRUE,431,0.686872,0.561226,6.426535,4.61769,2.53566,0.0195215,3,0,0.358829433,(1.6+0j),1,0.516596613,0.529031642,2.13853421,0.185664196,0.750520767,0.649048978,0.737132853,0.591388196,2.390601597,0.192060448,0.776376697,0.675237941,0.611613723,0.537147046,2.171339564,0.20207172,0.816845823,0.623805582,0.591383283
coated_79_1,TRUE,TRUE,347,0.589138,0.28103,1,1,1.75393,0.0137739,1.849069548,0,0.459890212,(1.6+0j),0.3,0.282422402,0.355252588,5.727195416,0.231572236,3.733285818,0.348147645,0.921648935,0.175051445,2.822087348,0.092074911,1.4843833,0.474012276,0.736839758,0.175051445,2.822087348,0.092074911,1.4843833,0.474012276,0.736839758
coated_79_2,TRUE,TRUE,347,0.589155,0.301284,1.231855,1.15457,1.79289,0.0176141,1.864954809,0,0.444044611,(1.6+0j),0.7,0.160492359,0.147460068,2.068389913,0.118000995,1.655173975,0.199776616,0.796448546,0.192556333,2.700945292,0.111242007,1.560367148,0.422288503,0.438208606,0.189584236,2.659256346,0.108806229,1.52620102,0.426079768,0.413098549
coated_79_3,TRUE,TRUE,347,0.591763,0.323182,1.52086,1.34724,1.82608,0.0139466,1.946331739,0,0.429837762,(1.6+0j),1.15,0.121703715,0.086830423,1.058492307,0.075013263,0.914437124,0.13609469,0.66007291,0.114850514,1.400066723,0.081841647,0.997677443,0.287407217,0.186690861,0.11932772,1.454645387,0.083481951,1.017673303,0.300397669,0.156773566
coated_79_4,TRUE,TRUE,347,0.583514,0.345606,1.85986,1.57324,1.85407,0.0112996,1.987808182,0,0.41429608,(1.6+0j),0.85,0.204508699,0.149667166,1.595416599,0.110028142,1.172873975,0.26484783,0.709212503,0.207483919,2.21172952,0.121163331,1.291572463,0.416035075,0.426229125,0.206306571,2.199179266,0.11927734,1.271468245,0.421844202,0.35924266
coated_79_5,TRUE,TRUE,347,0.585217,0.381006,2.493445,1.99563,1.90536,0.0156671,2.026715125,0,0.396802698,(1.6+0.0252j),0.45,0.470375732,0.43372137,3.804147167,0.21384227,1.875599225,0.506959341,0.871645653,0.350929622,3.07798513,0.168702821,1.479683506,0.519268793,0.750276873,0.291850658,2.559806666,0.160584485,1.408478012,0.449771723,0.768563612
coated_79_6,TRUE,TRUE,347,0.593556,0.408188,3.06706,2.37804,1.93281,0.0140143,2.065418351,0,0.387061006,(1.6+0j),0.9,0.258034696,0.205512983,1.57046736,0.121015882,0.924766358,0.411152131,0.680484337,0.272581742,2.082986305,0.1386877,1.059808986,0.491206935,0.520246031,0.261232422,1.996258273,0.137927647,1.054000896,0.472011758,0.441998589
coated_79_7,TRUE,TRUE,347,0.742751,0.598326,9.66019,6.77346,2.03387,0.0125942,3,0,0.359975923,(1.6+0.00082j),0.35,0.882463893,1.014883986,3.609530929,0.341008654,1.212829545,0.663992478,0.920083606,0.691343902,2.458830007,0.33983409,1.208652099,0.508444221,0.714163765,0.877850687,3.122159037,0.210420016,0.748378698,0.760300904,0.566545222
coated_79_8,TRUE,TRUE,347,0.775669,0.689868,14.8186,10.2124,2.11712,0.0203481,3,0,0.347055386,(1.6+0.001j),0.35,1.021840684,1.191440439,3.187501916,0.363315382,0.971990238,0.695062069,0.899440954,0.823049692,2.201933378,0.397087397,1.062341682,0.517541406,0.662922303,1.004941438,2.688554672,0.21173358,0.566458188,0.789307544,0.415084116
coated_79_9,TRUE,TRUE,347,0.739527,0.670736,13.628335,9.41889,2.35748,0.0214085,3,0,0.344876197,(1.6+0.41017j),0.45,1.125417765,1.004075837,2.841668424,0.538065614,1.52279739,0.464118552,0.947807018,0.922174688,2.609877257,0.489841982,1.386318087,0.468818665,0.851083898,0.926816692,2.623014747,0.490935717,1.389413503,0.470299012,0.855707992
coated_79_10,TRUE,TRUE,347,0.74162,0.666576,13.3801,9.2534,2.39298,0.0167493,3,0,0.345973741,(1.6+0j),1.2,0.443154962,0.670430605,1.921164728,0.146996133,0.421227466,0.780743702,0.74152723,0.757926902,2.171891348,0.155536161,0.4456995,0.794787386,0.612117903,0.727627032,2.085064999,0.165228027,0.473472205,0.772922089,0.589758745
coated_80_1,TRUE,TRUE,391,0.669052,0.292442,1,1,1.77176,0.00973116,1.852183247,0,0.472001756,(1.6+0.19154j),1,0.100955486,0.090650462,1.349586268,0.082284326,1.225032872,0.092290059,0.716814697,0.13685649,2.037492527,0.093728867,1.39541695,0.315130273,0.200274829,0.13685649,2.037492527,0.093728867,1.39541695,0.315130273,0.200274829
coated_80_2,TRUE,TRUE,391,0.665939,0.314452,1.243,1.162,1.76618,0.0129902,1.835739903,0,0.454636939,(1.6+0j),0.8,0.127766764,0.137497492,1.770500983,0.11578868,1.490965175,0.157885147,0.800566863,0.197942547,2.548828119,0.118624111,1.527475902,0.400714434,0.381479675,0.197172005,2.538906157,0.116777347,1.503695847,0.407738706,0.352582094
coated_80_3,TRUE,TRUE,391,0.682925,0.329056,1.4245,1.283,1.78075,0.00628286,1.86178639,0,0.448827139,(1.6+0.01121j),0.45,0.251629327,0.314933527,3.703304193,0.21122928,2.483845671,0.329289321,0.876685829,0.253622652,2.982349448,0.133553047,1.570450645,0.473418299,0.70104575,0.235151326,2.765145083,0.128661626,1.512932413,0.452856046,0.700540828
coated_80_4,TRUE,TRUE,391,0.677485,0.355688,1.79845,1.5323,1.79984,0.0131332,1.94159901,0,0.431621971,(1.6+0.10424j),0.4,0.363801998,0.434885972,4.376703145,0.258244213,2.598976127,0.406179482,0.893676733,0.291259373,2.931241506,0.153298061,1.542795463,0.473671664,0.759300372,0.261004628,2.626757009,0.14905068,1.500049715,0.428934725,0.788625149
coated_80_5,TRUE,TRUE,391,0.664003,0.373896,2.09044,1.72696,1.84478,0.0131083,1.990877985,0,0.418983407,(1.6+0.25977j),0.7,0.259589678,0.280181874,2.551811068,0.196605859,1.790626209,0.298292012,0.807019309,0.296069727,2.696512783,0.163871501,1.492491657,0.446510446,0.580997759,0.280269407,2.55260829,0.159753976,1.454990496,0.429998523,0.568413545
coated_80_6,TRUE,TRUE,391,0.667683,0.41181,2.792245,2.19483,1.88897,0.0101825,2.099389375,0,0.402418126,(1.6+0j),0.35,0.654092969,0.609990093,4.579722079,0.2737085,2.054965935,0.551290253,0.920673928,0.386755949,2.903710698,0.1967972,1.477526422,0.491159218,0.805919747,0.355191892,2.66673208,0.184347823,1.384058207,0.480990904,0.796860015
coated_80_7,TRUE,TRUE,391,0.698729,0.511598,5.359105,3.90607,2.00452,0.0141463,2.64102617,0,0.374102973,(1.6+0j),1.1,0.276285103,0.292100328,1.420968618,0.129443785,0.629699932,0.556851627,0.687091867,0.365139841,1.776280976,0.150535483,0.732303858,0.58773197,0.540123966,0.352080348,1.712750993,0.155855312,0.758183016,0.557330272,0.465211242
coated_80_8,TRUE,TRUE,391,0.797977,0.694346,13.39735,9.2649,2.09869,0.0122195,3,0,0.349580115,(1.6+0.16393j),1.2,0.310599435,0.866753599,2.289042711,0.399685086,1.055543621,0.538871155,0.765289381,0.896480494,2.367549606,0.399561937,1.055218394,0.554299352,0.628706173,0.867747275,2.291666948,0.406555645,1.073688344,0.531481508,0.634920815
coated_80_9,TRUE,TRUE,391,0.780818,0.683348,12.779845,8.85323,2.21366,0.0177411,3,0,0.348993655,(1.6+0.17458j),0.5,0.918234104,1.171190248,3.193402867,0.548924515,1.496714238,0.531310549,0.940684523,1.044912654,2.849090548,0.515394309,1.40528976,0.506758477,0.829188706,1.082095326,2.950473949,0.506452353,1.380908352,0.531970668,0.819134043
coated_80_10,TRUE,TRUE,391,0.780017,0.707696,14.197705,9.79847,2.3989,0.0104418,3,0,0.344621941,(1.6+0.25664j),0.6,0.948713972,1.171621563,2.978543813,0.590902144,1.502215374,0.495654431,0.927366003,1.137885059,2.892777506,0.56857285,1.445448939,0.500324883,0.824673556,1.124737797,2.859354005,0.560769492,1.425610926,0.501422026,0.809887619
coated_81_1,TRUE,TRUE,506,0.714138,0.318724,1,1,1.76095,0.01154,1.901539167,0,0.462903985,(1.6+0j),0.55,0.145396933,0.244467809,3.064095276,0.191913533,2.405393781,0.214974221,0.871059397,0.238730412,2.992184245,0.131007058,1.642008032,0.451234317,0.607232769,0.238730412,2.992184245,0.131007058,1.642008032,0.451234317,0.607232769
coated_81_2,TRUE,TRUE,506,0.705221,0.341144,1.22677,1.15118,1.75329,0.00927303,1.938671181,0,0.446268858,(1.6+0j),0.55,0.161086504,0.297549096,3.255316947,0.218049461,2.385556252,0.267181571,0.865544674,0.273763016,2.995086856,0.14829479,1.622409711,0.458309629,0.648138144,0.263852972,2.88666665,0.144660994,1.582654399,0.451736348,0.641430479
coated_81_3,TRUE,TRUE,506,0.710488,0.360802,1.45162,1.30108,1.75651,0.00952393,1.92744938,0,0.436029123,(1.6+0.02309j),0.8,0.12541437,0.204862316,2.003707504,0.160200488,1.566881238,0.218008998,0.791908126,0.270836439,2.64898404,0.153977967,1.506020305,0.431472488,0.479858761,0.262303144,2.565521995,0.149038996,1.457713456,0.431806292,0.44369695
coated_81_4,TRUE,TRUE,506,0.699091,0.380524,1.70275,1.4685,1.81482,0.01008,1.99607787,0,0.423334935,(1.6+0j),0.55,0.269718856,0.388735454,3.4182212,0.23978178,2.108444588,0.383174913,0.851889602,0.345171108,3.035152027,0.178007538,1.565252502,0.484291894,0.698014075,0.308961557,2.716754891,0.169825937,1.493310203,0.450333113,0.694725826
coated_81_5,TRUE,TRUE,506,0.695562,0.410552,2.13814,1.75876,1.83195,0.00852193,1.990267024,0,0.408802473,(1.6+0.20185j),1,0.162987416,0.230714975,1.742808054,0.175302379,1.324224393,0.240177718,0.702771105,0.298219884,2.252736371,0.179516426,1.356057069,0.398040052,0.42311443,0.296547472,2.24010307,0.177724824,1.34252341,0.400686769,0.377216232
coated_81_6,TRUE,TRUE,506,0.688831,0.437838,2.59468,2.06312,1.88905,0.00952779,1.985861625,0,0.396455321,(1.6+0j),0.6,0.356117235,0.488454906,3.244200535,0.246462056,1.636941965,0.49542516,0.840987612,0.470916428,3.127714166,0.218502753,1.451242971,0.536005244,0.722057492,0.391495317,2.600218161,0.208211311,1.382889679,0.46816398,0.717248721
coated_81_7,TRUE,TRUE,506,0.697211,0.482298,3.470275,2.64685,1.9455,0.0108155,1.95006219,0,0.382673745,(1.6+0j),0.7,0.363620418,0.510675308,2.795271882,0.235105878,1.286893726,0.53961769,0.816300175,0.555082828,3.03834432,0.233022705,1.275491108,0.580201921,0.694340466,0.456061473,2.496333368,0.221962213,1.214949546,0.513306371,0.674328952
coated_81_8,TRUE,TRUE,506,0.786923,0.630286,7.75009,5.50006,2.07183,0.00930514,1.601943672,0,0.360166006,(1.6+0.05205j),1.05,0.331916813,0.683329296,2.190104501,0.261617706,0.838497805,0.617142559,0.754756053,0.783307059,2.510538223,0.274759938,0.880619314,0.649230868,0.623432245,0.718141627,2.30167976,0.284900043,0.913118859,0.603281536,0.617477057
coated_81_9,TRUE,TRUE,506,0.714874,0.59176,6.4126,4.6084,2.16987,0.0174035,3,0,0.356717348,(1.6+0j),0.5,0.827558328,1.030461986,3.746716927,0.350209006,1.273345381,0.660143692,0.914418439,0.918021807,3.337889114,0.341276812,1.240868295,0.628247598,0.769383905,0.849427304,3.088482351,0.244645012,0.88951909,0.711988288,0.616014558
coated_81_10,TRUE,TRUE,506,0.778877,0.68622,10.013695,7.00913,2.32662,0.0125221,3,0,0.3481868,(1.6+0.13553j),0.4,1.26613354,1.193917149,3.228178688,0.556836837,1.505605988,0.533605127,0.951593544,0.950176328,2.569138884,0.512098256,1.384639359,0.461049238,0.848605046,1.048476531,2.834928367,0.510582457,1.380540859,0.513024429,0.853078036
coated_82_1,TRUE,TRUE,553,0.755951,0.32831,1,1,1.83897,0.0117108,1.922301896,0,0.46539779,(1.6+0.27999j),0.5,0.207730931,0.303343984,3.583251432,0.226717315,2.678098739,0.252606525,0.894257071,0.253572293,2.995323226,0.136529823,1.612758814,0.461574364,0.649817771,0.253572293,2.995323226,0.136529823,1.612758814,0.461574364,0.649817771
coated_82_2,TRUE,TRUE,553,0.743368,0.35236,1.236745,1.15783,1.82936,0.0163768,1.890612888,0,0.447704565,(1.6+0.10429j),0.75,0.14119492,0.219790092,2.253953893,0.176882382,1.813934056,0.195221312,0.839707991,0.271496552,2.784205165,0.153033289,1.569360898,0.43633432,0.48898469,0.265710037,2.724864278,0.149844841,1.536663276,0.436058783,0.471694501
coated_82_3,TRUE,TRUE,553,0.739248,0.365798,1.3843,1.2562,1.86603,0.00872573,1.965146679,0,0.439296284,(1.6+0j),1.15,0.121028623,0.13712156,1.304767745,0.117698432,1.119948733,0.141648974,0.718257256,0.194852358,1.854099903,0.129567945,1.232892007,0.335045536,0.248934887,0.200212239,1.905101361,0.130685415,1.243525193,0.347265601,0.21597307
coated_82_4,TRUE,TRUE,553,0.738613,0.392566,1.71103,1.47402,1.87179,0.0131916,2.018603953,0,0.425586369,(1.6+0j),1.15,0.131057137,0.149220021,1.232854573,0.123513485,1.020467383,0.172272703,0.716807959,0.217969518,1.800862343,0.138918645,1.14774469,0.362669393,0.293224835,0.226233584,1.86913999,0.141054083,1.165387657,0.376511303,0.240635048
coated_82_5,TRUE,TRUE,553,0.725126,0.418338,2.06908,1.71272,1.93418,0.0122656,2.124663994,0,0.411441497,(1.6+0.00869j),0.9,0.231520112,0.248702148,1.809401823,0.171492847,1.247675067,0.310448873,0.748390352,0.337543078,2.455753061,0.184014601,1.338775551,0.454841135,0.521651762,0.319142323,2.321880633,0.177714256,1.292938167,0.443150458,0.465927653
coated_82_6,TRUE,TRUE,553,0.71995,0.446134,2.511295,2.00753,1.96901,0.00742292,2.12416231,0,0.399476786,(1.6+0.05179j),0.65,0.374217833,0.47471636,3.036782395,0.262021384,1.676162851,0.448046441,0.828081653,0.472196568,3.020663168,0.230042869,1.471594816,0.512823928,0.701146111,0.405186509,2.591996742,0.220248002,1.408936601,0.456428097,0.700393926
coated_82_7,TRUE,TRUE,553,0.712192,0.492258,3.375595,2.58373,2.032,0.00984676,2.242266812,0,0.382380663,(1.6+0.00159j),0.6,0.519354884,0.650569966,3.418366023,0.281965454,1.481564133,0.566587041,0.859000461,0.61360634,3.224143707,0.257620251,1.353644281,0.580153863,0.743932476,0.50040872,2.629356187,0.246324501,1.294291697,0.50775338,0.726681174
coated_82_8,TRUE,TRUE,553,0.835856,0.690504,9.311785,6.54119,2.12744,0.00883624,2.929575703,0,0.355687993,(1.6+0j),0.3,1.292563128,1.351976776,3.610330435,0.511839726,1.366821216,0.621413818,0.948904309,0.931706466,2.488036979,0.453171175,1.210152212,0.513611645,0.859487291,0.862274976,2.302626529,0.256315097,0.684466044,0.702745524,0.479405632
coated_82_9,TRUE,TRUE,553,0.890887,0.787758,13.8406,9.5604,2.23127,0.0109319,3,0,0.347093266,(1.6+0j),0.95,0.517103274,1.605964831,3.295038584,0.306265257,0.628379788,0.809295165,0.832682709,1.792133607,3.677010398,0.313412016,0.643043151,0.825117941,0.727792565,1.646279364,3.377753933,0.273147592,0.560430613,0.834081871,0.63121924
coated_82_10,TRUE,TRUE,553,0.757422,0.657386,8.04916,5.69944,2.36078,0.0194849,3,0,0.350199996,(1.6+0j),0.4,1.45211532,1.139738108,3.357950473,0.425028381,1.252238776,0.627082416,0.91821396,0.853040255,2.51326766,0.416861792,1.228177983,0.511322251,0.735324896,1.078343458,3.177066641,0.275068738,0.810420561,0.744915467,0.656077469
coated_83_1,TRUE,TRUE,509,0.706286,0.319358,1,1,1.7546,0.00586608,1.875981683,0,0.460687207,(1.6+0j),0.8,0.100458739,0.155693217,1.943677521,0.134276697,1.676313216,0.137555897,0.820043186,0.222411181,2.776586033,0.13045545,1.628608688,0.413449226,0.370182434,0.222411181,2.776586033,0.13045545,1.628608688,0.413449226,0.370182434
coated_83_2,TRUE,TRUE,509,0.690788,0.344904,1.25998,1.17332,1.7711,0.0108239,1.905776189,0,0.440798855,(1.6+0.03652j),0.55,0.201557799,0.314630984,3.367558473,0.223256251,2.389556388,0.290418739,0.849516598,0.279793593,2.994686895,0.151325482,1.619666956,0.459153156,0.653116061,0.268609687,2.874983301,0.147454841,1.578238716,0.451044215,0.646662951
coated_83_3,TRUE,TRUE,509,0.696678,0.367796,1.527985,1.35199,1.78545,0.00790526,1.982426895,0,0.429306888,(1.6+0j),0.95,0.134744482,0.171487441,1.614092559,0.137348852,1.292769654,0.199073407,0.742557034,0.243408698,2.291037556,0.146943568,1.383078077,0.396309295,0.382917508,0.244080636,2.297362041,0.144915726,1.363991398,0.4062793,0.33178204
coated_83_4,TRUE,TRUE,509,0.685685,0.387018,1.7812,1.5208,1.81532,0.011072,1.998702375,0,0.417334804,(1.6+0j),0.4,0.376828078,0.551810825,4.690703758,0.297544818,2.529299055,0.460784738,0.903626914,0.342889258,2.914752411,0.179239283,1.523635168,0.477267722,0.775826216,0.304329017,2.586968578,0.174429752,1.482751438,0.42683825,0.816379311
coated_83_5,TRUE,TRUE,509,0.681899,0.420318,2.2807,1.8538,1.88656,0.0123637,2.151747179,0,0.40190516,(1.6+0j),0.55,0.361298943,0.483400489,3.483864268,0.254324312,1.832913709,0.473884868,0.845607675,0.430016153,3.099123691,0.206387578,1.487433971,0.520046917,0.729662801,0.360953653,2.60139069,0.196830807,1.41855838,0.454692297,0.736263301
coated_83_6,TRUE,TRUE,509,0.685747,0.446172,2.729815,2.15321,1.9735,0.0109996,2.234556468,0,0.392735683,(1.6+0.06774j),1.15,0.220312984,0.22011081,1.407819142,0.149567053,0.956624348,0.320492015,0.612673246,0.278291669,1.779941383,0.162808596,1.041316681,0.414971363,0.384995758,0.284293559,1.818329207,0.165353265,1.057592274,0.418371398,0.315464656
coated_83_7,TRUE,TRUE,509,0.694651,0.510794,4.095625,3.06375,2.08904,0.0148785,2.455324184,0,0.373567948,(1.6+0.13786j),0.7,0.469351506,0.624480748,3.047457083,0.309478295,1.510249638,0.504423,0.832070811,0.616251873,3.007300293,0.289875858,1.414590025,0.529614642,0.724676801,0.537532468,2.623150724,0.284402754,1.387881356,0.470910557,0.724847725
coated_83_8,TRUE,TRUE,509,0.883787,0.73758,12.344425,8.56295,2.1708,0.0139827,3,0,0.354016336,(1.6+0.25858j),0.75,0.526644042,1.359373308,3.18149022,0.672126225,1.57305061,0.505561702,0.907838052,1.27737076,2.989570678,0.620890202,1.453137335,0.513931099,0.798175786,1.222569088,2.861312324,0.613639087,1.436166756,0.498074103,0.781649534
coated_83_9,TRUE,TRUE,509,0.780416,0.667788,9.16438,6.44292,2.30216,0.0141913,3,0,0.351788194,(1.6+0j),1,0.490170531,0.89205123,2.54696334,0.238048397,0.67967009,0.733144926,0.785212096,0.962047789,2.74681584,0.228276447,0.651769451,0.762718184,0.633919332,0.847009498,2.418361262,0.235451604,0.67225579,0.722020113,0.594503744
coated_83_10,TRUE,TRUE,509,0.839249,0.745546,12.76876,8.84584,2.54449,0.0145771,3,0,0.346824046,(1.6+0.26981j),0.3,2.175648541,1.220155735,2.794965782,0.629560372,1.442110747,0.484032772,0.976926142,1.071431218,2.454288011,0.549387836,1.258462471,0.487239287,0.897748289,1.065734259,2.441238197,0.554305408,1.269726972,0.47988403,0.900448397
coated_84_1,TRUE,TRUE,556,0.751098,0.328886,1,1,1.76491,0.00961796,1.898824993,0,0.4639916,(1.6+0.06262j),1.05,0.076038319,0.123952631,1.459066526,0.111265828,1.309728108,0.102352028,0.792231436,0.190969977,2.247938581,0.125858601,1.481502004,0.340950853,0.232550413,0.190969977,2.247938581,0.125858601,1.481502004,0.340950853,0.232550413
coated_84_2,TRUE,TRUE,556,0.75245,0.35278,1.2343,1.1562,1.75965,0.00859914,1.868157848,0,0.449318945,(1.6+0j),0.65,0.126919517,0.261283079,2.673089452,0.201881742,2.065376595,0.227344752,0.830506516,0.282589884,2.891071403,0.15497346,1.585475504,0.451595868,0.579260493,0.273148396,2.794479072,0.15107674,1.545609621,0.446905995,0.568557542
coated_84_3,TRUE,TRUE,556,0.751483,0.373206,1.46101,1.30734,1.77622,0.00970824,1.920555845,0,0.43780256,(1.6+0.01298j),0.75,0.140758714,0.250907701,2.293648559,0.188540091,1.723521068,0.248567937,0.789360699,0.301047066,2.751992736,0.165537552,1.513245571,0.450127338,0.535805837,0.286386031,2.6179703,0.159494562,1.458004169,0.443078415,0.510519703
coated_84_4,TRUE,TRUE,556,0.73184,0.405662,1.87648,1.58432,1.80553,0.00964168,1.989580272,0,0.418232353,(1.6+0j),1.1,0.125010711,0.173218507,1.34021895,0.13663242,1.057146617,0.211213499,0.716792429,0.248249935,1.92074896,0.151276891,1.170453203,0.390626663,0.349385046,0.25498233,1.972838568,0.152462937,1.179629827,0.402064697,0.284793162
coated_84_5,TRUE,TRUE,556,0.722418,0.423244,2.131855,1.75457,1.86308,0.0123959,2.083651791,0,0.408879376,(1.6+0.13897j),0.95,0.1742058,0.267515115,1.901414597,0.194321432,1.381176563,0.273605786,0.717352636,0.337548169,2.399187857,0.193985039,1.378785585,0.425311536,0.486360611,0.327441202,2.327350668,0.189579036,1.347469079,0.42102877,0.439848315
coated_84_6,TRUE,TRUE,556,0.709988,0.447898,2.52745,2.0183,1.91904,0.0122756,2.162586511,0,0.396901546,(1.6+0.25659j),0.85,0.233055791,0.400176703,2.539824299,0.263191099,1.670409957,0.34231279,0.788602099,0.412022941,2.615009494,0.22802998,1.447250876,0.446559992,0.578100632,0.389377339,2.471283363,0.222947336,1.41499257,0.427426012,0.565611511
coated_84_7,TRUE,TRUE,556,0.72807,0.494532,3.403435,2.60229,1.99961,0.0175474,2.21927934,0,0.384602584,(1.6+0.14286j),1,0.252225991,0.38261621,1.991978679,0.23093514,1.202295834,0.396431374,0.664000853,0.45423532,2.364842499,0.242623281,1.263146698,0.465864345,0.561262155,0.428910421,2.232995866,0.239090926,1.244756534,0.442562096,0.532526038
coated_84_8,TRUE,TRUE,556,0.760492,0.589268,5.76271,4.17514,2.12257,0.0183826,1.934706798,0,0.364942298,(1.6+0.27144j),1.05,0.315690582,0.675024025,2.475162026,0.38749129,1.42084384,0.425959261,0.758541068,0.678437265,2.487677617,0.363393396,1.332482254,0.464366988,0.617059198,0.645330707,2.366283277,0.361989624,1.327334939,0.439063382,0.623129666
coated_84_9,TRUE,TRUE,556,0.788501,0.637854,7.31311,5.20874,2.27472,0.0224527,3,0,0.358854779,(1.6+0j),0.45,0.950230669,1.218919719,3.814544228,0.411950719,1.289177795,0.662036218,0.919270553,0.931435901,2.914878957,0.396630307,1.241233385,0.574173267,0.756918936,1.024948078,3.207520326,0.26333654,0.824097651,0.743073288,0.624962412
coated_84_10,TRUE,TRUE,556,0.846214,0.757856,12.271525,8.51435,2.43087,0.016044,3,0,0.345829749,(1.6+0.04083j),0.4,1.334237816,1.478872627,3.278441982,0.584788145,1.296388864,0.604571662,0.931327142,1.060807809,2.351654087,0.567015995,1.256990635,0.465486595,0.776767639,1.213574239,2.690314678,0.489948516,1.086143427,0.596276437,0.716153866
coated_85_1,TRUE,TRUE,511,0.731304,0.3198,1,1,1.7836,0.0150643,1.882133814,0,0.465962244,(1.6+0.19011j),1,0.088802209,0.119737137,1.49067191,0.10726659,1.335419384,0.10414936,0.800340545,0.185482249,2.309168118,0.120866726,1.504734781,0.348364994,0.243104745,0.185482249,2.309168118,0.120866726,1.504734781,0.348364994,0.243104745
coated_85_2,TRUE,TRUE,511,0.733573,0.343896,1.244305,1.16287,1.78416,0.0101477,1.835017745,0,0.450709114,(1.6+0.36961j),0.45,0.201893501,0.405626824,4.366993419,0.289429258,3.116006111,0.286464207,0.89097784,0.269896326,2.905713847,0.144626407,1.55705325,0.464140885,0.698000969,0.263124911,2.832812541,0.142748316,1.536833662,0.457488401,0.697310886
coated_85_3,TRUE,TRUE,511,0.729501,0.360676,1.43509,1.29006,1.80958,0.0121505,1.899053355,0,0.440101329,(1.6+0.00065j),0.75,0.166474539,0.223005185,2.182682617,0.171459981,1.678179457,0.231139038,0.814570293,0.278643966,2.727252018,0.154695868,1.514099251,0.444826059,0.516234262,0.266683937,2.6101922,0.149153455,1.459852395,0.440710767,0.487077915
coated_85_4,TRUE,TRUE,511,0.719967,0.382246,1.708285,1.47219,1.82252,0.0119125,1.946597906,0,0.426833426,(1.6+0.07395j),0.7,0.189481541,0.282089292,2.458163811,0.202836834,1.767547295,0.280948126,0.823066548,0.319698485,2.785895345,0.171484967,1.494342934,0.463604067,0.590678477,0.297080326,2.588797686,0.165029507,1.438089194,0.444495334,0.575545065
coated_85_5,TRUE,TRUE,511,0.707246,0.405978,2.04622,1.69748,1.869,0.0106202,2.025109271,0,0.413174953,(1.6+0j),0.65,0.27887122,0.35719572,2.759379068,0.215590852,1.665464763,0.396434951,0.822029887,0.378742777,2.925832622,0.189899421,1.466995427,0.498605827,0.658632199,0.333373048,2.575346118,0.181104508,1.399053685,0.456751201,0.652877794
coated_85_6,TRUE,TRUE,511,0.701572,0.438094,2.574835,2.04989,1.9117,0.0165895,2.10710663,0,0.398910856,(1.6+0.05363j),1,0.22124599,0.240819285,1.59759529,0.162222278,1.076182694,0.326373393,0.700788329,0.326703319,2.167350023,0.18119225,1.202029502,0.445392073,0.48704172,0.31781483,2.108383781,0.17859663,1.184810156,0.438048155,0.41979764
coated_85_7,TRUE,TRUE,511,0.713586,0.484556,3.483715,2.65581,1.95888,0.0095285,2.262698235,0,0.385059488,(1.6+0j),0.7,0.36166085,0.517170047,2.804500561,0.236475295,1.282354036,0.542751371,0.81722511,0.562469863,3.050151603,0.235751773,1.278430535,0.580863281,0.696682968,0.461634879,2.503345438,0.224415306,1.216955345,0.513868391,0.675878586
coated_85_8,TRUE,TRUE,511,0.867099,0.713542,11.12329,7.74886,2.04025,0.0137615,2.576565674,0,0.355881914,(1.6+0.19689j),1.05,0.28577873,1.071052715,2.678439755,0.514207754,1.285907287,0.519904346,0.810399649,1.093092281,2.733555297,0.501039054,1.252975603,0.541631514,0.691380045,1.023665774,2.559936655,0.500027113,1.250444988,0.51153284,0.689555443
coated_85_9,TRUE,TRUE,511,0.884726,0.760506,13.48069,9.32046,2.20689,0.0185044,3,0,0.350457116,(1.6+0j),0.85,0.511150747,1.606979486,3.537652431,0.314892285,0.693213241,0.804047104,0.853115189,1.666123333,3.667853454,0.29420715,0.647676369,0.823418144,0.719802328,1.497696143,3.297072831,0.254409668,0.560065008,0.830132655,0.607912529
coated_85_10,TRUE,TRUE,511,0.683082,0.56329,5.479075,3.98605,2.3921,0.0169318,3,0,0.35763409,(1.6+0j),0.35,1.60254409,0.861054034,3.455225863,0.36446027,1.462501191,0.57672776,0.939700105,0.638464831,2.56202295,0.334161257,1.340917725,0.476617598,0.791997161,0.809186818,3.247093804,0.245552105,0.985348131,0.696544606,0.695823623
coated_86_1,TRUE,TRUE,500,0.742366,0.31754,1,1,1.83191,0.00826716,1.930842898,0,0.469972906,(1.6+0j),0.55,0.190846209,0.242939631,3.067690957,0.189668808,2.39502004,0.219275972,0.865952811,0.23681503,2.990353283,0.130013524,1.641730131,0.450991245,0.605398517,0.23681503,2.990353283,0.130013524,1.641730131,0.450991245,0.605398517
coated_86_2,TRUE,TRUE,500,0.743162,0.341328,1.24297,1.16198,1.80921,0.00793113,1.898926618,0,0.45430396,(1.6+0j),1.2,0.090374101,0.109875547,1.200790764,0.098523266,1.076725716,0.103319456,0.723805658,0.152435674,1.665915244,0.107576037,1.175660236,0.294285685,0.192038475,0.15552438,1.699670612,0.108360533,1.184233706,0.303256938,0.172972143
coated_86_3,TRUE,TRUE,500,0.736725,0.3652,1.52314,1.34876,1.82966,0.00841611,1.967967775,0,0.43910599,(1.6+0j),0.95,0.146597221,0.168200537,1.60574271,0.1356394,1.294894668,0.193585212,0.76478146,0.238413221,2.276034899,0.144388611,1.378419852,0.394376663,0.377627413,0.239456398,2.285993686,0.142561726,1.360979318,0.404644323,0.326865723
coated_86_4,TRUE,TRUE,500,0.724856,0.378058,1.689865,1.45991,1.86896,0.00367277,2.006234304,0,0.429931234,(1.6+0j),0.9,0.187914191,0.193579825,1.72446088,0.146011492,1.300709441,0.245729807,0.740578393,0.268315169,2.390223321,0.155676309,1.386806217,0.419800566,0.446443177,0.263378016,2.346241843,0.151671722,1.351132287,0.424129149,0.388579253
coated_86_5,TRUE,TRUE,500,0.711413,0.403112,2.04925,1.6995,1.90322,0.00784969,2.046816229,0,0.415289514,(1.6+0.00508j),0.85,0.226915118,0.240889563,1.887455187,0.164594446,1.289655877,0.316722386,0.754952504,0.319366381,2.502348898,0.172502164,1.351615656,0.45986123,0.532203277,0.299695864,2.348223421,0.166189653,1.302154892,0.445472317,0.481031796
coated_86_6,TRUE,TRUE,500,0.719828,0.438952,2.644855,2.09657,1.94342,0.010878,1.938446294,0,0.40215961,(1.6+0j),0.5,0.465168928,0.576620209,3.81035916,0.273651261,1.808312598,0.525422008,0.869211757,0.473234811,3.127178981,0.222142655,1.46793901,0.530586826,0.757390514,0.387100808,2.557997595,0.208889587,1.380361526,0.460374189,0.767572954
coated_86_7,TRUE,TRUE,500,0.724341,0.47562,3.36685,2.5779,1.95895,0.00822571,1.996622958,0,0.389968669,(1.6+0.29433j),0.65,0.391954247,0.604802445,3.404108857,0.342896596,1.929981188,0.433043634,0.83846047,0.515483763,2.901381863,0.269752434,1.518291892,0.476700426,0.720449893,0.469793195,2.644214141,0.266421284,1.499542635,0.432896674,0.736331014
coated_86_8,TRUE,TRUE,500,0.796008,0.63515,8.018035,5.67869,2.05001,0.0133904,2.517071748,0,0.360548467,(1.6+0j),0.95,0.334317856,0.776263825,2.450004386,0.220502884,0.695939983,0.715943372,0.806841849,0.878960372,2.774130001,0.22925882,0.723575023,0.73917047,0.639797537,0.762214559,2.405662808,0.233065384,0.735589104,0.694226015,0.600196315
coated_86_9,TRUE,TRUE,500,0.881895,0.768824,14.2294,9.8196,2.19024,0.0100598,3,0,0.348806014,(1.6+0j),0.75,0.553469122,1.696687429,3.65475355,0.334437526,0.72039594,0.802887957,0.867026536,1.870269372,4.028658143,0.359597432,0.774591696,0.807729604,0.737563057,1.707403641,3.677836832,0.254915381,0.549101076,0.85069999,0.617420789
coated_86_10,TRUE,TRUE,500,0.853412,0.753372,13.40239,9.26826,2.37834,0.0107046,3,0,0.347490566,(1.6+0j),1.2,0.444984976,1.03233452,2.315856356,0.209898539,0.470869526,0.796675849,0.76179914,1.136379452,2.549262401,0.204564437,0.45890343,0.819985801,0.60592354,1.073559491,2.408337145,0.226399454,0.507886354,0.789113266,0.585027294
coated_87_1,TRUE,TRUE,552,0.751292,0.328162,1,1,1.8034,0.00664956,1.895146098,0,0.464518358,(1.6+0j),0.65,0.1380482,0.220331995,2.605020259,0.178932525,2.115547733,0.187895861,0.860524279,0.24604933,2.909080414,0.136546524,1.614411302,0.445044113,0.521827683,0.24604933,2.909080414,0.136546524,1.614411302,0.445044113,0.521827683
coated_87_2,TRUE,TRUE,552,0.742541,0.352314,1.23802,1.15868,1.79927,0.0168328,1.878458419,0,0.447560888,(1.6+0j),0.5,0.190596445,0.3656625,3.750859016,0.256598171,2.63210902,0.298265008,0.879662641,0.290424978,2.979094515,0.154785126,1.587740565,0.46703921,0.683679137,0.278094887,2.852616039,0.150727984,1.546123594,0.457998002,0.67992853
coated_87_3,TRUE,TRUE,552,0.741009,0.365288,1.380235,1.25349,1.80646,0.0128161,1.91804955,0,0.439931966,(1.6+0.18202j),0.6,0.194378266,0.33970559,3.241469957,0.241433204,2.303755075,0.289286927,0.867177339,0.30966211,2.954795141,0.168667816,1.609427912,0.455316584,0.642629966,0.296172169,2.826074155,0.164573163,1.570356745,0.444332788,0.636601303
coated_87_4,TRUE,TRUE,552,0.743065,0.399068,1.80025,1.5335,1.84304,0.00608059,1.997035644,0,0.423417897,(1.6+0.09044j),0.7,0.20682646,0.330672125,2.643710499,0.224773623,1.797056184,0.32025228,0.820043371,0.352657866,2.81948563,0.187566636,1.499587806,0.468134262,0.614080866,0.324850427,2.597166254,0.180532974,1.443353954,0.44425816,0.603997267
coated_87_5,TRUE,TRUE,552,0.723634,0.417338,2.05957,1.70638,1.87279,0.00825923,2.003629385,0,0.411568629,(1.6+0.19748j),1.05,0.156929107,0.230922915,1.688112126,0.177916037,1.300616786,0.229543603,0.694298445,0.300771242,2.198723239,0.183377157,1.340539125,0.390310203,0.398318745,0.301107924,2.201184482,0.18218748,1.331842244,0.394942925,0.352081255
coated_87_6,TRUE,TRUE,552,0.715067,0.44794,2.54626,2.03084,1.91294,0.0139373,2.072787361,0,0.397869698,(1.6+0.00457j),0.3,0.676353052,0.81756584,5.187918737,0.374739684,2.377935734,0.541639749,0.948838237,0.413733892,2.62537609,0.223007278,1.415107605,0.460988614,0.840795162,0.439254914,2.787321447,0.220437891,1.398803387,0.49815498,0.823376966
coated_87_7,TRUE,TRUE,552,0.720294,0.500822,3.561205,2.70747,1.9972,0.0124826,2.211261973,0,0.381263069,(1.6+0j),0.45,0.599891766,0.808165329,4.102452269,0.337744661,1.7144776,0.582084693,0.912291358,0.607780381,3.08524743,0.279430131,1.418458249,0.540244897,0.790423239,0.552645533,2.805368951,0.250861206,1.273435135,0.546072136,0.736407248
coated_87_8,TRUE,TRUE,552,0.773557,0.59608,6.009295,4.33953,2.11233,0.0227871,1.991119311,0,0.365491383,(1.6+0j),0.8,0.42620924,0.802380211,2.875287175,0.26924461,0.964823861,0.66444261,0.823174663,0.905840523,3.246031746,0.289230628,1.036442705,0.680704692,0.716632199,0.74791367,2.680109198,0.268682332,0.96280897,0.640757559,0.64921148
coated_87_9,TRUE,TRUE,552,0.820532,0.674258,8.70001,6.13334,2.22993,0.0123307,3,0,0.356502492,(1.6+0j),0.85,0.49697712,1.110209839,3.109302489,0.298409603,0.835739056,0.731213332,0.839851553,1.245681962,3.488711672,0.311575813,0.872612922,0.749875311,0.730522594,1.087431727,3.045509108,0.280785248,0.786379512,0.741790458,0.63977422
coated_87_10,TRUE,TRUE,552,0.909878,0.799226,14.50645,10.0043,2.4417,0.0125125,3,0,0.34776594,(1.6+0j),0.85,0.640594045,1.767084871,3.522316035,0.343801224,0.685296209,0.805441589,0.844240521,1.859456929,3.706440513,0.323564194,0.644957901,0.825989949,0.713473492,1.626667251,3.242422725,0.263437313,0.525107473,0.83805089,0.59537567
coated_88_1,TRUE,TRUE,660,0.810463,0.348248,1,1,1.84468,0.0103941,1.907918942,0,0.463443776,(1.6+0j),1.2,0.083497891,0.126470727,1.327770059,0.115132512,1.208734273,0.089650904,0.796604346,0.191797708,2.013614219,0.131930799,1.385093362,0.312135687,0.196926547,0.191797708,2.013614219,0.131930799,1.385093362,0.312135687,0.196926547
coated_88_2,TRUE,TRUE,660,0.788084,0.373432,1.23358,1.15572,1.8322,0.0136151,1.893760801,0,0.444780177,(1.6+0.24689j),0.3,0.377087162,0.768453073,7.016239563,0.457714238,4.179087643,0.404369306,0.941579346,0.294409302,2.688057694,0.15278796,1.395006364,0.481035557,0.793055727,0.286840936,2.618955916,0.152735996,1.394531914,0.467523716,0.811769031
coated_88_3,TRUE,TRUE,660,0.797735,0.40121,1.530265,1.35351,1.89249,0.0114998,1.990490205,0,0.432698623,(1.6+0.13556j),0.3,0.523226449,0.841977133,6.659887873,0.462642725,3.659420845,0.45052816,0.943651063,0.335765918,2.655848096,0.176424129,1.395483165,0.474562131,0.814503955,0.318074741,2.515914066,0.180178943,1.42518307,0.433532691,0.876816497
coated_88_4,TRUE,TRUE,660,0.787389,0.415296,1.69684,1.46456,1.90071,0.0125065,2.031079028,0,0.424458726,(1.6+0j),0.4,0.432530667,0.697838496,5.151687916,0.376760346,2.781376681,0.460103809,0.91733596,0.383105766,2.828220796,0.202644149,1.495990001,0.471049077,0.783221165,0.345634715,2.551596384,0.198645321,1.466469257,0.425273814,0.832119161
coated_88_5,TRUE,TRUE,660,0.76833,0.441626,2.040235,1.69349,1.92128,0.0108957,2.099494342,0,0.410193158,(1.6+0.20162j),0.7,0.29359239,0.477802188,3.119241389,0.309799303,2.022466267,0.351615981,0.843106445,0.444294708,2.900494136,0.236973656,1.547037781,0.466629578,0.665030376,0.407616234,2.66104564,0.229690835,1.499493258,0.43650224,0.665344991
coated_88_6,TRUE,TRUE,660,0.759455,0.467096,2.41498,1.94332,1.9536,0.0144625,2.069500025,0,0.399258805,(1.6+0j),1.05,0.234125674,0.282270121,1.647262194,0.186282515,1.087101051,0.340055849,0.720331567,0.380398978,2.219919181,0.205957395,1.201919034,0.458575319,0.50128017,0.366178522,2.136931936,0.201914753,1.178327124,0.448589305,0.427487192
coated_88_7,TRUE,TRUE,660,0.751085,0.539748,3.730795,2.82053,2.08726,0.0126863,2.277420102,0,0.375658232,(1.6+0.18515j),0.9,0.382883249,0.611451944,2.672331709,0.340328379,1.487394601,0.443409441,0.786329925,0.612085567,2.675100941,0.310383163,1.356519962,0.492908869,0.64127215,0.555650878,2.428454888,0.304698059,1.331673392,0.451637583,0.647141888
coated_88_8,TRUE,TRUE,660,0.877537,0.737484,9.51922,6.67948,2.20879,0.0198379,3,0,0.353220425,(1.6+0.16455j),0.7,0.60511662,1.42794411,3.342844101,0.649694102,1.520946149,0.545014334,0.912987945,1.340156701,3.137332121,0.599187741,1.402709805,0.552897254,0.80200381,1.277531505,2.990725354,0.585702814,1.371141336,0.541535523,0.768108412
coated_88_9,TRUE,TRUE,660,0.954947,0.824546,13.30294,9.20196,2.33381,0.0121103,3,0,0.349507068,(1.6+0j),0.65,0.795118752,1.949234895,3.650434142,0.473212809,0.886210378,0.757231512,0.878306653,1.96606829,3.681958921,0.501615045,0.939400732,0.744863875,0.732377638,2.063451231,3.864333049,0.311533301,0.583424708,0.849023182,0.59811603
coated_88_10,TRUE,TRUE,660,0.900493,0.816524,12.936595,8.95773,2.51981,0.0119685,3,0,0.344151232,(1.6+0j),0.9,0.716094823,1.796116828,3.430100079,0.366598556,0.700104646,0.795893814,0.842649736,1.914188284,3.655584806,0.352389494,0.672969158,0.815906567,0.718708386,1.69910926,3.244841715,0.300608423,0.574081241,0.823078815,0.603222017
coated_89_1,TRUE,TRUE,531,0.756072,0.323884,1,1,1.74536,0.0104756,1.841522556,0,0.468443503,(1.6+0j),1.2,0.076626185,0.100665593,1.221833944,0.092815088,1.126548025,0.077985981,0.705434958,0.147465436,1.789869509,0.105721839,1.283204396,0.283073772,0.1678555,0.147465436,1.789869509,0.105721839,1.283204396,0.283073772,0.1678555
coated_89_2,TRUE,TRUE,531,0.754179,0.353546,1.300255,1.20017,1.74242,0.00453704,1.812019495,0,0.449222808,(1.6+0j),1.2,0.078582548,0.11626279,1.184292566,0.104388229,1.063334221,0.102135527,0.711501428,0.167916968,1.710459701,0.116350484,1.185185851,0.307095133,0.208382489,0.172028215,1.752338274,0.117398075,1.19585697,0.317565,0.18445805
coated_89_3,TRUE,TRUE,531,0.750921,0.37214,1.51651,1.34434,1.77709,0.00759658,1.883206025,0,0.438252221,(1.6+0.22485j),0.85,0.14918311,0.223414671,2.054040962,0.180924521,1.663392902,0.190185136,0.789924283,0.284098999,2.611963567,0.165805726,1.524392965,0.416380464,0.454597338,0.279332967,2.568145389,0.162733093,1.496143642,0.41742253,0.426151116
coated_89_4,TRUE,TRUE,531,0.741294,0.395142,1.815835,1.54389,1.79944,0.0110766,1.928890783,0,0.424898347,(1.6+0.01373j),0.75,0.1809736,0.262753298,2.142653319,0.190055151,1.549827548,0.276678343,0.800268482,0.333707569,2.721258437,0.176478771,1.439117327,0.471157422,0.574980984,0.307230132,2.505344995,0.169168005,1.379500805,0.449376909,0.55181769
coated_89_5,TRUE,TRUE,531,0.738237,0.43271,2.385685,1.92379,1.8214,0.0106227,1.993101351,0,0.408113525,(1.6+0j),0.6,0.297432278,0.45163125,3.071144422,0.25483022,1.732874789,0.435756008,0.841912695,0.456519669,3.10438623,0.217422565,1.47849844,0.523738887,0.717861391,0.383793537,2.60984017,0.206906471,1.406987792,0.460891204,0.715286711
coated_89_6,TRUE,TRUE,531,0.717131,0.450866,2.700205,2.13347,1.86066,0.00762034,1.926384768,0,0.397196897,(1.6+0.04102j),0.5,0.425569131,0.633695006,3.969130981,0.309832541,1.940627472,0.511069934,0.883311153,0.493410439,3.090462512,0.238269897,1.492396849,0.517095955,0.766762167,0.412072015,2.581001565,0.226782313,1.420444684,0.449653691,0.783574303
coated_89_7,TRUE,TRUE,531,0.728267,0.484146,3.34357,2.56238,1.89989,0.0140919,1.864302353,0,0.387912582,(1.6+0j),0.75,0.350487426,0.474257615,2.576153492,0.228973473,1.243777207,0.517196001,0.775998057,0.529325456,2.875280393,0.225213565,1.223353496,0.574527236,0.660629493,0.443121005,2.407020338,0.217802804,1.183098461,0.508480073,0.651351214
coated_89_8,TRUE,TRUE,531,0.960934,0.763982,13.14769,9.09846,1.97635,0.0138283,2.91910671,0,0.359252832,(1.6+0j),1.2,0.272928575,1.040228299,2.269198721,0.215395045,0.469872009,0.792934834,0.760405359,1.183250726,2.581193992,0.214724415,0.468409068,0.81853008,0.608084157,1.109627854,2.420589894,0.236792883,0.516550173,0.786601533,0.584707272
coated_89_9,TRUE,TRUE,531,0.918436,0.761048,13.006825,9.00455,2.07982,0.00992126,3,0,0.354603697,(1.6+0.02062j),1.2,0.330836559,1.081371777,2.377174436,0.273675314,0.601619141,0.746918387,0.762746331,1.166955432,2.565312578,0.266160686,0.58509977,0.771918723,0.616319455,1.09523784,2.407656136,0.285438069,0.62747715,0.739382572,0.598125298
coated_89_10,TRUE,TRUE,531,0.918587,0.7956,14.863,10.242,2.26266,0.0141431,3,0,0.349356704,(1.6+0.32257j),0.45,1.168215184,1.423123945,2.862617328,0.741638246,1.491807162,0.47886602,0.959516178,1.267336423,2.549250343,0.67261648,1.35296971,0.469267617,0.870803772,1.285265199,2.585314119,0.677200742,1.362190963,0.473104273,0.878262903
coated_90_1,TRUE,TRUE,564,0.767823,0.330464,1,1,1.84121,0.0091424,1.89579814,0,0.466416337,(1.6+0.16074j),0.9,0.12965165,0.150934862,1.759751606,0.130820626,1.525239456,0.133264347,0.821474401,0.227303781,2.650137868,0.138178159,1.611021035,0.39209916,0.320310712,0.227303781,2.650137868,0.138178159,1.611021035,0.39209916,0.320310712
coated_90_2,TRUE,TRUE,564,0.750681,0.3542,1.232305,1.15487,1.82931,0.0120937,1.872026602,0,0.448131618,(1.6+0j),0.6,0.208804926,0.291315931,2.956495624,0.219254143,2.225157792,0.247366452,0.870836771,0.292079507,2.96424497,0.159073765,1.614401549,0.455375124,0.626516381,0.281706655,2.858973377,0.155145256,1.574532048,0.449266628,0.618797443
coated_90_3,TRUE,TRUE,564,0.767827,0.37374,1.44766,1.29844,1.88592,0.0118909,1.98544794,0,0.440731825,(1.6+0j),0.55,0.304241217,0.372678037,3.397072028,0.247927529,2.259933752,0.334740702,0.869861215,0.330670986,3.014165166,0.174681533,1.592274542,0.471736134,0.685779694,0.306664832,2.795341874,0.167976622,1.531157266,0.452246868,0.680503534
coated_90_4,TRUE,TRUE,564,0.744302,0.396218,1.724515,1.48301,1.91798,0.00720091,2.033727396,0,0.424983123,(1.6+0.00997j),0.45,0.44016428,0.53776382,4.36147408,0.30242915,2.452818223,0.43761715,0.894789042,0.36490316,2.959506786,0.190546898,1.545409576,0.477815161,0.756515444,0.323778856,2.625972656,0.183517794,1.488400805,0.433200189,0.78253745
coated_90_5,TRUE,TRUE,564,0.731904,0.41453,1.97533,1.65022,1.94915,0.0119342,2.129121699,0,0.414376869,(1.6+0j),0.7,0.321612668,0.347647986,2.575952815,0.217139564,1.608929994,0.375403934,0.82283413,0.384610272,2.849830727,0.195135255,1.445885576,0.492641594,0.632218246,0.343089599,2.542176724,0.186647476,1.382994039,0.45598037,0.624063112
coated_90_6,TRUE,TRUE,564,0.718734,0.446564,2.46904,1.97936,2.00196,0.0124036,2.176263691,0,0.399083732,(1.6+0j),0.35,0.815724435,0.770048942,4.916556437,0.354573619,2.263857673,0.539544048,0.935366792,0.431542032,2.755280394,0.228009051,1.455776777,0.471641151,0.818205924,0.417026853,2.662604866,0.224845165,1.435576213,0.460837682,0.837905569
coated_90_7,TRUE,TRUE,564,0.736912,0.52875,4.09987,3.06658,2.07283,0.0179683,2.42211079,0,0.376194103,(1.6+0.10642j),0.3,1.176326789,0.944820942,4.302876375,0.449252821,2.045974283,0.524510094,0.967136723,0.559358244,2.547413237,0.301003405,1.370821054,0.461877235,0.864516906,0.631591017,2.876373654,0.300864967,1.370190584,0.523639572,0.838374179
coated_90_8,TRUE,TRUE,564,0.938675,0.792392,13.81318,9.54212,2.17017,0.0183198,3,0,0.352244146,(1.6+0.73309j),0.4,1.094645632,1.447570484,2.93541611,0.740174755,1.50094308,0.488677917,0.960815484,1.23720643,2.508835131,0.612063129,1.241155431,0.505286172,0.84444644,1.235257155,2.504882348,0.612478537,1.241997806,0.504169205,0.84621206
coated_90_9,TRUE,TRUE,564,0.747468,0.598392,5.949865,4.29991,2.2958,0.0159412,3,0,0.360741256,(1.6+0j),0.35,1.513446435,1.007037655,3.580834681,0.412836324,1.467967576,0.590048772,0.946745895,0.701783592,2.495409197,0.378599667,1.346228525,0.460517928,0.797037885,0.887887862,3.157160643,0.261716073,0.93061266,0.70523747,0.614891174
coated_90_10,TRUE,TRUE,564,0.77752,0.657564,7.90084,5.60056,2.44504,0.0231046,3,0,0.353284222,(1.6+0.17162j),1.1,0.599696025,0.837107432,2.464990553,0.406743114,1.197717157,0.514108825,0.790013483,0.85200319,2.508853385,0.396332503,1.167061523,0.534822748,0.637834476,0.799067142,2.352975114,0.398971417,1.17483221,0.500703512,0.644877543
coated_91_1,TRUE,TRUE,889,0.937143,0.384642,1,1,nan,nan,1.887917491,nan,0.464479639,(1.6+0.00387j),0.95,0.095380268,0.222236315,1.912545327,0.194388505,1.672889633,0.125307197,0.858609302,0.324381648,2.79159869,0.189235378,1.6285423,0.416627359,0.378730098,0.324359541,2.791408444,0.189223631,1.6284412,0.416623818,0.37872493
coated_91_2,TRUE,TRUE,889,0.910898,0.415136,1.258675,1.17245,nan,nan,1.929661508,nan,0.445287255,(1.6+0j),0.75,0.17201271,0.375543966,2.774534401,0.283057987,2.091244156,0.246272039,0.863568328,0.392882806,2.902634471,0.214809933,1.587024701,0.453246794,0.591686026,0.37838418,2.795518025,0.20911723,1.544966768,0.447341511,0.581259788
coated_91_3,TRUE,TRUE,889,0.904933,0.442794,1.52713,1.35142,nan,nan,1.957092084,nan,0.432430575,(1.6+0j),0.75,0.205188554,0.41834294,2.716683893,0.294289323,1.911090134,0.2965357,0.85113695,0.449124106,2.916574199,0.239201168,1.553352281,0.46740519,0.631128543,0.41712093,2.708748263,0.229839814,1.492560433,0.448985181,0.621105879
coated_91_4,TRUE,TRUE,889,0.898044,0.450644,1.609405,1.40627,nan,nan,1.95866475,nan,0.428240964,(1.6+0.05228j),1.05,0.15525408,0.292055379,1.831083468,0.226615912,1.420801256,0.22406527,0.808860947,0.398334173,2.497413748,0.231115587,1.449012621,0.419794729,0.454923621,0.38933631,2.441000346,0.224875647,1.409890413,0.422412858,0.408439315
coated_91_5,TRUE,TRUE,889,0.868349,0.480828,1.95727,1.63818,nan,nan,2.143833452,nan,0.412568289,(1.6+0j),1.2,0.205617076,0.283622012,1.56196232,0.205180177,1.129967671,0.276571748,0.751914962,0.384513817,2.117593373,0.224801678,1.238027146,0.415361249,0.415817092,0.385417332,2.122569209,0.222964555,1.22790975,0.421498369,0.345258922
coated_91_6,TRUE,TRUE,889,0.841571,0.505076,2.267875,1.84525,nan,nan,2.233003877,nan,0.400446347,(1.6+0.03363j),0.45,0.652059821,0.946502625,4.724093411,0.451252784,2.252249756,0.523241909,0.925414836,0.56933398,2.841605331,0.297832677,1.486513985,0.476875283,0.801350164,0.509713306,2.544032322,0.292008529,1.457445053,0.427112211,0.849937887
coated_91_7,TRUE,TRUE,889,0.837036,0.554,2.99653,2.33102,nan,nan,2.429964854,nan,0.385674481,(1.6+0j),0.7,0.536941899,0.831720578,3.450388804,0.369196738,1.531610886,0.556104841,0.858158118,0.768508578,3.188154125,0.337150338,1.398666549,0.561292681,0.739402715,0.628165174,2.605940195,0.323540845,1.342207633,0.484943041,0.733321991
coated_91_8,TRUE,TRUE,889,0.882538,0.670052,5.30662,3.87108,nan,nan,1.619939461,nan,0.365909631,(1.6+0j),0.75,0.645703244,1.222712341,3.467507417,0.43586453,1.236074456,0.643526514,0.887043504,1.199526599,3.401754638,0.409718062,1.161925312,0.658433533,0.743508591,0.9871289,2.799412967,0.364858121,1.034706365,0.630384521,0.655813861
coated_91_9,TRUE,TRUE,889,1.0095,0.85073,10.8586,7.5724,nan,nan,3,nan,0.351990359,(1.6+0.07901j),0.65,0.918630255,2.012874798,3.541142347,0.765040219,1.345894101,0.619926575,0.925973328,1.780181889,3.131778232,0.750022856,1.319474862,0.578681898,0.797631728,1.889630283,3.324324902,0.706482345,1.242876384,0.626126681,0.753707606
coated_91_10,TRUE,TRUE,889,1.03269,0.915876,13.55542,9.37028,nan,nan,3,nan,0.3461132,(1.6+0.10724j),0.75,0.843894747,2.213944188,3.360496362,0.892994576,1.355456493,0.596649915,0.918307719,2.11545911,3.211008065,0.88286374,1.340079123,0.582660929,0.801850001,2.10545655,3.195825402,0.833873371,1.265717738,0.603946531,0.754102501
coated_92_1,TRUE,TRUE,787,0.89231,0.36929,1,1,nan,nan,1.903196754,nan,0.465639426,(1.6+0j),0.8,0.098825788,0.243311279,2.271628275,0.20533419,1.917062594,0.156084376,0.852133414,0.307472088,2.870653145,0.172653724,1.611947797,0.438473506,0.460929092,0.307482205,2.8707476,0.172659022,1.61199726,0.438474751,0.460930701
coated_92_2,TRUE,TRUE,787,0.876922,0.396156,1.23556,1.15704,nan,nan,1.887678673,nan,0.448849355,(1.6+0.02554j),0.45,0.206760738,0.594755711,4.825210493,0.400138275,3.246293169,0.327222476,0.909382986,0.354640281,2.877171209,0.189640193,1.53853731,0.465260425,0.741683526,0.340883129,2.765560415,0.186124954,1.51001842,0.453991888,0.748505718
coated_92_3,TRUE,TRUE,787,0.868964,0.41183,1.387855,1.25857,nan,nan,1.892997784,nan,0.440076778,(1.6+0j),0.85,0.127957456,0.289857854,2.176001705,0.227492703,1.707818172,0.215157705,0.820572776,0.366410494,2.750692619,0.203325899,1.526394739,0.445087129,0.518013476,0.351593586,2.63946011,0.196407692,1.474458828,0.441378628,0.491911975
coated_92_4,TRUE,TRUE,787,0.854461,0.434136,1.62574,1.41716,nan,nan,1.905169763,nan,0.427988977,(1.6+0j),0.5,0.290346358,0.652303858,4.406649056,0.386580268,2.61154913,0.407361672,0.88677372,0.436561352,2.949197137,0.22919003,1.548296884,0.475010719,0.751274194,0.391943098,2.647777814,0.220801057,1.491625039,0.436650224,0.772747843
coated_92_5,TRUE,TRUE,787,0.82996,0.461662,1.955635,1.63709,nan,nan,2.049191225,nan,0.413267324,(1.6+0j),0.8,0.223271772,0.417740502,2.495562468,0.266452954,1.591777641,0.362156764,0.791291505,0.471066361,2.81412869,0.240191383,1.43489223,0.490111367,0.619434024,0.422566668,2.524393759,0.23004664,1.374288002,0.455596815,0.609030066
coated_92_6,TRUE,TRUE,787,0.817262,0.508492,2.61358,2.07572,nan,nan,1.990065506,nan,0.395542075,(1.6+0.01808j),0.45,0.461706911,0.969717559,4.775151214,0.457312175,2.251928686,0.528406832,0.914454089,0.588330927,2.897100411,0.300640895,1.480436982,0.488993555,0.801321705,0.527334811,2.59673906,0.288112028,1.418741455,0.453644967,0.820970934
coated_92_7,TRUE,TRUE,787,0.804158,0.53425,3.03118,2.35412,nan,nan,1.935812153,nan,0.385922624,(1.6+0j),0.55,0.417381319,0.902019907,4.023807347,0.402873752,1.797173599,0.5533649,0.886971264,0.714493048,3.187271539,0.329494854,1.46983875,0.538841065,0.780460034,0.598377522,2.669293492,0.309675726,1.381427895,0.482474333,0.76880928
coated_92_8,TRUE,TRUE,787,0.89254,0.691068,6.562795,4.70853,nan,nan,2.089422819,nan,0.363262067,(1.6+0.1766j),0.75,0.397388001,1.288550484,3.435342089,0.607359883,1.619252792,0.528648749,0.896865299,1.154714159,3.07852754,0.534109535,1.423963584,0.537453031,0.778234174,1.040124204,2.773024806,0.518321597,1.381872127,0.501673363,0.756451842
coated_92_9,TRUE,TRUE,787,0.93446,0.75667,8.62612,6.08408,nan,nan,1.902082371,nan,0.357260563,(1.6+0.13152j),0.4,0.999625701,1.58515354,3.525075492,0.744458468,1.65553193,0.53035561,0.963736595,1.124528088,2.500733401,0.609680501,1.355811749,0.45783435,0.866044268,1.224152698,2.722279304,0.611439714,1.359723899,0.500520062,0.871520664
coated_92_10,TRUE,TRUE,787,1.00335,0.89523,14.29273,9.86182,nan,nan,3,nan,0.345561093,(1.6+0.00547j),0.45,1.151341933,2.103450714,3.341744211,0.633668427,1.006706638,0.698748146,0.906299141,1.40773519,2.236463584,0.695353706,1.104705808,0.506047934,0.697255844,1.691165649,2.686748484,0.444003404,0.705386532,0.737457177,0.487720238
coated_93_1,TRUE,TRUE,712,0.853096,0.357172,1,1,nan,nan,1.885780538,nan,0.465893134,(1.6+0j),0.4,0.217467494,0.518270941,5.172638958,0.357755932,3.570607815,0.309712539,0.922962122,0.285560349,2.85005481,0.151089215,1.507956359,0.470902681,0.729010484,0.285562872,2.850079983,0.151089277,1.507956974,0.470907139,0.729004308
coated_93_2,TRUE,TRUE,712,0.832645,0.377008,1.1761,1.1174,nan,nan,1.856968822,nan,0.451063205,(1.6+0.21544j),0.6,0.157378652,0.376804156,3.375395533,0.288704364,2.58620136,0.23380791,0.868482227,0.333978614,2.991766154,0.181650234,1.627215034,0.456102198,0.647994002,0.326645317,2.926074795,0.179146277,1.604784694,0.451557186,0.644096878
coated_93_3,TRUE,TRUE,712,0.829879,0.411942,1.53436,1.35624,nan,nan,1.888803603,nan,0.433447171,(1.6+0j),1.05,0.112589184,0.206212166,1.547220658,0.169597746,1.272500754,0.17755703,0.766597667,0.309293352,2.320644185,0.185619384,1.392711945,0.399859766,0.392753972,0.309185463,2.319834694,0.182663779,1.370535884,0.409209679,0.341197154
coated_93_4,TRUE,TRUE,712,0.826525,0.42738,1.713985,1.47599,nan,nan,1.900741706,nan,0.426145202,(1.6+0j),0.5,0.278333371,0.610575558,4.256191347,0.353312578,2.462866249,0.421345036,0.883489039,0.425983558,2.969440079,0.221493398,1.543983004,0.480042377,0.748336748,0.377036143,2.628238142,0.212466745,1.48106014,0.436481757,0.770180655
coated_93_5,TRUE,TRUE,712,0.804751,0.446048,1.948975,1.63265,nan,nan,1.902871446,nan,0.414900106,(1.6+0j),1.15,0.136189449,0.216424443,1.385011038,0.167544078,1.072200509,0.225854178,0.707617308,0.316804957,2.027397439,0.187960319,1.202854504,0.406700196,0.389561716,0.321103903,2.054908605,0.187787989,1.201751678,0.415179987,0.319831607
coated_93_6,TRUE,TRUE,712,0.792853,0.490126,2.58811,2.05874,nan,nan,1.93020872,nan,0.397315373,(1.6+0.04262j),1.1,0.181840637,0.306142252,1.622624052,0.206614868,1.09510612,0.325101758,0.707215478,0.415404087,2.201736798,0.227196557,1.204193787,0.453070963,0.500537777,0.401225104,2.126584943,0.223537689,1.184800948,0.442862157,0.433531559
coated_93_7,TRUE,TRUE,712,0.800751,0.531274,3.295525,2.53035,nan,nan,2.013194144,nan,0.386208938,(1.6+0.09506j),0.65,0.340955837,0.786428318,3.547579503,0.38894907,1.754549926,0.505423367,0.855326686,0.682327684,3.077981363,0.319038749,1.439184347,0.532425906,0.747576183,0.578772755,2.610844898,0.309821061,1.397603342,0.46469308,0.755827235
coated_93_8,TRUE,TRUE,712,0.920256,0.745334,9.106315,6.40421,nan,nan,2.159683469,nan,0.357358728,(1.6+0j),0.7,0.43509766,1.647729963,3.776541765,0.438908604,1.005963786,0.733628317,0.893290855,1.658074458,3.800251,0.439838306,1.008094633,0.73472946,0.761730043,1.606571856,3.682208765,0.33367107,0.764762893,0.792308655,0.637259989
coated_93_9,TRUE,TRUE,712,1.01943,0.860132,14.00128,9.66752,nan,nan,3,nan,0.351792876,(1.6+0j),1,0.379386688,1.956631386,3.367355154,0.37418954,0.643978772,0.808758286,0.843558927,2.148876524,3.698208303,0.366441097,0.630643731,0.829473172,0.725318054,1.973416058,3.39624151,0.32167081,0.553594237,0.836997977,0.621741875
coated_93_10,TRUE,TRUE,712,0.953118,0.830152,12.60208,8.73472,nan,nan,3,nan,0.348515466,(1.6+0.01672j),0.35,1.373673747,1.720078409,3.177921213,0.661488681,1.2221297,0.615431089,0.940722025,1.347171805,2.488959709,0.641068252,1.184402053,0.524137716,0.863064304,1.108647528,2.04827552,0.462445082,0.854387816,0.582874566,0.591921835
coated_94_1,TRUE,TRUE,818,0.893649,0.374106,1,1,nan,nan,1.91495697,nan,0.463164346,(1.6+0j),1,0.068417759,0.193076966,1.756512466,0.170276394,1.549084879,0.118090587,0.802794459,0.295045874,2.684171849,0.177845767,1.61794705,0.397226727,0.331350095,0.295032079,2.684046353,0.177837949,1.617875922,0.397225044,0.331344677
coated_94_2,TRUE,TRUE,818,0.871296,0.395934,1.18585,1.1239,nan,nan,1.876218164,nan,0.448023209,(1.6+0.1162j),0.95,0.086777252,0.248586529,2.019026945,0.209093719,1.698265206,0.158869469,0.794052329,0.332245464,2.69850722,0.194405815,1.578969626,0.414872929,0.411767825,0.329573305,2.676803862,0.1918029,1.557828671,0.41802659,0.393724389
coated_94_3,TRUE,TRUE,818,0.871742,0.41756,1.39222,1.26148,nan,nan,2.043456393,nan,0.437937888,(1.6+0.02645j),0.85,0.119607691,0.315460481,2.303654275,0.241774027,1.765557981,0.233583789,0.790195817,0.378260454,2.762251893,0.209553842,1.530269663,0.446006475,0.525321279,0.362827921,2.649555624,0.202667242,1.479980173,0.441423249,0.501594296
coated_94_4,TRUE,TRUE,818,0.855078,0.439942,1.62727,1.41818,nan,nan,2.034077594,nan,0.425718009,(1.6+0.00214j),0.45,0.248544439,0.755466141,4.969746923,0.419263347,2.7580756,0.445026952,0.906907837,0.436522058,2.871610041,0.230496828,1.516296814,0.471969804,0.773827867,0.395364946,2.600862724,0.225031698,1.480345087,0.430825367,0.811231113
coated_94_5,TRUE,TRUE,818,0.840179,0.471646,2.00713,1.67142,nan,nan,1.963391863,nan,0.411336918,(1.6+0.13982j),0.4,0.369927319,0.921259736,5.27302582,0.482562438,2.762048633,0.476192849,0.924375035,0.47979812,2.746226473,0.255990603,1.465216603,0.466461846,0.808429889,0.443677281,2.53948118,0.25880098,1.481302391,0.416690936,0.872419099
coated_94_6,TRUE,TRUE,818,0.823536,0.507974,2.507395,2.00493,nan,nan,1.970023627,nan,0.396703697,(1.6+0j),0.35,0.525941563,1.053043555,5.196051955,0.485689976,2.396548879,0.538775035,0.942770953,0.536071609,2.645147883,0.288974849,1.42589385,0.460939836,0.836826372,0.554427673,2.735722545,0.282370135,1.393304088,0.490699782,0.824889581
coated_94_7,TRUE,TRUE,818,0.817047,0.551408,3.208045,2.47203,nan,nan,2.131827676,nan,0.383292966,(1.6+0.28521j),0.95,0.235665578,0.660022641,2.763903186,0.41039365,1.71855971,0.378212768,0.77051678,0.638599126,2.674190323,0.34642148,1.45067059,0.457529041,0.628162283,0.596089634,2.496178066,0.340119564,1.424280758,0.429415402,0.630753226
coated_94_8,TRUE,TRUE,818,1.07925,0.910828,14.473675,9.98245,nan,nan,3,nan,0.351428458,(1.6+0j),0.5,0.637385982,2.38764399,3.664434342,0.629215537,0.965687947,0.736470119,0.913271088,1.491159134,2.288555062,0.651153442,0.999357125,0.563323976,0.652469054,1.921458771,2.94895702,0.364581548,0.559541184,0.810257939,0.568032608
coated_94_9,TRUE,TRUE,818,0.956647,0.812368,10.26964,7.17976,nan,nan,3,nan,0.351431087,(1.6+0.00696j),0.55,0.710723784,1.99459615,3.848216341,0.594931672,1.147814199,0.701728256,0.912991162,1.522911239,2.938184713,0.610809612,1.178447844,0.598919755,0.734961416,1.76457316,3.404428145,0.412963569,0.796739307,0.76596971,0.598867544
coated_94_10,TRUE,TRUE,818,0.934541,0.793506,9.582115,6.72141,nan,nan,3,nan,0.351586045,(1.6+0.14197j),0.95,0.611649816,1.507892342,3.049158669,0.658739052,1.332057889,0.563139202,0.871357803,1.547535496,3.129322393,0.634297382,1.282633584,0.590124179,0.757001041,1.415870614,2.863078509,0.62497953,1.26379165,0.558589942,0.722175952
coated_95_1,TRUE,TRUE,904,0.954065,0.386742,1,1,nan,nan,1.874839164,nan,0.465994184,(1.6+0.24511j),0.65,0.126307413,0.35787793,3.046508241,0.288373714,2.454839551,0.194212076,0.894346114,0.352745247,3.002815246,0.19290301,1.642125875,0.453137892,0.61920598,0.35275752,3.00291972,0.192907526,1.642164321,0.453144115,0.61920349
coated_95_2,TRUE,TRUE,904,0.939769,0.406482,1.16146,1.10764,nan,nan,1.878908876,nan,0.453818784,(1.6+0.17192j),0.75,0.120593674,0.358636694,2.763644672,0.289401348,2.230118968,0.193051484,0.870038431,0.377409399,2.908306626,0.208591368,1.607399443,0.447307437,0.575199772,0.370405031,2.854331154,0.205697096,1.585096258,0.444669811,0.568406721
coated_95_3,TRUE,TRUE,904,0.925087,0.437034,1.443535,1.29569,nan,nan,1.88079754,nan,0.437869168,(1.6+0.00185j),0.3,0.34949176,1.132017536,7.546278392,0.618723745,4.124548849,0.453432721,0.946065067,0.393970029,2.626291042,0.205112621,1.367325939,0.479369987,0.824945824,0.374115962,2.493939456,0.211623302,1.410727573,0.434337682,0.895462595
coated_95_4,TRUE,TRUE,904,0.915051,0.454738,1.62547,1.41698,nan,nan,1.964851525,nan,0.429220325,(1.6+0.12332j),1.05,0.125976771,0.300643191,1.851138853,0.23901609,1.471684652,0.204984191,0.763505286,0.410322847,2.526465218,0.238972565,1.471416661,0.417598687,0.457026948,0.401363189,2.471298256,0.233193272,1.435832037,0.418996864,0.417147596
coated_95_5,TRUE,TRUE,904,0.871315,0.492504,2.065975,1.71065,nan,nan,2.037221232,nan,0.409078272,(1.6+0.11788j),1,0.17586142,0.39699886,2.083914294,0.280218251,1.470913091,0.294158548,0.78948215,0.492370238,2.584534825,0.270468025,1.419732502,0.450681613,0.544275962,0.463750086,2.434302796,0.26176595,1.374053834,0.435545226,0.512866158
coated_95_6,TRUE,TRUE,904,0.863245,0.510542,2.30197,1.86798,nan,nan,2.001459933,nan,0.402082121,(1.6+0.14131j),0.85,0.223040526,0.539782673,2.636732716,0.351025342,1.714690095,0.349691349,0.819491529,0.575798044,2.812660753,0.300269122,1.466755895,0.478516599,0.641734649,0.520690988,2.543473569,0.290163371,1.417391277,0.442734026,0.640268809
coated_95_7,TRUE,TRUE,904,0.850366,0.555732,2.97112,2.31408,nan,nan,2.010969182,nan,0.387218413,(1.6+0j),1.1,0.246699541,0.452989322,1.867528651,0.252952483,1.042841382,0.441592834,0.702304618,0.586710142,2.4188164,0.283431653,1.168497152,0.516913664,0.577646253,0.533314706,2.198684264,0.278203639,1.146943738,0.478349958,0.533604557
coated_95_8,TRUE,TRUE,904,0.871175,0.630558,4.340365,3.22691,nan,nan,1.939402855,nan,0.372403902,(1.6+0.07607j),0.5,0.626661791,1.25214364,4.009721327,0.559660835,1.792193735,0.553037833,0.932016499,0.908425965,2.909039226,0.451328326,1.445282119,0.503175445,0.815756894,0.925114558,2.962480864,0.433351284,1.387714501,0.531570138,0.774990265
coated_95_9,TRUE,TRUE,904,0.934324,0.796178,8.752285,6.16819,nan,nan,3,nan,0.351164998,(1.6+0j),0.85,0.534080653,1.733458651,3.481795499,0.467417835,0.938847496,0.730355359,0.868305544,1.793142609,3.601675677,0.458186553,0.9203057,0.744478464,0.730901981,1.502578373,3.018053306,0.370827456,0.744837707,0.753205914,0.602393917
coated_95_10,TRUE,TRUE,904,0.920296,0.78942,8.528185,6.01879,nan,nan,3,nan,0.350477901,(1.6+0j),1,0.468117672,1.55664029,3.18040286,0.420919225,0.859988473,0.729597629,0.838743916,1.699084665,3.471433808,0.431495063,0.881596181,0.746042636,0.729764789,1.475925616,3.015493099,0.390198023,0.797221373,0.735624872,0.640219075
coated_96_1,TRUE,TRUE,755,0.850084,0.364188,1,1,nan,nan,1.908446497,nan,0.461256262,(1.6+0j),1.2,0.092227224,0.144984951,1.391815857,0.1313099,1.260539114,0.094320482,0.771826645,0.224198781,2.152246959,0.150367579,1.443487618,0.329311345,0.217196658,0.224243335,2.152674663,0.150396724,1.443767398,0.329314632,0.21722358
coated_96_2,TRUE,TRUE,755,0.825632,0.390692,1.234495,1.15633,nan,nan,1.894269583,nan,0.442769705,(1.6+0j),0.65,0.196082414,0.361134503,3.012382146,0.270347602,2.255088568,0.251393595,0.871209923,0.3568878,2.976958519,0.193985147,1.618115654,0.456453409,0.635174468,0.343939409,2.868950282,0.18916229,1.577886083,0.450012748,0.627787792
coated_96_3,TRUE,TRUE,755,0.82629,0.405708,1.38283,1.25522,nan,nan,1.958249867,nan,0.435676531,(1.6+0.09029j),0.45,0.347613569,0.632913871,4.895844204,0.39473249,3.053415108,0.376325107,0.915340855,0.371895099,2.876758671,0.198585074,1.53613569,0.466018577,0.752064241,0.350256605,2.709376185,0.194386409,1.503657318,0.44501715,0.767070328
coated_96_4,TRUE,TRUE,755,0.810655,0.433978,1.69258,1.46172,nan,nan,2.046097609,nan,0.420696133,(1.6+0j),1.1,0.17483692,0.226364614,1.53032343,0.177553547,1.200339352,0.215630285,0.772041005,0.329674819,2.228745438,0.196474067,1.328250309,0.40403678,0.400440889,0.330161533,2.232035835,0.193851935,1.310523555,0.412857296,0.340319331
coated_96_5,TRUE,TRUE,755,0.789575,0.454008,1.938775,1.62585,nan,nan,2.158653307,nan,0.409266693,(1.6+0.1966j),0.35,0.710714075,0.925971697,5.719799692,0.487486635,3.011243121,0.473540459,0.943320396,0.432642198,2.67246474,0.229765295,1.41927822,0.468925371,0.817801004,0.408393059,2.522675908,0.235858692,1.456917613,0.422471349,0.885229366
coated_96_6,TRUE,TRUE,755,0.778199,0.48431,2.353555,1.90237,nan,nan,2.227549897,nan,0.396723659,(1.6+0.01376j),0.9,0.313336838,0.397143767,2.155812556,0.240672616,1.306441368,0.393991205,0.784240263,0.487600153,2.646836284,0.244135142,1.325236973,0.499312828,0.591313475,0.437642934,2.375653883,0.235776783,1.279865355,0.46125765,0.570578149
coated_96_7,TRUE,TRUE,755,0.77043,0.527028,3.034315,2.35621,nan,nan,2.346400496,nan,0.382420483,(1.6+0j),0.75,0.513422859,0.639239463,2.93026109,0.298442002,1.36805225,0.533129572,0.828418339,0.674862484,3.093556317,0.298375278,1.367746389,0.557872478,0.707714602,0.556426122,2.550646368,0.283828281,1.301063242,0.489908418,0.693356092
coated_96_8,TRUE,TRUE,755,0.820257,0.620836,4.962055,3.64137,nan,nan,2.691701412,nan,0.367193253,(1.6+0.00401j),0.75,0.582928594,0.987952492,3.263565966,0.359582776,1.187832531,0.636032321,0.860088958,1.018278422,3.36374353,0.357644528,1.181429793,0.648775306,0.742710748,0.855205948,2.825055908,0.341174948,1.127024789,0.601061067,0.681654372
coated_96_9,TRUE,TRUE,755,0.869165,0.721258,7.781665,5.52111,nan,nan,3,nan,0.354832699,(1.6+0j),0.8,0.678498194,1.39232639,3.407766952,0.387217065,0.947727148,0.72189203,0.866148179,1.441107486,3.527160369,0.386999436,0.947194493,0.731456925,0.732380634,1.225667853,2.999864425,0.334187782,0.817936143,0.727342297,0.61761249
coated_96_10,TRUE,TRUE,755,0.907816,0.807066,10.92019,7.61346,nan,nan,3,nan,0.34638434,(1.6+0.07997j),1.2,0.590510823,1.341027335,2.621377971,0.48605577,0.950119252,0.637549692,0.793704834,1.395785712,2.728417104,0.479376109,0.937062161,0.656554652,0.662317091,1.272285951,2.487005506,0.482583614,0.943332042,0.620695636,0.642865669
coated_97_1,TRUE,TRUE,858,0.916317,0.380022,1,1,nan,nan,1.867863246,nan,0.463645272,(1.6+0j),1,0.074049141,0.202303777,1.783596585,0.178951906,1.577716507,0.115429733,0.831285831,0.307400969,2.71017835,0.184016273,1.622366131,0.401380307,0.340676181,0.307466894,2.710759575,0.18405315,1.622691254,0.401388722,0.34069949
coated_97_2,TRUE,TRUE,858,0.887679,0.408062,1.23808,1.15872,nan,nan,1.864063983,nan,0.444876612,(1.6+0j),1.05,0.082387757,0.221309467,1.692223821,0.190089869,1.453505844,0.141067614,0.806777298,0.330871384,2.529979601,0.199223936,1.5233487,0.397881035,0.373739139,0.330154482,2.52449787,0.196400123,1.501756657,0.40512659,0.345251532
coated_97_3,TRUE,TRUE,858,0.891097,0.42378,1.386985,1.25799,nan,nan,1.84631439,nan,0.438295671,(1.6+0.04191j),0.5,0.210191794,0.637178892,4.517421202,0.41823331,2.965157897,0.343617129,0.888258426,0.41035967,2.909335972,0.218798543,1.551220843,0.466812751,0.738105554,0.384071505,2.722960194,0.212773592,1.508505613,0.446005264,0.74855991
coated_97_4,TRUE,TRUE,858,0.876813,0.446454,1.621255,1.41417,nan,nan,1.851056003,nan,0.426593357,(1.6+0j),0.9,0.137072227,0.33687342,2.151906648,0.248818424,1.589421988,0.261388969,0.808708223,0.422751883,2.700487878,0.230203075,1.470509394,0.455465286,0.540738436,0.397602276,2.539835236,0.220868696,1.410882508,0.444498411,0.509376375
coated_97_5,TRUE,TRUE,858,0.858929,0.474222,1.944295,1.62953,nan,nan,1.958270969,nan,0.413406076,(1.6+0j),0.65,0.23981319,0.602439746,3.410832086,0.355859862,2.014771174,0.409302152,0.844056446,0.540727364,3.061435199,0.270554846,1.531799909,0.49964647,0.715831622,0.468618524,2.6531767,0.257643704,1.458700922,0.45020589,0.718163191
coated_97_6,TRUE,TRUE,858,0.841566,0.506438,2.367895,1.91193,nan,nan,1.999306145,nan,0.400020753,(1.6+0j),0.55,0.366989568,0.832048436,4.130533581,0.410599556,2.03833717,0.506519647,0.880005113,0.620081442,3.078266972,0.304858241,1.513406129,0.508357741,0.770980204,0.518910986,2.576027022,0.290019062,1.439740071,0.441100556,0.794854679
coated_97_7,TRUE,TRUE,858,0.829948,0.5545,3.110605,2.40707,nan,nan,1.87546247,nan,0.384463992,(1.6+0j),0.75,0.323511428,0.74061902,3.066915982,0.349454638,1.447097611,0.528158704,0.833784063,0.766434423,3.173818006,0.333906813,1.382713803,0.5643374,0.72635975,0.627909964,2.600185861,0.318996647,1.320970552,0.491970719,0.711277835
coated_97_8,TRUE,TRUE,858,1.07003,0.87479,12.22186,8.48124,nan,nan,3,nan,0.355100085,(1.6+0.24399j),0.95,0.385492209,1.907975773,3.174500172,0.926086356,1.540827372,0.514623629,0.89995,1.801113325,2.996701866,0.857447656,1.426625941,0.523934644,0.783099602,1.702459296,2.832560771,0.84322719,1.402965854,0.504700528,0.763441664
coated_97_9,TRUE,TRUE,858,0.967741,0.831984,10.517725,7.34515,nan,nan,1.676129732,nan,0.349934605,(1.6+0.06677j),0.35,1.169182343,1.848321627,3.399834018,0.820301371,1.508876197,0.556191217,0.965450961,1.356394824,2.494975548,0.696484605,1.281125546,0.486517795,0.895145199,1.254070604,2.306758649,0.66083638,1.215553598,0.47304691,0.803322884
coated_97_10,TRUE,FALSE,858,0.862358,0.734624,7.248325,5.16555,nan,nan,nan,nan,0.351693619,(1.6+0j),0.85,0.719230099,1.342615689,3.167609314,0.410029544,0.967375411,0.694603938,0.849740709,1.485441916,3.50457669,0.410886957,0.96939829,0.723390761,0.735769198,1.287851491,3.038405115,0.374217214,0.882884018,0.70942518,0.635455866
coated_98_1,TRUE,TRUE,748,0.8767,0.363118,1,1,nan,nan,1.889865193,nan,0.466530309,(1.6+0.16463j),0.85,0.098862851,0.214150315,2.067917841,0.184209504,1.778797848,0.139812128,0.844610275,0.293527569,2.834415148,0.168094278,1.623183032,0.427330526,0.411531277,0.293516493,2.834308194,0.168089276,1.623134732,0.427325957,0.411529597
coated_98_2,TRUE,TRUE,748,0.874582,0.388762,1.22773,1.15182,nan,nan,1.848536033,nan,0.452176399,(1.6+0j),0.85,0.10653091,0.250773268,2.11263146,0.206553409,1.74010266,0.176334021,0.839596464,0.328080979,2.763907828,0.185667012,1.564145867,0.434081755,0.474534405,0.320938238,2.703734032,0.181199309,1.526507847,0.435407541,0.453201425
coated_98_3,TRUE,TRUE,748,0.854327,0.404644,1.38397,1.25598,nan,nan,1.94783204,nan,0.440977377,(1.6+0.08759j),0.7,0.194370965,0.369737911,2.875132684,0.271099418,2.108106242,0.266779494,0.854156625,0.374837594,2.914788514,0.203949914,1.58594249,0.455897921,0.618062896,0.356693841,2.773700205,0.197955217,1.539326908,0.445027655,0.608906184
coated_98_4,TRUE,TRUE,748,0.839413,0.434508,1.715035,1.47669,nan,nan,1.993865926,nan,0.425352345,(1.6+0.14829j),1.1,0.142318687,0.248871196,1.678375762,0.199534996,1.345654729,0.198239894,0.763124482,0.341064983,2.30012637,0.206954404,1.395690872,0.393211221,0.39357457,0.340846545,2.298653235,0.204743695,1.380781951,0.399308286,0.349198903
coated_98_5,TRUE,TRUE,748,0.822384,0.459664,2.030785,1.68719,nan,nan,2.114965039,nan,0.41274953,(1.6+0.11436j),0.3,0.667524909,0.994705617,5.994096152,0.503120984,3.031807101,0.494201123,0.951663301,0.431985149,2.60314255,0.227916534,1.373425055,0.472397294,0.841192933,0.421970562,2.542794652,0.239683698,1.444333989,0.431989528,0.903374373
coated_98_6,TRUE,TRUE,748,0.81668,0.49362,2.515075,2.01005,nan,nan,2.228265197,nan,0.400119921,(1.6+0j),1,0.227341014,0.347336511,1.814993445,0.217944048,1.138858158,0.372527674,0.768792596,0.470491628,2.458535722,0.239793619,1.25303224,0.49033393,0.561864964,0.43231153,2.259027103,0.232758255,1.21626922,0.461596004,0.513674914
coated_98_7,TRUE,TRUE,748,0.806074,0.537588,3.249265,2.49951,nan,nan,2.230278549,nan,0.385302781,(1.6+0.09401j),0.4,0.715499007,1.018450255,4.486945642,0.478427835,2.107790419,0.530239368,0.942071202,0.617624707,2.72104452,0.326515958,1.438518324,0.471335984,0.827537173,0.625093364,2.753948886,0.320965882,1.414066574,0.486531293,0.821128658
coated_98_8,TRUE,TRUE,748,0.929202,0.745836,8.68264,6.12176,nan,nan,2.177783786,nan,0.35837873,(1.6+0j),0.35,1.062304393,1.710640861,3.915455351,0.607164375,1.389727708,0.645066133,0.949327714,1.037184761,2.373993697,0.537167187,1.229512393,0.48209113,0.825807586,1.039443812,2.3791644,0.324966376,0.74380974,0.687365135,0.586606453
coated_98_9,TRUE,TRUE,748,0.898905,0.74337,8.60191,6.06794,nan,nan,1.850302802,nan,0.355003766,(1.6+0j),1.05,0.437485917,1.209148292,2.785990457,0.33543897,0.772882677,0.722582439,0.80423469,1.291762322,2.97634089,0.326350522,0.751942045,0.747360241,0.670824887,1.095837461,2.524911733,0.312813937,0.720752492,0.71454349,0.6083927
coated_98_10,TRUE,TRUE,748,0.762253,0.621584,5.0344,3.6896,nan,nan,2.06179737,nan,0.358121077,(1.6+0.17429j),0.85,0.6943734,0.896097852,2.953016688,0.447023087,1.473127776,0.501144785,0.842354632,0.899499829,2.964227623,0.426242097,1.404645733,0.526134322,0.726007645,0.800851854,2.639141343,0.421295713,1.388345333,0.473940516,0.725730356
coated_99_1,TRUE,TRUE,715,0.852382,0.357606,1,1,nan,nan,1.870886405,nan,0.465507448,(1.6+0.53361j),0.85,0.07942823,0.207169917,2.062657957,0.17586083,1.750933466,0.151127573,0.84206773,0.283661424,2.824234825,0.163244736,1.625323109,0.42450851,0.402096909,0.28368914,2.824510769,0.16325328,1.625408181,0.424534614,0.402111364
coated_99_2,TRUE,TRUE,715,0.832206,0.38444,1.2424,1.1616,nan,nan,1.896566859,nan,0.447094356,(1.6+0j),1.15,0.061763003,0.165042261,1.421831549,0.145893128,1.256862642,0.116025634,0.767271682,0.248540323,2.141163539,0.16064301,1.383932199,0.353654135,0.276614659,0.252208109,2.172761351,0.160632935,1.383845404,0.363093695,0.250745334
coated_99_3,TRUE,TRUE,715,0.832775,0.397934,1.377805,1.25187,nan,nan,1.958812002,nan,0.440479844,(1.6+0.11249j),0.55,0.169812308,0.468134706,3.764080161,0.326193362,2.622787729,0.303206197,0.884792276,0.368629315,2.963997911,0.195945293,1.575516146,0.468448969,0.694564487,0.347478654,2.793934077,0.190332985,1.530389873,0.452245533,0.694280835
coated_99_4,TRUE,TRUE,715,0.824242,0.426892,1.701205,1.46747,nan,nan,2.026567496,nan,0.425961421,(1.6+0j),0.95,0.137340932,0.264938355,1.851053292,0.197187532,1.377696447,0.255722969,0.797084958,0.361757368,2.52750179,0.203841768,1.424187805,0.436523522,0.490747382,0.347710914,2.429362976,0.196707421,1.374342039,0.434278841,0.439786716
coated_99_5,TRUE,TRUE,715,0.809855,0.448044,1.967275,1.64485,nan,nan,2.04692354,nan,0.415005635,(1.6+0j),0.4,0.356198634,0.821176135,5.208409307,0.416325917,2.64059766,0.493012645,0.923004395,0.443469574,2.812759599,0.234546934,1.4876424,0.471109298,0.799317816,0.396877317,2.517242552,0.230563996,1.462380128,0.419054741,0.858503514
coated_99_6,TRUE,TRUE,715,0.79298,0.48816,2.544415,2.02961,nan,nan,2.151470271,nan,0.397975032,(1.6+0j),1.05,0.171250986,0.317617821,1.697034223,0.201619752,1.077255731,0.365212724,0.739329371,0.430897304,2.302287282,0.226063153,1.207856996,0.475366517,0.531938068,0.406480401,2.171827605,0.220791567,1.179690873,0.456821126,0.465607277
coated_99_7,TRUE,TRUE,715,0.792827,0.522332,3.11767,2.41178,nan,nan,2.27053855,nan,0.387470194,(1.6+0.51773j),0.35,0.673996692,0.91312331,4.261340934,0.4880693,2.277709554,0.465494644,0.955131859,0.557442177,2.601457153,0.290050604,1.353600873,0.479675892,0.831739693,0.5472403,2.553847292,0.293989908,1.371984722,0.462777306,0.851796434
coated_99_8,TRUE,TRUE,715,0.816273,0.626594,5.387755,3.92517,nan,nan,3,nan,0.36537135,(1.6+0.2199j),1,0.299001334,0.842698928,2.732814142,0.449397539,1.457365031,0.466716375,0.799987029,0.823860062,2.671721004,0.413300497,1.340304827,0.498336531,0.66109489,0.757395772,2.456181926,0.409201215,1.327011141,0.459726038,0.669812246
coated_99_9,TRUE,TRUE,715,0.923693,0.759654,9.614875,6.74325,nan,nan,3,nan,0.355470764,(1.6+0.0026j),0.7,0.60595045,1.670262103,3.685217187,0.451634721,0.996473568,0.729602486,0.886811294,1.704546049,3.760860279,0.446692973,0.985570241,0.737940214,0.761605798,1.667123561,3.678292401,0.343876899,0.758719878,0.793730407,0.641078828
coated_99_10,TRUE,TRUE,715,0.906757,0.79607,11.05663,7.70442,nan,nan,3,nan,0.347843057,(1.6+0j),1.15,0.429437955,1.409387868,2.831640608,0.336814438,0.676703314,0.761020762,0.801653574,1.412263624,2.837418369,0.294541209,0.591770986,0.791440348,0.645980646,1.242282411,2.495904358,0.297146003,0.597004349,0.7608064,0.594362427
coated_100_1,TRUE,TRUE,970,0.98003,0.395954,1,1,nan,nan,1.870549544,nan,0.465113388,(1.6+0j),1.05,0.094144038,0.21689585,1.761456379,0.193005407,1.567437111,0.110147075,0.839540067,0.332176665,2.697675889,0.199520587,1.620348246,0.399353995,0.336081168,0.332181929,2.697718635,0.199523551,1.620372313,0.399354591,0.336082948
coated_100_2,TRUE,TRUE,970,0.962486,0.418722,1.183045,1.12203,nan,nan,1.898420719,nan,0.451475886,(1.6+0j),0.5,0.244199168,0.63235325,4.592173777,0.439785987,3.193742856,0.304524826,0.901963876,0.398175931,2.891569024,0.213140181,1.547832242,0.464708527,0.726574454,0.385561368,2.799961576,0.209359765,1.520378713,0.457000151,0.729247664
coated_100_3,TRUE,TRUE,970,0.944836,0.440106,1.373695,1.24913,nan,nan,1.923946815,nan,0.439526325,(1.6+0j),0.8,0.186002399,0.397218369,2.61110817,0.299546866,1.969066212,0.245888687,0.854958342,0.436544079,2.869615052,0.236959565,1.557649657,0.457192122,0.590423,0.414525811,2.724878343,0.22905796,1.505708592,0.447421719,0.577290617
coated_100_4,TRUE,TRUE,970,0.934459,0.46512,1.62181,1.41454,nan,nan,1.944714741,nan,0.428122574,(1.6+0j),1,0.173337706,0.323891786,1.906250734,0.249798551,1.470178286,0.228759229,0.80720866,0.444788329,2.617781973,0.247948567,1.459290287,0.442547049,0.507056483,0.424410186,2.49784732,0.238547599,1.40396131,0.437931494,0.464829128
coated_100_5,TRUE,TRUE,970,0.917499,0.492466,1.925965,1.61731,nan,nan,1.999503475,nan,0.415948307,(1.6+0j),0.6,0.387297231,0.732657576,3.846437314,0.414342824,2.175291365,0.434465926,0.884343482,0.574547767,3.016364048,0.289975589,1.522365925,0.495297683,0.739775646,0.494247195,2.594787681,0.276299159,1.450564943,0.440969697,0.759055275
coated_100_6,TRUE,TRUE,970,0.887641,0.522804,2.30488,1.86992,nan,nan,2.118501603,nan,0.401983575,(1.6+0.06018j),0.5,0.586962186,1.001029295,4.663146957,0.500662586,2.332262629,0.499852213,0.906903801,0.621925942,2.897150041,0.320426044,1.492657347,0.484784245,0.791061809,0.549654752,2.560485392,0.31540224,1.469254699,0.426181183,0.838558726
coated_100_7,TRUE,TRUE,970,0.882469,0.569142,2.973325,2.31555,nan,nan,2.186918476,nan,0.38839326,(1.6+0.15258j),0.4,0.784832213,1.259439808,4.950468066,0.624713757,2.45555642,0.503974899,0.945564537,0.675202759,2.65401306,0.361373788,1.420448508,0.464792193,0.838522765,0.679526794,2.671009501,0.365775545,1.437750453,0.461720203,0.851432379
coated_100_8,TRUE,TRUE,970,0.896983,0.654892,4.5367,3.3578,nan,nan,2.78394084,nan,0.370840797,(1.6+0.18003j),0.95,0.520343429,0.985928193,2.926954922,0.501586506,1.489075071,0.491254526,0.839593312,0.971289899,2.883497774,0.471796279,1.40063592,0.51425802,0.703091416,0.865167897,2.568450169,0.463795734,1.376884457,0.463924014,0.706991302
coated_100_9,TRUE,TRUE,970,0.929997,0.745244,6.686635,4.79109,nan,nan,3,nan,0.358573491,(1.6+0j),1,0.606730798,1.333923421,3.058046186,0.41784462,0.957917167,0.686755167,0.833296151,1.414945065,3.243789927,0.424387162,0.972916078,0.700068099,0.713238275,1.174577384,2.692742202,0.392119886,0.898942699,0.666160876,0.640725477
coated_100_10,TRUE,TRUE,970,1.04362,0.900754,11.815585,8.21039,nan,nan,3,nan,0.349090329,(1.6+0j),0.7,1.145562512,2.221434493,3.486030888,0.608377896,0.954709286,0.726132867,0.874677991,2.282775632,3.582291708,0.633998002,0.994914153,0.722268806,0.739847649,2.515566706,3.947603797,0.404267004,0.634404151,0.839293864,0.614316356
405nm/k00/coated_1,TRUE,TRUE,137,0.588616048,0.394734,7.017715,5.01181,1.77844,0.0172696,nan,nan,0.391510692,(1.55+0j),0.405,nan,0.419253409,3.425923418,0.128455582,1.049673009,0.693608735,0.881792815,0.426764825,3.487302844,0.130294269,1.064697815,0.694693044,0.761551152,0.343711871,2.808636786,0.102904468,0.840882433,0.700608339,0.633773171
405nm/k00/coated_2,TRUE,TRUE,34,None,0.1924024,3.27076,2.51384,1.66027,0.0163813,nan,nan,None,(1.55+0j),0.405,nan,0.049843582,1.714345681,0.027262616,0.937684381,0.453036577,0.635928943,0.059922364,2.061000468,0.030215125,1.039234462,0.495762142,0.548629054,0.05698469,1.959960596,0.029767791,1.023848647,0.477617739,0.462988814
405nm/k00/coated_3,TRUE,TRUE,146,0.667746915,0.466184,10.836235,7.55749,1.73224,0.0153569,nan,nan,0.382108114,(1.55+0j),0.405,nan,0.651218453,3.815241989,0.155161432,0.909031996,0.76173674,0.904643244,0.628200752,3.680390006,0.151890842,0.889870848,0.758212894,0.773100218,0.593503169,3.477110026,0.108805207,0.637448453,0.816672913,0.641922025
405nm/k00/coated_4,TRUE,TRUE,48,None,0.408188,22.10695,15.0713,1.68309,0.0133101,nan,nan,None,(1.55+0j),0.405,nan,0.469007012,3.584008147,0.064583077,0.493524123,0.86229827,0.871615274,0.493361992,3.770121458,0.065166544,0.497982798,0.867913328,0.731039225,0.43828285,3.349223498,0.049582509,0.378894374,0.88687098,0.630561861
405nm/k00/coated_5,TRUE,TRUE,65,0.47289858,0.355646,10.82029,7.54686,1.68304,0.017976,nan,nan,0.376802096,(1.55+0j),0.405,nan,0.311362708,3.134302125,0.072890004,0.733740068,0.765900019,0.855032503,0.342574737,3.448494957,0.073941798,0.744327845,0.784158639,0.744166357,0.304103202,3.061225021,0.064659756,0.650891089,0.787375615,0.635812424
405nm/k00/coated_6,TRUE,TRUE,92,None,0.441154,14.56915,10.0461,2.24222,0.0215205,nan,nan,None,(1.55+0j),0.405,nan,0.553813016,3.623204397,0.110935377,0.725771218,0.799688028,0.878574235,0.602734052,3.943259915,0.113717467,0.743972452,0.811330608,0.765318289,0.565034197,3.696616594,0.080580858,0.5271832,0.857387645,0.653711485
405nm/k00/coated_7,TRUE,TRUE,34,0.522242112,0.459358,44.5009,30.0006,1.93696,0.0224455,nan,nan,0.350854027,(1.55+0j),0.405,nan,0.643372587,3.882130249,0.050802581,0.306544361,0.921037075,0.862368571,0.696920901,4.205242449,0.050264254,0.303296075,0.927876673,0.748813548,0.680265348,4.10474232,0.041102753,0.248015293,0.939578353,0.699163527
405nm/k00/coated_8,TRUE,TRUE,398,0.709746908,0.56301,7.004605,5.00307,2.63674,0.00844622,nan,nan,0.362528296,(1.55+0j),0.405,nan,0.903582665,3.629491565,0.319529754,1.283480297,0.64637463,0.929388946,0.771387364,3.098492305,0.301316672,1.210322379,0.609383448,0.785819155,0.852974762,3.426210821,0.208811973,0.838751478,0.755195602,0.664269891
405nm/k00/coated_9,TRUE,TRUE,14,None,0.1846662,7.047715,5.03181,1.58413,0.0307107,nan,nan,None,(1.55+0j),0.405,nan,0.034330058,1.281769206,0.013772914,0.514234394,0.598808903,0.597845349,0.037275778,1.391752495,0.014430431,0.538783895,0.612873771,0.506121775,0.037583859,1.403255204,0.015387264,0.574508833,0.59058849,0.420996307
405nm/k00/coated_10,TRUE,TRUE,389,None,0.644488,10.761985,7.50799,3,0.00584935,nan,nan,None,(1.55+0j),0.405,nan,1.148173462,3.519556588,0.283017659,0.867548937,0.753506183,0.857771795,0.954149261,2.924803986,0.354232286,1.085846884,0.628745417,0.750634846,1.236266149,3.789591742,0.213989961,0.6559547,0.826906236,0.65455464
405nm/k00/coated_11,TRUE,TRUE,19,None,0.1583822,3.26434,2.50956,2.27364,0.00150896,nan,nan,None,(1.55+0j),0.405,nan,0.030144068,1.530027487,0.016214954,0.823025107,0.462084757,0.461888448,0.029112291,1.477657416,0.016114236,0.81791296,0.446479982,0.381217513,0.030676192,1.557036594,0.016818713,0.853670241,0.45173399,0.28958045
405nm/k00/coated_12,TRUE,TRUE,93,None,0.268694,3.258685,2.50579,3,0.00615503,nan,nan,None,(1.55+0j),0.405,nan,0.153832549,2.712953923,0.070242145,1.238773609,0.543385681,0.800579767,0.160331236,2.827563212,0.070505173,1.243412307,0.560253047,0.677144424,0.133224234,2.349510618,0.066802399,1.178111079,0.498571715,0.659361316
405nm/k00/coated_13,TRUE,TRUE,847,None,0.561238,3.258985,2.50599,3,0.00677492,nan,nan,None,(1.55+0j),0.405,nan,0.643077099,2.59943538,0.356172123,1.439712938,0.446143979,0.945394887,0.68238518,2.758325843,0.352747755,1.425871012,0.483066507,0.825846814,0.694696639,2.808091015,0.310909631,1.256753658,0.552452662,0.76880266
405nm/k00/coated_14,TRUE,TRUE,123,None,0.295566,3.27034,2.51356,3,0.0169968,nan,nan,None,(1.55+0j),0.405,nan,0.196449184,2.863198112,0.090135544,1.313703188,0.541176287,0.827904683,0.208891133,3.044536429,0.091154745,1.328557786,0.563625591,0.722962242,0.1693096,2.467645408,0.085294239,1.243142373,0.496223255,0.697908536
532nm/k00/coated_1,TRUE,TRUE,14,None,0.0969866,1.022425,1.01495,1.7347,0.0383538,nan,nan,None,(1.55+0j),0.532,nan,0.006538364,0.895472383,0.005851798,0.801442501,0.105005898,0.225152494,0.006456462,0.873939255,0.005588312,0.756427451,0.134462211,0.073092112,0.006449864,0.873046138,0.005578556,0.755106875,0.135089382,0.072232588
532nm/k00/coated_2,TRUE,TRUE,14,0.173741447,0.1314136,2.543425,2.02895,1.7347,0.0383538,nan,nan,0.411580682,(1.55+0j),0.532,nan,0.011579334,0.705481157,0.008116866,0.494527213,0.299021373,0.260304297,0.009809305,0.723215516,0.007451542,0.54938354,0.240359854,0.133357558,0.01029767,0.75922145,0.007653629,0.564282889,0.256761134,0.10323658
532nm/k00/coated_3,TRUE,TRUE,14,None,0.1844664,7.0348,5.0232,1.7347,0.0383538,nan,nan,None,(1.55+0j),0.532,nan,0.020613601,0.770214833,0.009711908,0.362879606,0.528859234,0.353840814,0.019917246,0.745254929,0.009301065,0.348023235,0.533014514,0.266718879,0.022018315,0.823871829,0.010516693,0.393509092,0.522366127,0.216650288
532nm/k00/coated_4,TRUE,TRUE,14,None,0.213002,10.830565,7.55371,1.73244,0.0252629,nan,nan,None,(1.55+0j),0.532,nan,0.032192588,0.897916227,0.010883355,0.303558728,0.66192979,0.460584407,0.031034355,0.870934467,0.010312516,0.289405894,0.667706464,0.367893168,0.033325153,0.935222421,0.011858968,0.33280485,0.644143637,0.313281199
532nm/k00/coated_5,TRUE,TRUE,14,None,0.235128,14.5684,10.0456,1.73244,0.0252629,nan,nan,None,(1.55+0j),0.532,nan,0.04564353,1.036116473,0.011864062,0.269316387,0.74007132,0.559942197,0.044037566,1.014202615,0.011296917,0.260172486,0.743470898,0.458282726,0.04560641,1.050333717,0.012779441,0.294315603,0.719788485,0.405630063
532nm/k00/coated_6,TRUE,TRUE,14,None,0.253522,18.26215,12.5081,1.73244,0.0252629,nan,nan,None,(1.55+0j),0.532,nan,0.060386249,1.178505378,0.012716014,0.248167272,0.789422029,0.63681295,0.059228062,1.173292612,0.012323244,0.24412028,0.791935722,0.531265871,0.059609368,1.180846183,0.013508234,0.267594633,0.773387392,0.485852266
532nm/k00/coated_7,TRUE,TRUE,14,None,0.270054,22.07245,15.0483,1.73244,0.0252629,nan,nan,None,(1.55+0j),0.532,nan,0.077311751,1.33492238,0.013495779,0.233028192,0.825436898,0.693322508,0.077781245,1.357950006,0.013353317,0.233129932,0.828322154,0.583211778,0.076959092,1.343596386,0.014160438,0.247221117,0.81600046,0.548068388
532nm/k00/coated_8,TRUE,TRUE,14,0.375414649,0.34345,45.40345,30.6023,1.73244,0.0252629,nan,nan,0.347129131,(1.55+0j),0.532,nan,0.204727572,2.209832792,0.015494089,0.16724345,0.924318505,0.754506162,0.208652403,2.252197474,0.014277917,0.154116071,0.9315708,0.610043791,0.208607346,2.251711131,0.015958424,0.172255486,0.923500184,0.603752333
532nm/k00/coated_9,TRUE,TRUE,14,0.440423605,0.406684,75.3826,50.5884,1.73244,0.0252629,nan,nan,0.344788721,(1.55+0j),0.532,nan,0.359358915,2.766459836,0.016812849,0.129430688,0.953214326,0.798919406,0.362818459,2.793092507,0.015498646,0.11931353,0.957282643,0.67250807,0.355023224,2.733082297,0.018212184,0.140203218,0.948701428,0.658670196
532nm/k00/coated_10,TRUE,TRUE,26,None,0.1194184,1.02265,1.0151,1.73527,0.0228596,nan,nan,None,(1.55+0j),0.532,nan,0.012638416,1.145757637,0.010960437,0.993637521,0.132768145,0.409616771,0.014186146,1.266578321,0.011250456,1.004471824,0.206940615,0.112732178,0.014194111,1.267289465,0.011243501,1.003850818,0.207875671,0.11133369
532nm/k00/coated_11,TRUE,TRUE,26,None,0.1758732,3.26671,2.51114,1.73527,0.0228596,nan,nan,None,(1.55+0j),0.532,nan,0.023782765,0.953442855,0.015429553,0.618565468,0.351229636,0.455236278,0.025934063,1.067533089,0.015837978,0.651944344,0.389298233,0.254035713,0.028358964,1.16735017,0.016993789,0.699521417,0.400761284,0.191058181
532nm/k00/coated_12,TRUE,TRUE,26,None,0.227436,7.064635,5.04309,1.73527,0.0228596,nan,nan,None,(1.55+0j),0.532,nan,0.044387924,1.08791467,0.018547125,0.454576092,0.582158322,0.559566724,0.048772462,1.200511651,0.01952845,0.480683789,0.599600896,0.441490145,0.050943405,1.253948409,0.021381892,0.526305419,0.580281441,0.359443171
532nm/k00/coated_13,TRUE,TRUE,26,None,0.262106,10.813,7.542,1.73527,0.0228596,nan,nan,None,(1.55+0j),0.532,nan,0.070320289,1.307843943,0.021006345,0.39068413,0.701276187,0.647769911,0.078719909,1.458951238,0.022895004,0.424323345,0.709158652,0.568049456,0.077290782,1.432464592,0.024298601,0.45033683,0.68562097,0.505735472
532nm/k00/coated_14,TRUE,TRUE,26,None,0.28969,14.59855,10.0657,1.73193,0.0184344,nan,nan,None,(1.55+0j),0.532,nan,0.104102379,1.571187484,0.023358571,0.352544242,0.77561924,0.715281985,0.116752112,1.771364176,0.025378925,0.385049294,0.782625561,0.61818704,0.112783267,1.711148823,0.026577608,0.403235726,0.764347951,0.582935672
532nm/k00/coated_15,TRUE,TRUE,26,None,0.312862,18.38965,12.5931,1.73193,0.0184344,nan,nan,None,(1.55+0j),0.532,nan,0.138557132,1.805926188,0.025065961,0.326704773,0.819092953,0.751215687,0.157093063,2.043438124,0.026105039,0.339569626,0.833824366,0.621966879,0.153185519,1.9926095,0.027825969,0.361955169,0.818351178,0.601977956
532nm/k00/coated_16,TRUE,TRUE,26,None,0.332836,22.1413,15.0942,1.73193,0.0184344,nan,nan,None,(1.55+0j),0.532,nan,0.179118133,2.043524823,0.026443216,0.301685639,0.852369966,0.771503304,0.193487671,2.223836364,0.025672305,0.295062757,0.867318135,0.616112939,0.189944885,2.183117608,0.02820443,0.324165546,0.851512559,0.601111639
532nm/k00/coated_17,TRUE,TRUE,26,0.481632889,0.420684,44.7076,30.1384,1.72014,0.020983,nan,nan,0.352500365,(1.55+0j),0.532,nan,0.404031768,2.906789907,0.029756652,0.214083003,0.926350713,0.812536016,0.424281201,3.052473615,0.029768157,0.21416578,0.929838614,0.700519141,0.404154499,2.907672889,0.031134416,0.22399527,0.922964075,0.666406371
532nm/k00/coated_18,TRUE,TRUE,26,0.563910805,0.500622,75.3427,50.5618,1.72014,0.020983,nan,nan,0.349036551,(1.55+0j),0.532,nan,0.706599069,3.589742672,0.033019237,0.167747976,0.953270195,0.847037258,0.721021273,3.663011946,0.028617946,0.145388051,0.960309152,0.716266671,0.689416953,3.502452189,0.032459976,0.164906758,0.952916771,0.671392465
532nm/k00/coated_19,TRUE,TRUE,34,None,0.1306188,1.02337,1.01558,1.66274,0.0201265,nan,nan,None,(1.55+0j),0.532,nan,0.018052594,1.304694788,0.01542616,1.114877518,0.145487873,0.499398859,0.019963048,1.489791835,0.015118561,1.128260002,0.242672718,0.136709771,0.019987759,1.491635973,0.015115096,1.128001436,0.24378236,0.134935331
532nm/k00/coated_20,TRUE,TRUE,34,None,0.248514,7.04806,5.03204,1.66274,0.0201265,nan,nan,None,(1.55+0j),0.532,nan,0.063727747,1.292846436,0.025006062,0.507298626,0.607611073,0.605778146,0.071365428,1.471283183,0.027260306,0.562003627,0.618018045,0.529097013,0.070954254,1.462806344,0.028791806,0.593577331,0.594220155,0.445271937
532nm/k00/coated_21,TRUE,TRUE,34,None,0.28682,10.835365,7.55691,1.66962,0.0277407,nan,nan,None,(1.55+0j),0.532,nan,0.102402221,1.568860902,0.028226175,0.432441238,0.724359733,0.68603015,0.117986933,1.82610257,0.031670446,0.490168536,0.731576668,0.616115192,0.112533003,1.741691233,0.033143932,0.512973915,0.705473677,0.572704433
532nm/k00/coated_22,TRUE,TRUE,34,None,0.316864,14.6095,10.073,1.66962,0.0277407,nan,nan,None,(1.55+0j),0.532,nan,0.145291015,1.831736321,0.030680621,0.386801674,0.788833322,0.740969219,0.168214284,2.133178459,0.032749826,0.415310891,0.805308886,0.621935288,0.161921728,2.053380571,0.035220013,0.446636108,0.782487419,0.599832323
532nm/k00/coated_23,TRUE,TRUE,34,None,0.341552,18.2974,12.5316,1.66962,0.0277407,nan,nan,None,(1.55+0j),0.532,nan,0.193644376,2.091393938,0.032682987,0.352982108,0.831221607,0.775681176,0.212005106,2.313890343,0.032121456,0.350583669,0.848487345,0.618166725,0.20489309,2.236267565,0.035519197,0.387667674,0.826645219,0.598824862
532nm/k00/coated_24,TRUE,TRUE,34,None,0.36374,22.09975,15.0665,1.67029,0.0207792,nan,nan,None,(1.55+0j),0.532,nan,0.23952598,2.310663639,0.034145799,0.32939832,0.857444279,0.793291768,0.254079983,2.445110241,0.032004599,0.307992676,0.874037305,0.627200229,0.243402293,2.342354694,0.035569011,0.342294393,0.853867395,0.602573464
532nm/k00/coated_25,TRUE,TRUE,34,0.515463068,0.461514,45.14125,30.4275,1.67029,0.0207792,nan,nan,0.348401453,(1.55+0j),0.532,nan,0.546518463,3.266970383,0.039424797,0.235672995,0.927861913,0.833926322,0.598520868,3.577829627,0.039305575,0.234960312,0.934328815,0.729071127,0.571918618,3.418807069,0.039394465,0.235491679,0.931118757,0.67606946
532nm/k00/coated_26,TRUE,TRUE,34,0.602490023,0.548332,75.70885,50.8059,1.67029,0.0207792,nan,nan,0.345325963,(1.55+0j),0.532,nan,0.921203223,3.901021861,0.043175435,0.182835134,0.953131477,0.85582792,0.932510648,3.948905449,0.041265679,0.174747887,0.955747766,0.715287809,0.890440647,3.770751495,0.036208512,0.153332287,0.959336412,0.674663364
532nm/k00/coated_27,TRUE,TRUE,48,None,0.1465568,1.023205,1.01547,1.68547,0.0237346,nan,nan,None,(1.55+0j),0.532,nan,0.023313237,1.404131513,0.019843588,1.195158223,0.148827434,0.609674671,0.030723661,1.821256609,0.021822753,1.293622963,0.289708569,0.176030186,0.030778577,1.824511933,0.021822347,1.293598883,0.29098908,0.173745027
532nm/k00/coated_28,TRUE,TRUE,48,None,0.215698,3.262045,2.50803,1.68547,0.0237346,nan,nan,None,(1.55+0j),0.532,nan,0.045803631,1.227215831,0.028159809,0.754485235,0.385205751,0.632687922,0.057726458,1.57976612,0.031403763,0.859408355,0.455990134,0.414073352,0.05987763,1.638635979,0.032407418,0.886874788,0.458772541,0.317918775
532nm/k00/coated_29,TRUE,TRUE,48,None,0.278264,7.00354,5.00236,1.68803,0.0157447,nan,nan,None,(1.55+0j),0.532,nan,0.092656138,1.518376552,0.03475573,0.569549816,0.624895541,0.692165877,0.115159752,1.893637267,0.040801527,0.670922708,0.645696291,0.605870896,0.108162363,1.778575222,0.042107426,0.692396349,0.610701678,0.547444636
532nm/k00/coated_30,TRUE,TRUE,48,None,0.321782,10.8301,7.5534,1.68803,0.0157447,nan,nan,None,(1.55+0j),0.532,nan,0.156560109,1.902488043,0.039890162,0.484737503,0.745208647,0.749612937,0.182507933,2.244235206,0.043218139,0.531438106,0.76319857,0.623058149,0.171287007,2.106255475,0.046487498,0.571640249,0.728598807,0.599114453
532nm/k00/coated_31,TRUE,TRUE,48,None,0.354918,14.5321,10.0214,1.67331,0.0299341,nan,nan,None,(1.55+0j),0.532,nan,0.218362163,2.206774916,0.043423006,0.438834268,0.801142262,0.787003152,0.241115125,2.437129021,0.043048412,0.435122161,0.821461171,0.628307321,0.225401187,2.278296626,0.046672755,0.471756076,0.792934743,0.598987942
532nm/k00/coated_32,TRUE,TRUE,48,None,0.383096,18.27565,12.5171,1.67331,0.0299341,nan,nan,None,(1.55+0j),0.532,nan,0.287247547,2.479730467,0.046136563,0.398284484,0.839383962,0.810338323,0.303755093,2.63522955,0.045273498,0.392770568,0.850953945,0.656006699,0.278897466,2.419577025,0.046884927,0.406750529,0.831891886,0.611227859
532nm/k00/coated_33,TRUE,TRUE,48,None,0.408188,22.10695,15.0713,1.67746,0.0231063,nan,nan,None,(1.55+0j),0.532,nan,0.357221131,2.716900025,0.048307448,0.367409692,0.864768785,0.826109498,0.382469907,2.922718054,0.049686244,0.379687082,0.870091102,0.693093377,0.348229168,2.661060798,0.047839033,0.365571262,0.862621981,0.635781231
532nm/k00/coated_34,TRUE,TRUE,48,0.601825025,0.518724,45.3688,30.5792,1.67746,0.0231063,nan,nan,0.352662794,(1.55+0j),0.532,nan,0.768968876,3.638699544,0.055194805,0.261177427,0.928222316,0.855889883,0.77757215,3.679409553,0.051596963,0.244152723,0.933643505,0.715049691,0.724506903,3.428309028,0.047509013,0.224808868,0.934425728,0.649312219
532nm/k00/coated_35,TRUE,TRUE,48,0.696135875,0.616018,75.98545,50.9903,1.68517,0.0189331,nan,nan,0.348238349,(1.55+0j),0.532,nan,1.203317982,4.037418053,0.061234799,0.205457317,0.949111706,0.868836581,1.25379499,4.206780421,0.055001646,0.184543605,0.956131867,0.744053896,1.233501775,4.138691857,0.048792067,0.16370899,0.960444267,0.712245965
532nm/k00/coated_36,TRUE,TRUE,58,None,0.1559954,1.02262,1.01508,1.72947,0.0210337,nan,nan,None,(1.55+0j),0.532,nan,0.028242515,1.500518232,0.02385285,1.267296366,0.155427546,0.639266698,0.038489127,2.013838295,0.026383907,1.38046579,0.31451011,0.202072514,0.038558831,2.017485367,0.026380453,1.380285062,0.315838873,0.199530254
532nm/k00/coated_37,TRUE,TRUE,58,None,0.230658,3.305875,2.53725,1.73633,0.0264124,nan,nan,None,(1.55+0j),0.532,nan,0.056196005,1.325052303,0.033960659,0.800762432,0.39567485,0.665180845,0.073874714,1.767945558,0.038844886,0.929623135,0.474178868,0.475660324,0.074067176,1.772551492,0.039256498,0.939473699,0.469987922,0.376442181
532nm/k00/coated_38,TRUE,TRUE,58,None,0.296382,7.013515,5.00901,1.73633,0.0264124,nan,nan,None,(1.55+0j),0.532,nan,0.112508603,1.621716225,0.041730064,0.601503525,0.629094464,0.726108632,0.146366859,2.121530227,0.048927795,0.709189205,0.665718077,0.620961958,0.134710586,1.952577118,0.050844313,0.736968374,0.622566317,0.582566585
532nm/k00/coated_39,TRUE,TRUE,58,None,0.34248,10.82146,7.54764,1.73406,0.0270548,nan,nan,None,(1.55+0j),0.532,nan,0.182711373,1.986275777,0.047535148,0.516759914,0.73983476,0.774925959,0.221251039,2.401734559,0.049985002,0.542599516,0.774080148,0.627000687,0.20374335,2.21168428,0.053675757,0.582663571,0.736552104,0.600088474
532nm/k00/coated_40,TRUE,TRUE,58,0.495521644,0.378166,14.56885,10.0459,1.73406,0.0270548,nan,nan,0.373437694,(1.55+0j),0.532,nan,0.264184083,2.327983486,0.052176845,0.459781041,0.802498152,0.808824383,0.294733643,2.624066706,0.052582268,0.468149399,0.821593941,0.654901138,0.266296835,2.370888685,0.053816124,0.479134645,0.797909262,0.607073591
532nm/k00/coated_41,TRUE,TRUE,58,0.52394838,0.40803,18.30025,12.5335,1.73415,0.0123442,nan,nan,0.369222338,(1.55+0j),0.532,nan,0.343372915,2.60385641,0.055475392,0.420679523,0.838439815,0.828194078,0.385344309,2.946964316,0.058517677,0.447520572,0.848141842,0.697378659,0.344955917,2.638089512,0.054864057,0.419579102,0.840953425,0.631828693
532nm/k00/coated_42,TRUE,TRUE,58,0.552279071,0.433994,22.0207,15.0138,1.73274,0.0203173,nan,nan,0.367031247,(1.55+0j),0.532,nan,0.423584733,2.843558266,0.058069073,0.389822342,0.862910373,0.840932247,0.48823233,3.300419937,0.062984217,0.425769361,0.870995398,0.725976429,0.446669351,3.019456804,0.055988828,0.378480966,0.874652631,0.653278746
532nm/k00/coated_43,TRUE,TRUE,58,0.661758548,0.55122,45.11845,30.4123,1.73274,0.0203173,nan,nan,0.356557252,(1.55+0j),0.532,nan,0.88292763,3.699860014,0.065392413,0.274023334,0.925936837,0.867747204,0.947639055,3.971029708,0.068369495,0.286498634,0.92785281,0.72388186,0.887853492,3.720501573,0.053872955,0.225751675,0.939322247,0.664123905
532nm/k00/coated_44,TRUE,TRUE,58,0.761845649,0.653242,75.0934,50.3956,1.71919,0.0219301,nan,nan,0.351687858,(1.55+0j),0.532,nan,1.370681672,4.089766609,0.072130274,0.215218452,0.947376349,0.877965416,1.339000098,3.995236824,0.066483064,0.198368607,0.950348724,0.72817016,1.305632927,3.895677645,0.059418812,0.17729067,0.954490416,0.690322681
532nm/k00/coated_45,TRUE,TRUE,65,None,0.1619726,1.02214,1.01476,1.69561,0.0220813,nan,nan,None,(1.55+0j),0.532,nan,0.032475705,1.597905095,0.02709887,1.333348165,0.165564858,0.599271608,0.043893392,2.130228337,0.029458037,1.429653561,0.32887309,0.219467001,0.043968575,2.133877085,0.029449642,1.429246131,0.330211594,0.216787806
532nm/k00/coated_46,TRUE,TRUE,65,0.347405571,0.219694,2.550625,2.03375,1.69341,0.0323258,nan,nan,0.423010646,(1.55+0j),0.532,nan,0.064309261,1.426440005,0.038380789,0.851322061,0.40318411,0.625383114,0.070764789,1.866770564,0.040121081,1.058391521,0.433036099,0.435980779,0.071665681,1.890536022,0.040147963,1.059100678,0.439788152,0.343465281
532nm/k00/coated_47,TRUE,TRUE,65,0.43046593,0.307734,7.00987,5.00658,1.69341,0.0323258,nan,nan,0.388165653,(1.55+0j),0.532,nan,0.132529576,1.743997108,0.047021304,0.618767684,0.645201427,0.710034555,0.166497979,2.238556813,0.053760101,0.722801803,0.677112594,0.623984693,0.15164118,2.038807916,0.056198005,0.755579308,0.629401425,0.594754089
532nm/k00/coated_48,TRUE,TRUE,65,0.47289858,0.355646,10.82029,7.54686,1.69686,0.01573,nan,nan,0.376802096,(1.55+0j),0.532,nan,0.208737477,2.106373052,0.05307348,0.535565297,0.745740529,0.774250701,0.247724039,2.493689719,0.05525254,0.556194267,0.776959313,0.636251143,0.224096832,2.255848755,0.058216904,0.586034752,0.740215406,0.601666414
532nm/k00/coated_49,TRUE,TRUE,65,0.509384151,0.393138,14.61565,10.0771,1.6952,0.0282908,nan,nan,0.371117414,(1.55+0j),0.532,nan,0.302844406,2.497006784,0.058752308,0.484423384,0.805998371,0.816508885,0.338299129,2.786897209,0.06091021,0.501776324,0.819951622,0.678966395,0.29960466,2.468133435,0.058936717,0.485518756,0.803285046,0.617115511
532nm/k00/coated_50,TRUE,TRUE,65,0.537791951,0.42402,18.33775,12.5585,1.6952,0.0282908,nan,nan,0.366892715,(1.55+0j),0.532,nan,0.404796174,2.843769098,0.06311999,0.443429778,0.844069697,0.838795114,0.448677244,3.177396985,0.067851096,0.480501007,0.848775268,0.719583334,0.402420942,2.849823796,0.060410154,0.427806502,0.849883174,0.643991833
532nm/k00/coated_51,TRUE,TRUE,65,0.563217211,0.451472,22.135,15.09,1.69112,0.0143706,nan,nan,0.363749369,(1.55+0j),0.532,nan,0.494745999,3.090897751,0.065817514,0.411191211,0.866967061,0.848543858,0.556569,3.476702183,0.069598691,0.434759967,0.874950472,0.734672126,0.515582161,3.220670974,0.060913251,0.380504902,0.881855394,0.653572249
532nm/k00/coated_52,TRUE,TRUE,65,0.668444428,0.573174,45.2944,30.5296,1.67857,0.0132801,nan,nan,0.352585278,(1.55+0j),0.532,nan,1.003814611,3.890367851,0.07527908,0.291750397,0.92500699,0.868773953,1.085163055,4.205640579,0.078678253,0.304924177,0.927496377,0.738191418,1.042408062,4.03994001,0.059661954,0.231224914,0.942765261,0.685634955
532nm/k00/coated_53,TRUE,TRUE,65,0.769822577,0.679228,75.37615,50.5841,1.67857,0.0132801,nan,nan,0.348069655,(1.55+0j),0.532,nan,1.467840359,4.050958387,0.080440731,0.222001019,0.945197902,0.868864604,1.479426004,4.08293255,0.08211832,0.226630843,0.944493121,0.71264073,1.449794904,4.001156387,0.064990409,0.179361087,0.955172688,0.673328438
532nm/k00/coated_54,TRUE,TRUE,79,None,0.1729106,1.02265,1.0151,1.82925,0.0217886,nan,nan,None,(1.55+0j),0.532,nan,0.03946769,1.707482288,0.032509097,1.406434131,0.176311145,0.686263099,0.054558813,2.323441787,0.035336727,1.504849951,0.352318634,0.252688193,0.054637512,2.326793248,0.035310867,1.50374871,0.353724827,0.249624357
532nm/k00/coated_55,TRUE,TRUE,79,0.386925478,0.233896,2.5312,2.0208,1.82637,0.0278156,nan,nan,0.428342084,(1.55+0j),0.532,nan,0.080678687,1.564376178,0.046567733,0.902957828,0.422800066,0.711831553,0.088392324,2.057212158,0.048813133,1.13605984,0.447767292,0.488773856,0.086769735,2.019448595,0.04793326,1.115581989,0.447580893,0.39862907
532nm/k00/coated_56,TRUE,TRUE,79,0.464522334,0.328652,7.022095,5.01473,1.82637,0.0278156,nan,nan,0.388095993,(1.55+0j),0.532,nan,0.163415981,1.923221753,0.057564831,0.677473126,0.647740503,0.7745968,0.20405272,2.405359248,0.06256411,0.737501372,0.693392423,0.629043193,0.181943852,2.144741443,0.065407308,0.771016784,0.640508283,0.605912565
532nm/k00/coated_57,TRUE,TRUE,79,0.504891364,0.379952,10.850395,7.56693,1.8309,0.0115729,nan,nan,0.375429803,(1.55+0j),0.532,nan,0.270446526,2.362117393,0.066328727,0.579324284,0.754743653,0.818421994,0.306311384,2.701567271,0.068476262,0.603938466,0.776448851,0.667480803,0.267003951,2.354888433,0.06737906,0.594261503,0.747647704,0.610778839
532nm/k00/coated_58,TRUE,TRUE,79,0.53954226,0.419424,14.59555,10.0637,1.83251,0.0241915,nan,nan,0.369055101,(1.55+0j),0.532,nan,0.37894319,2.725410015,0.072169573,0.519053205,0.809550415,0.835377811,0.433485009,3.137456016,0.078583889,0.568770523,0.818716017,0.719319132,0.380714955,2.755519573,0.069617036,0.503870686,0.817141315,0.637694305
532nm/k00/coated_59,TRUE,TRUE,79,0.569321805,0.451876,18.2524,12.5016,1.83923,0.0200539,nan,nan,0.365097316,(1.55+0j),0.532,nan,0.488628717,3.014764159,0.075954026,0.468624681,0.844556769,0.844055348,0.556056864,3.467294839,0.081419004,0.507688532,0.853577917,0.737215291,0.510183115,3.181248888,0.070283786,0.438254835,0.862238118,0.647858556
532nm/k00/coated_60,TRUE,TRUE,79,0.594451307,0.4813,22.05505,15.0367,1.83234,0.0177886,nan,nan,0.361626611,(1.55+0j),0.532,nan,0.594612837,3.23895816,0.078766096,0.429052441,0.867533812,0.852195402,0.649411271,3.569424641,0.078988594,0.43415297,0.878368921,0.73237441,0.598839489,3.291461855,0.068812856,0.378223035,0.88508965,0.637955587
532nm/k00/coated_61,TRUE,TRUE,79,0.707271446,0.609498,44.78965,30.1931,1.83234,0.0177886,nan,nan,0.351540894,(1.55+0j),0.532,nan,1.15734633,3.966695722,0.090373691,0.309747327,0.921913011,0.876428068,1.216949784,4.170980954,0.087396028,0.299541667,0.92818436,0.748916441,1.186900725,4.06799063,0.072826662,0.249606537,0.938641319,0.698906208
532nm/k00/coated_62,TRUE,TRUE,79,0.819293416,0.724404,75.19705,50.4647,1.82844,0.0246959,nan,nan,0.347499202,(1.55+0j),0.532,nan,1.659207983,4.025772861,0.095406226,0.231486227,0.942498935,0.875470093,1.708365466,4.145044745,0.096758158,0.23476645,0.943362143,0.719107342,1.741825906,4.226230545,0.072113174,0.174969782,0.958599092,0.6941473
532nm/k00/coated_63,TRUE,TRUE,86,None,0.1778986,1.02322,1.01548,1.97693,0.0192941,nan,nan,None,(1.55+0j),0.532,nan,0.042791528,1.74846305,0.034936447,1.427504207,0.183566272,0.73141707,0.05969507,2.401615751,0.038094082,1.532577961,0.361855468,0.268216221,0.059770115,2.404634933,0.038055767,1.531036473,0.36329775,0.264946788
532nm/k00/coated_64,TRUE,TRUE,86,0.414500837,0.240566,2.53018,2.02012,1.96013,0.0167003,nan,nan,0.434419478,(1.55+0j),0.532,nan,0.088942819,1.61932443,0.049971202,0.909793372,0.438164857,0.75379645,0.097150356,2.137401066,0.052967542,1.165336749,0.454787982,0.510148278,0.094007247,2.06824965,0.051645851,1.136258285,0.450618408,0.423681655
532nm/k00/coated_65,TRUE,TRUE,86,0.487455882,0.338958,7.07767,5.05178,1.95781,0.0165088,nan,nan,0.390005324,(1.55+0j),0.532,nan,0.190278844,2.095371552,0.06298493,0.693596972,0.668986166,0.794623715,0.22326594,2.474234267,0.067089656,0.743487908,0.699507877,0.634446917,0.196719587,2.180047444,0.069570636,0.770982134,0.646346167,0.60897201
532nm/k00/coated_66,TRUE,TRUE,86,0.527603843,0.389642,10.75105,7.5007,1.95781,0.0165088,nan,nan,0.377719812,(1.55+0j),0.532,nan,0.305521667,2.553298689,0.072114689,0.602675229,0.763962112,0.823743207,0.33494569,2.809008057,0.075827654,0.635925456,0.773612093,0.683603488,0.288058323,2.415789111,0.07211926,0.604825169,0.749636603,0.617146667
532nm/k00/coated_67,TRUE,TRUE,86,0.560872553,0.430822,14.53255,10.0217,1.96527,0.0275528,nan,nan,0.370329429,(1.55+0j),0.532,nan,0.42080908,2.88966282,0.078412098,0.538449704,0.813663483,0.840837725,0.477843649,3.277933902,0.086093979,0.590591449,0.81982814,0.730922774,0.42378685,2.907112578,0.07481541,0.513222198,0.823459813,0.643415542
532nm/k00/coated_68,TRUE,TRUE,86,0.589456896,0.46506,18.28,12.52,1.96011,0.0146788,nan,nan,0.365539807,(1.55+0j),0.532,nan,0.534030968,3.14764275,0.083236376,0.490605213,0.844135675,0.852198496,0.598487745,3.523282006,0.086046267,0.506552166,0.856227187,0.737585479,0.550822248,3.242676449,0.074286862,0.437324852,0.865134601,0.642134193
532nm/k00/coated_69,TRUE,TRUE,86,0.616771475,0.495344,22.0888,15.0592,1.95794,0.0256263,nan,nan,0.362375941,(1.55+0j),0.532,nan,0.656885143,3.389353075,0.087841972,0.453241273,0.86627499,0.861890997,0.689526019,3.578054604,0.08427325,0.437306616,0.877780899,0.728636171,0.628496086,3.261361066,0.072357759,0.375475332,0.884871584,0.630393676
532nm/k00/coated_70,TRUE,TRUE,86,0.742032642,0.629818,45.4039,30.6026,1.95614,0.0119272,nan,nan,0.353160322,(1.55+0j),0.532,nan,1.22644735,3.936668914,0.09960198,0.319703913,0.918788214,0.871983616,1.257996898,4.037937121,0.092214208,0.295990533,0.926697587,0.744951252,1.21891879,3.912503631,0.079547113,0.255331503,0.934739613,0.691492191
532nm/k00/coated_71,TRUE,TRUE,86,0.85401383,0.74478,75.08185,50.3879,1.96507,0.0180304,nan,nan,0.348933962,(1.55+0j),0.532,nan,1.693899573,3.88813885,0.103970985,0.238652652,0.938620337,0.868821367,1.705661688,3.915137342,0.097280463,0.223295378,0.942966144,0.716852152,1.741075052,3.996424378,0.075377158,0.173019026,0.956706543,0.695154092
532nm/k00/coated_72,TRUE,TRUE,93,None,0.1825366,1.022425,1.01495,1.95964,0.0219954,nan,nan,None,(1.55+0j),0.532,nan,0.05063684,1.873114579,0.040459412,1.496639876,0.200988614,0.733275692,0.064639371,2.470059014,0.040708394,1.555586532,0.370222929,0.282649527,0.064702635,2.472476484,0.040658499,1.553679902,0.371609836,0.279387768
532nm/k00/coated_73,TRUE,TRUE,93,0.41761159,0.246468,2.516905,2.01127,1.95822,0.0183049,nan,nan,0.429999512,(1.55+0j),0.532,nan,0.097694802,1.700721876,0.05383685,0.937219853,0.448928208,0.753061162,0.105359637,2.208326603,0.056836223,1.19128108,0.460550319,0.526796602,0.100691214,2.110476962,0.055107475,1.155046712,0.452708211,0.445108145
532nm/k00/coated_74,TRUE,TRUE,93,0.501521065,0.347816,7.073425,5.04895,1.95593,0.0178935,nan,nan,0.389737531,(1.55+0j),0.532,nan,0.205632233,2.147324175,0.067749038,0.707472482,0.670532987,0.802316584,0.240965037,2.536092208,0.071868959,0.756401465,0.701745283,0.641663421,0.209742358,2.2074819,0.073567616,0.774279372,0.649247692,0.611763591
532nm/k00/coated_75,TRUE,TRUE,93,0.545854515,0.400132,10.76935,7.5129,1.94767,0.0216,nan,nan,0.378284766,(1.55+0j),0.532,nan,0.331618511,2.597163079,0.077932813,0.610352612,0.764992573,0.833600181,0.369020681,2.934636096,0.083829541,0.666654229,0.772832403,0.700710455,0.314780926,2.503294572,0.07713169,0.613389584,0.754967078,0.62494962
532nm/k00/coated_76,TRUE,TRUE,93,0.580983795,0.442262,14.542,10.028,1.95724,0.0114375,nan,nan,0.371177387,(1.55+0j),0.532,nan,0.458466918,2.947191241,0.085035255,0.546637389,0.814522593,0.849731338,0.520263163,3.386678297,0.092334577,0.601056406,0.822523324,0.737741621,0.467386835,3.042477274,0.079666839,0.518595154,0.829548389,0.64514965
532nm/k00/coated_77,TRUE,TRUE,93,0.613824784,0.477326,18.2821,12.5214,1.96589,0.00791014,nan,nan,0.367147686,(1.55+0j),0.532,nan,0.570967249,3.186704249,0.089829648,0.50136067,0.842671101,0.859634777,0.633977048,3.542855765,0.090420663,0.505298054,0.857375494,0.735537315,0.580569469,3.244398039,0.077864712,0.435131592,0.86588218,0.634926811
532nm/k00/coated_78,TRUE,TRUE,93,0.643285984,0.508638,22.12135,15.0809,1.96676,0.0132567,nan,nan,0.364119285,(1.55+0j),0.532,nan,0.688488991,3.39097261,0.094142681,0.463675174,0.863261893,0.867264504,0.731939857,3.602200726,0.091055151,0.44812279,0.875597496,0.726175136,0.659059768,3.243525481,0.076029799,0.374176369,0.884638992,0.625931939
532nm/k00/coated_79,TRUE,TRUE,93,0.765896035,0.646004,45.31975,30.5465,1.96052,0.0197136,nan,nan,0.353731758,(1.55+0j),0.532,nan,1.294568928,3.949707034,0.10712796,0.326845523,0.91724816,0.879214072,1.297469448,3.958556468,0.100689748,0.30720265,0.922395284,0.73732624,1.250348663,3.814791782,0.085251513,0.260100866,0.931817808,0.680071634
532nm/k00/coated_80,TRUE,TRUE,93,0.880551561,0.7658,75.4969,50.6646,1.95229,0.0254321,nan,nan,0.349099535,(1.55+0j),0.532,nan,1.795083397,3.89730168,0.11062587,0.240179588,0.938372852,0.875921575,1.690468389,3.670172261,0.102093951,0.221655956,0.939606116,0.706883294,1.722396272,3.73949082,0.078849576,0.171190144,0.954221002,0.683021195
532nm/k00/coated_81,TRUE,TRUE,101,None,0.1875528,1.021495,1.01433,1.71081,0.020577,nan,nan,None,(1.55+0j),0.532,nan,0.050652626,1.857719238,0.041419769,1.519097983,0.18227795,0.701351044,0.070094833,2.537166784,0.043552013,1.576417507,0.37867013,0.298216056,0.070141356,2.538850773,0.043488811,1.574129823,0.379983322,0.295000138
532nm/k00/coated_82,TRUE,TRUE,101,0.415793561,0.253426,2.5201,2.0134,1.7022,0.0196308,nan,nan,0.422727595,(1.55+0j),0.532,nan,0.102116681,1.69927934,0.059016971,0.982075777,0.422063369,0.725702651,0.114976656,2.279383792,0.061166598,1.212612684,0.468008552,0.544006518,0.108384117,2.148688321,0.059019386,1.170044732,0.455460934,0.468831124
532nm/k00/coated_83,TRUE,TRUE,101,0.514978703,0.35707,7.04893,5.03262,1.70885,0.0187772,nan,nan,0.389094707,(1.55+0j),0.532,nan,0.211363431,2.103704102,0.073077045,0.727337168,0.654258806,0.782503063,0.260978025,2.606197551,0.077745376,0.776386476,0.702099913,0.651791901,0.224057589,2.237500034,0.078130924,0.780236658,0.651290884,0.615307738
532nm/k00/coated_84,TRUE,TRUE,101,0.563984181,0.411006,10.750045,7.50003,1.71044,0.012285,nan,nan,0.378605906,(1.55+0j),0.532,nan,0.341673712,2.568107258,0.083218322,0.625490258,0.7564392,0.821295279,0.407318738,3.070069336,0.092669456,0.698474263,0.772489092,0.716825023,0.347140986,2.616493662,0.083017805,0.625727208,0.760852772,0.633310644
532nm/k00/coated_85,TRUE,TRUE,101,0.606688251,0.455184,14.6023,10.0682,1.70404,0.020862,nan,nan,0.37271578,(1.55+0j),0.532,nan,0.490730444,2.989415442,0.091608818,0.558059558,0.813321511,0.847524889,0.56365761,3.463789707,0.098012094,0.602304088,0.82611413,0.740588011,0.511559684,3.143637445,0.084526721,0.519433753,0.834766648,0.642322076
532nm/k00/coated_86,TRUE,TRUE,101,0.639743224,0.490442,18.2653,12.5102,1.71441,0.01573,nan,nan,0.368677111,(1.55+0j),0.532,nan,0.630136662,3.300452679,0.097399821,0.510148859,0.84543064,0.861903723,0.670964129,3.551682303,0.096060486,0.508486687,0.856832159,0.732459497,0.607509715,3.215792635,0.081759965,0.432788292,0.865417848,0.627413998
532nm/k00/coated_87,TRUE,TRUE,101,0.666593276,0.521898,22.01005,15.0067,1.70593,0.0151536,nan,nan,0.365089751,(1.55+0j),0.532,nan,0.763694063,3.540064357,0.101427561,0.470162218,0.867188229,0.870505981,0.783033749,3.660322352,0.100601318,0.470264858,0.871523649,0.72660547,0.69766854,3.261279294,0.080565666,0.376607406,0.884521572,0.625293989
532nm/k00/coated_88,TRUE,TRUE,101,0.790919748,0.660492,44.61325,30.0755,1.70289,0.0164135,nan,nan,0.354755672,(1.55+0j),0.532,nan,1.406167793,4.104045262,0.114056336,0.332885142,0.918888531,0.884935098,1.35172013,3.94513416,0.113274258,0.330602567,0.916199918,0.728921063,1.300074652,3.794401523,0.09071752,0.264768409,0.930221299,0.668450638
532nm/k00/coated_89,TRUE,TRUE,101,0.908444746,0.787482,75.61105,50.7407,1.71138,0.0146357,nan,nan,0.349317161,(1.55+0j),0.532,nan,1.886650423,3.873649168,0.121966267,0.250419751,0.935353012,0.876148664,1.705468037,3.501647557,0.116311879,0.238810226,0.93180061,0.687700421,1.732869706,3.557908352,0.083147062,0.1707166,0.952017707,0.655744079
532nm/k00/coated_90,TRUE,TRUE,126,None,0.201998,1.02238,1.01492,1.73932,0.0107963,nan,nan,None,(1.55+0j),0.532,nan,0.063268221,2.002978985,0.05134083,1.625375304,0.18852104,0.754356386,0.086039536,2.684812969,0.051662291,1.612091333,0.399551719,0.342365564,0.086019086,2.684174855,0.05154242,1.608350823,0.400802515,0.338892472
532nm/k00/coated_91,TRUE,TRUE,126,0.460718748,0.27324,2.530525,2.02035,1.7353,0.0164019,nan,nan,0.423964802,(1.55+0j),0.532,nan,0.128840974,1.852817025,0.072506824,1.042695298,0.437237847,0.766138574,0.143393259,2.445402214,0.073347523,1.250855141,0.488486952,0.580049495,0.130679935,2.228591529,0.070245662,1.197956581,0.462460229,0.527216433
532nm/k00/coated_92,TRUE,TRUE,126,0.550029001,0.384902,7.073335,5.04889,1.7479,0.0124251,nan,nan,0.38589002,(1.55+0j),0.532,nan,0.274779151,2.362954567,0.090179651,0.775497038,0.671810432,0.806959611,0.332846063,2.860574134,0.099545775,0.855524822,0.700925485,0.692600162,0.27576899,2.37003747,0.093700063,0.805285102,0.660222629,0.630897721
532nm/k00/coated_93,TRUE,TRUE,126,0.602440359,0.44381,10.84342,7.56228,1.73483,0.0125326,nan,nan,0.375661744,(1.55+0j),0.532,nan,0.44307188,2.854893889,0.102754078,0.662086681,0.768087114,0.841631811,0.522542351,3.377827336,0.11481881,0.742213744,0.780268892,0.742920183,0.460881149,2.979235929,0.100712576,0.651027985,0.781478204,0.644760842
532nm/k00/coated_94,TRUE,TRUE,126,0.641091183,0.489272,14.52865,10.0191,1.74002,0.0155973,nan,nan,0.36930896,(1.55+0j),0.532,nan,0.608420245,3.224240348,0.11245326,0.595930757,0.815171733,0.866572003,0.661635435,3.519071976,0.11426346,0.60773852,0.827301481,0.736240891,0.590174892,3.138991373,0.096635648,0.513980637,0.836259303,0.623627002
532nm/k00/coated_95,TRUE,TRUE,126,0.678605392,0.528184,18.27805,12.5187,1.73626,0.0174343,nan,nan,0.365702868,(1.55+0j),0.532,nan,0.77657888,3.527860573,0.120402113,0.546965517,0.844958295,0.880293854,0.808468374,3.689798686,0.123310248,0.562780199,0.84747672,0.732853841,0.707281142,3.227986537,0.094850763,0.432892901,0.865893833,0.621576346
532nm/k00/coated_96,TRUE,TRUE,126,0.710834993,0.561862,22.00195,15.0013,1.74115,0.0118081,nan,nan,0.363001579,(1.55+0j),0.532,nan,0.933937427,3.748569723,0.126079878,0.506050191,0.865001793,0.885300801,0.994260433,4.010060767,0.135599172,0.546899889,0.863618055,0.74649455,0.910791136,3.673411593,0.097021581,0.391308375,0.893475489,0.652654999
532nm/k00/coated_97,TRUE,TRUE,126,0.851611612,0.713242,45.00745,30.3383,1.75114,0.0180413,nan,nan,0.353848595,(1.55+0j),0.532,nan,1.62705519,4.072288941,0.144259551,0.361061245,0.911337027,0.888292673,1.646992519,4.122189256,0.150577263,0.376873586,0.90857441,0.726095484,1.693119069,4.237637483,0.103273458,0.258478853,0.939004019,0.683076471
532nm/k00/coated_98,TRUE,TRUE,126,0.985155793,0.847078,75.39505,50.5967,1.74624,0.0162087,nan,nan,0.349821083,(1.55+0j),0.532,nan,2.112598541,3.748696572,0.149819082,0.265846193,0.929083033,0.874702995,1.950164036,3.460464965,0.160612897,0.284999258,0.91764134,0.670738495,2.090370494,3.709254055,0.094216745,0.167182728,0.954928208,0.633418574
532nm/k00/coated_99,TRUE,TRUE,137,None,0.20764,1.02145,1.0143,1.77258,0.0192772,nan,nan,None,(1.55+0j),0.532,nan,0.068131111,2.040107215,0.055659703,1.666665342,0.183050121,0.780408613,0.092375789,2.72801176,0.054814092,1.618751947,0.406618413,0.35889353,0.092320827,2.726388644,0.054676615,1.614692028,0.407754272,0.355568091
532nm/k00/coated_100,TRUE,TRUE,137,0.489812747,0.28121,2.53729,2.02486,1.77201,0.0167721,nan,nan,0.42818089,(1.55+0j),0.532,nan,0.138040729,1.862578244,0.078233446,1.055600872,0.43325824,0.792877982,0.155162798,2.498251747,0.078207527,1.259207056,0.495964705,0.590863368,0.139825726,2.251311965,0.074813689,1.204563406,0.464950471,0.546977359
532nm/k00/coated_101,TRUE,TRUE,137,0.588616048,0.394734,7.017715,5.01181,1.77772,0.0150117,nan,nan,0.391510692,(1.55+0j),0.532,nan,0.291556492,2.364756101,0.096054885,0.779081868,0.670544515,0.826138236,0.362887446,2.965329731,0.109238349,0.892639651,0.698974572,0.70816325,0.298562641,2.439700474,0.100934178,0.824782238,0.661932993,0.638848299
532nm/k00/coated_102,TRUE,TRUE,137,0.639142886,0.455418,10.777345,7.51823,1.7767,0.0180805,nan,nan,0.379778716,(1.55+0j),0.532,nan,0.479667836,2.912893492,0.110809587,0.672916755,0.768986832,0.857620922,0.557865857,3.424676216,0.121636248,0.746711346,0.781961476,0.744726443,0.495605903,3.042469309,0.106854797,0.655969667,0.784395634,0.641652926
532nm/k00/coated_103,TRUE,TRUE,137,0.676239056,0.5034,14.55535,10.0369,1.77555,0.018833,nan,nan,0.372183074,(1.55+0j),0.532,nan,0.659603767,3.297842438,0.121386065,0.606897864,0.815971237,0.876043284,0.705402745,3.544221384,0.123692997,0.621482362,0.824649113,0.734654529,0.618284642,3.106505704,0.10148511,0.509901185,0.835860213,0.617579272
532nm/k00/coated_104,TRUE,TRUE,137,0.709063988,0.543218,18.28975,12.5265,1.7689,0.0242941,nan,nan,0.367378654,(1.55+0j),0.532,nan,0.832249665,3.580762596,0.129459954,0.557002759,0.844445773,0.886139463,0.884994353,3.818583692,0.138557477,0.597849377,0.84343688,0.740244289,0.777513412,3.354823707,0.101397178,0.437509694,0.869587873,0.629873935
532nm/k00/coated_105,TRUE,TRUE,137,0.734617302,0.577968,22.0291,15.0194,1.77231,0.0133415,nan,nan,0.36326764,(1.55+0j),0.532,nan,1.004741209,3.795954368,0.135635453,0.51243642,0.865004589,0.892367393,1.071741029,4.085003076,0.145244581,0.553608142,0.864477913,0.754586333,1.012686811,3.859914502,0.104521076,0.398388143,0.89678835,0.666536281
532nm/k00/coated_106,TRUE,TRUE,137,0.866224137,0.734618,45.2344,30.4896,1.7737,0.0153481,nan,nan,0.352206916,(1.55+0j),0.532,nan,1.739464136,4.103953834,0.155712296,0.367375251,0.910482606,0.899527853,1.669116607,3.937981449,0.15107133,0.356425724,0.909490248,0.725810725,1.732074817,4.08652006,0.108242299,0.255378301,0.937507146,0.692838416
532nm/k00/coated_107,TRUE,TRUE,137,0.993014057,0.870254,75.20035,50.4669,1.77846,0.0196224,nan,nan,0.347615123,(1.55+0j),0.532,nan,2.256097945,3.792940345,0.163324043,0.274579546,0.927607734,0.889701424,1.886693076,3.171898766,0.156399176,0.262937496,0.917104071,0.660149178,2.029376067,3.411776683,0.098625965,0.165809468,0.951400844,0.634906376
532nm/k00/coated_108,TRUE,TRUE,146,None,0.212222,1.02229,1.01486,1.73946,0.0154474,nan,nan,None,(1.55+0j),0.532,nan,0.073299868,2.104166407,0.059296727,1.702188344,0.191039103,0.752956521,0.097476437,2.755681097,0.057336552,1.620917413,0.411790641,0.372199008,0.097386663,2.753143168,0.057175021,1.616350893,0.412907068,0.368773136
532nm/k00/coated_109,TRUE,TRUE,146,0.514940379,0.287836,2.550595,2.03373,1.71442,0.0139708,nan,nan,0.431577888,(1.55+0j),0.532,nan,0.150123751,1.952682711,0.083811562,1.090149869,0.441716843,0.773650087,0.165048765,2.536484287,0.082208302,1.263384592,0.501915073,0.599120304,0.147477935,2.26645419,0.078606039,1.208024684,0.46699797,0.562050712
532nm/k00/coated_110,TRUE,TRUE,146,0.614591786,0.404212,7.06375,5.0425,1.73656,0.0171153,nan,nan,0.393717815,(1.55+0j),0.532,nan,0.320145811,2.476505878,0.104338554,0.807116736,0.674090523,0.824347527,0.392845028,3.061349929,0.117667298,0.916953884,0.700474005,0.721136778,0.32312451,2.518034152,0.10747584,0.837534223,0.667385678,0.64573971
532nm/k00/coated_111,TRUE,TRUE,146,0.712119905,0.514016,14.52565,10.0171,1.73271,0.0119635,nan,nan,0.37589033,(1.55+0j),0.532,nan,0.695935605,3.320838204,0.129165429,0.616346526,0.814400315,0.875753662,0.743544744,3.583141437,0.133052318,0.641178999,0.821056743,0.735416841,0.64344083,3.100740767,0.10574053,0.509563519,0.835663941,0.615366623
532nm/k00/coated_112,TRUE,TRUE,146,0.748855361,0.555778,18.3616,12.5744,1.72962,0.0159892,nan,nan,0.371103694,(1.55+0j),0.532,nan,0.872747802,3.573426181,0.13721352,0.561814517,0.842779873,0.887706525,0.953224792,3.929187419,0.1504475,0.620143778,0.842169968,0.747923857,0.853839062,3.519519977,0.107170444,0.441755989,0.874484023,0.641120575
532nm/k00/coated_113,TRUE,TRUE,146,0.777046989,0.590622,22.036,15.024,1.73096,0.0168895,nan,nan,0.36729747,(1.55+0j),0.532,nan,1.038689002,3.759279848,0.143492348,0.519335326,0.861852443,0.894000669,1.116732779,4.076056009,0.150401147,0.548961678,0.865320379,0.75808952,1.070360407,3.906797624,0.110365497,0.402832222,0.896889407,0.672026106
532nm/k00/coated_114,TRUE,TRUE,146,0.922232377,0.75075,45.25765,30.5051,1.72907,0.0141742,nan,nan,0.356720209,(1.55+0j),0.532,nan,1.839431939,4.155307425,0.165159017,0.373096974,0.910211944,0.902694188,1.662302378,3.755168792,0.154175917,0.348285969,0.907251581,0.721032448,1.723210079,3.892760304,0.11282597,0.254875747,0.934525702,0.689672071
532nm/k00/coated_115,TRUE,TRUE,146,None,0.890954,75.64315,50.7621,1.73362,0.013303,nan,nan,None,(1.55+0j),0.532,nan,2.454274714,3.936613048,0.17416977,0.279365217,0.929034118,0.895827679,1.816273425,2.913270313,0.158163181,0.253690933,0.912918849,0.638254755,1.95551706,3.136614631,0.103183003,0.165503704,0.947234926,0.620183332
532nm/k00/coated_116,TRUE,TRUE,13,0.138074148,0.093964,1,1,1.56943,0.0447111,nan,nan,0.483553696,(1.55+0j),0.532,nan,0.006330227,0.865020479,0.005720616,0.78171765,0.096301569,0.287986629,0.005831133,0.840891682,0.005095483,0.734805713,0.126158899,0.068481473,0.005831133,0.840891682,0.005095483,0.734805713,0.126158899,0.068481473
532nm/k00/coated_117,TRUE,TRUE,14,None,0.143021,3.274045,2.51603,1.56943,0.0447111,nan,nan,None,(1.55+0j),0.532,nan,0.011408043,0.684104225,0.008186189,0.490899869,0.282419475,0.317104573,0.011245099,0.699960889,0.007904153,0.492000821,0.297102412,0.157482942,0.012077574,0.751779021,0.008311537,0.517358772,0.311820685,0.121381865
532nm/k00/coated_118,TRUE,TRUE,14,None,0.1846662,7.047715,5.03181,1.56943,0.0447111,nan,nan,None,(1.55+0j),0.532,nan,0.020442091,0.743144725,0.009759249,0.354784391,0.522590447,0.400364525,0.019992318,0.746446072,0.009319994,0.347977296,0.533821251,0.267375295,0.022099725,0.825129588,0.01053993,0.393525642,0.523074135,0.217210507
532nm/k00/coated_119,TRUE,TRUE,14,None,0.213276,10.85719,7.57146,1.56943,0.0447111,nan,nan,None,(1.55+0j),0.532,nan,0.030887328,0.861268011,0.010765546,0.300188505,0.6514575,0.482921376,0.031184117,0.872890151,0.010336997,0.289348023,0.668517255,0.36899575,0.033472959,0.936958271,0.011885844,0.33270259,0.644912052,0.314313228
532nm/k00/coated_120,TRUE,TRUE,14,None,0.235556,14.62735,10.0849,1.59165,0.0324073,nan,nan,None,(1.55+0j),0.532,nan,0.043980406,1.002032374,0.011669072,0.265863587,0.734675651,0.563701529,0.044355778,1.017822329,0.011333891,0.260076311,0.744477692,0.460083865,0.045903041,1.053327053,0.012813145,0.294020442,0.720865005,0.407480395
532nm/k00/coated_121,TRUE,TRUE,14,None,0.253984,18.33625,12.5575,1.59165,0.0324073,nan,nan,None,(1.55+0j),0.532,nan,0.059534694,1.155742517,0.012519923,0.243048327,0.789703742,0.633885513,0.059694185,1.178228245,0.012367859,0.244113575,0.792813001,0.532967443,0.060040625,1.185066192,0.013544275,0.267333366,0.774414823,0.487751556
532nm/k00/coated_122,TRUE,TRUE,14,None,0.270404,22.1272,15.0848,1.59165,0.0324073,nan,nan,None,(1.55+0j),0.532,nan,0.074392065,1.293276169,0.013178246,0.229098522,0.822854138,0.678549266,0.078251781,1.362630564,0.013392812,0.233214563,0.828849749,0.5841061,0.077404575,1.347877817,0.014193078,0.247149931,0.816637734,0.549161376
532nm/k00/coated_123,TRUE,TRUE,14,0.3943326,0.344754,45.85795,30.9053,1.59165,0.0324073,nan,nan,0.354126681,(1.55+0j),0.532,nan,0.202142305,2.165452715,0.015357068,0.164512842,0.92402843,0.766086116,0.211090246,2.261307679,0.014263572,0.152798746,0.932429033,0.609996918,0.211009375,2.260441346,0.015998538,0.1713846,0.924180913,0.603717004
532nm/k00/coated_124,TRUE,TRUE,14,0.456473655,0.405446,74.59045,50.0603,1.59165,0.0324073,nan,nan,0.350394035,(1.55+0j),0.532,nan,0.356927269,2.764545911,0.016541049,0.128117107,0.953657089,0.801536928,0.358308364,2.775243051,0.015437024,0.119565987,0.956916931,0.670456386,0.350695233,2.716276279,0.018162387,0.140675026,0.94821034,0.656794086
532nm/k00/coated_125,TRUE,TRUE,26,0.174466176,0.1185326,1,1,1.91476,0.0324762,nan,nan,0.451943849,(1.55+0j),0.532,nan,0.014176179,1.236104138,0.012137408,1.058331752,0.143816674,0.3854677,0.014022705,1.270768033,0.011141187,1.00963866,0.20548941,0.110826103,0.014022705,1.270768033,0.011141187,1.00963866,0.20548941,0.110826103
532nm/k00/coated_126,TRUE,TRUE,26,None,0.1765614,3.30502,2.53668,1.88653,0.0257666,nan,nan,None,(1.55+0j),0.532,nan,0.026877954,1.035458998,0.016751705,0.645350605,0.376749242,0.436621758,0.026135255,1.067444558,0.015883923,0.648748513,0.392241491,0.256140023,0.02858855,1.167644708,0.017057692,0.696688838,0.403338333,0.192664156
532nm/k00/coated_127,TRUE,TRUE,26,None,0.227278,7.049425,5.03295,1.88653,0.0257666,nan,nan,None,(1.55+0j),0.532,nan,0.049891968,1.188262798,0.020300522,0.48349175,0.59311042,0.558548949,0.048672307,1.19971268,0.019516241,0.481051406,0.599027822,0.440854844,0.050853823,1.253484395,0.021370238,0.526750164,0.579771263,0.358785733
532nm/k00/coated_128,TRUE,TRUE,26,None,0.262176,10.82089,7.54726,1.88653,0.0257666,nan,nan,None,(1.55+0j),0.532,nan,0.080189453,1.426982881,0.023347172,0.415466288,0.708849844,0.668295738,0.078800539,1.459665833,0.022903727,0.424258366,0.709345553,0.568250364,0.077362662,1.433031237,0.024306175,0.450236671,0.685815173,0.506000165
532nm/k00/coated_129,TRUE,TRUE,26,None,0.289706,14.6002,10.0668,1.88653,0.0257666,nan,nan,None,(1.55+0j),0.532,nan,0.117147946,1.697051445,0.025862447,0.374653636,0.779232599,0.73122652,0.116778974,1.771576028,0.025381128,0.385040189,0.782656695,0.618199533,0.112809164,1.711352687,0.026579997,0.403227427,0.764380873,0.582961061
532nm/k00/coated_130,TRUE,TRUE,26,None,0.312376,18.3028,12.5352,1.88493,0.0279862,nan,nan,None,(1.55+0j),0.532,nan,0.15597113,1.94157407,0.027498899,0.342314301,0.823692382,0.759089296,0.156210959,2.038291521,0.026107409,0.34065798,0.832870825,0.622087011,0.152287448,1.987096278,0.027811172,0.362889238,0.817377124,0.601886251
532nm/k00/coated_131,TRUE,TRUE,26,None,0.332384,22.0501,15.0334,1.88493,0.0279862,nan,nan,None,(1.55+0j),0.532,nan,0.19578126,2.152342577,0.028528342,0.313629436,0.854284611,0.771173461,0.192667342,2.220434699,0.025688481,0.296052218,0.866669253,0.616211352,0.189129518,2.179662304,0.028201957,0.32501929,0.850885484,0.601168338
532nm/k00/coated_132,TRUE,TRUE,26,0.485651562,0.423768,45.6955,30.797,1.88493,0.0279862,nan,nan,0.35258299,(1.55+0j),0.532,nan,0.417775284,2.962078369,0.030055554,0.213097588,0.928058086,0.814266362,0.437715851,3.103459447,0.030087376,0.21332321,0.931262769,0.70455469,0.417258399,2.958413589,0.031329821,0.222132303,0.924915061,0.669839608
532nm/k00/coated_133,TRUE,TRUE,26,0.563846452,0.498982,74.6008,50.0672,1.88493,0.0279862,nan,nan,0.349475294,(1.55+0j),0.532,nan,0.699679386,3.577992607,0.033438082,0.170994333,0.952209423,0.845239026,0.716174084,3.662342536,0.028649581,0.146507086,0.959996345,0.71694636,0.6850048,3.502950293,0.032534075,0.16637146,0.952505332,0.671922569
532nm/k00/coated_134,TRUE,TRUE,34,0.187707155,0.129627,1,1,1.9322,0.0235262,nan,nan,0.438291021,(1.55+0j),0.532,nan,0.016296312,1.236500624,0.013795437,1.046743965,0.153462648,0.469102301,0.019736176,1.495485451,0.014976541,1.134829743,0.241162966,0.134243699,0.019736176,1.495485451,0.014976541,1.134829743,0.241162966,0.134243699
532nm/k00/coated_135,TRUE,TRUE,34,None,0.1925794,3.27901,2.51934,1.9322,0.0235262,nan,nan,None,(1.55+0j),0.532,nan,0.032804059,1.10979839,0.020166629,0.682259861,0.385239817,0.515693558,0.037079051,1.272972655,0.021378451,0.733950385,0.42343586,0.31656279,0.040049356,1.374947109,0.022740657,0.780716693,0.4321842,0.237822691
532nm/k00/coated_136,TRUE,TRUE,34,None,0.248612,7.054735,5.03649,1.9322,0.0235262,nan,nan,None,(1.55+0j),0.532,nan,0.064242372,1.322176148,0.025067154,0.515908619,0.609803414,0.626904805,0.071461336,1.472099205,0.02727809,0.561927012,0.618281832,0.529440665,0.071036014,1.463337579,0.028808367,0.59345062,0.594454056,0.445681677
532nm/k00/coated_137,TRUE,TRUE,34,None,0.286558,10.803175,7.53545,1.95172,0.0132411,nan,nan,None,(1.55+0j),0.532,nan,0.104006032,1.605707048,0.028991185,0.447583172,0.721254775,0.714926803,0.117594124,1.823352624,0.031654568,0.490819071,0.730815058,0.615870995,0.112160689,1.739104639,0.033123843,0.513600877,0.704675115,0.572183757
532nm/k00/coated_138,TRUE,TRUE,34,None,0.316102,14.50075,10.0005,1.95172,0.0132411,nan,nan,None,(1.55+0j),0.532,nan,0.150133839,1.895367201,0.031998704,0.403968177,0.786865481,0.75965248,0.166879637,2.126468619,0.032763247,0.417486622,0.803671393,0.6221103,0.160582681,2.046229468,0.035201266,0.44855315,0.780790397,0.599725466
532nm/k00/coated_139,TRUE,TRUE,34,None,0.341916,18.35155,12.5677,1.95172,0.0132411,nan,nan,None,(1.55+0j),0.532,nan,0.197412609,2.147148459,0.033953205,0.369290355,0.828008933,0.778004034,0.212663381,2.316135611,0.032118448,0.349804847,0.848970481,0.618196005,0.205514415,2.238275593,0.035526049,0.386917326,0.827135976,0.598812264
532nm/k00/coated_140,TRUE,TRUE,34,None,0.364004,22.1428,15.0952,1.9419,0.0162619,nan,nan,None,(1.55+0j),0.532,nan,0.244535523,2.355072747,0.035143941,0.338464268,0.856282882,0.785828426,0.25462398,2.446792323,0.032017786,0.307672797,0.874254634,0.627409424,0.243881048,2.343558828,0.035578326,0.341887575,0.854116069,0.602684075
532nm/k00/coated_141,TRUE,TRUE,34,0.522242112,0.459358,44.5009,30.0006,1.9419,0.0162619,nan,nan,0.350854027,(1.55+0j),0.532,nan,0.532532943,3.213320382,0.039150131,0.236233112,0.926483175,0.838524752,0.590650517,3.564003636,0.039455277,0.23807437,0.933200301,0.729050655,0.564263612,3.404784228,0.039378619,0.237611817,0.930212372,0.67645567
532nm/k00/coated_142,TRUE,TRUE,34,0.612168317,0.546524,74.94445,50.2963,1.9419,0.0162619,nan,nan,0.347793769,(1.55+0j),0.532,nan,0.899037473,3.832387687,0.042122343,0.179557754,0.953147289,0.852055476,0.92090768,3.925615295,0.040983441,0.17470288,0.955496689,0.714479132,0.878283134,3.743916764,0.036291432,0.154701936,0.95867912,0.673115298
532nm/k00/coated_143,TRUE,TRUE,47,0.215290487,0.1443622,1,1,2.06093,0.0212037,nan,nan,0.437132743,(1.55+0j),0.532,nan,0.023330092,1.404721506,0.019429835,1.169884267,0.16717708,0.611204118,0.029563594,1.806177253,0.021130214,1.290942872,0.285262357,0.16985229,0.029563594,1.806177253,0.021130214,1.290942872,0.285262357,0.16985229
532nm/k00/coated_144,TRUE,TRUE,48,None,0.215804,3.27061,2.51374,2.06093,0.0212037,nan,nan,None,(1.55+0j),0.532,nan,0.048788668,1.291623594,0.028484253,0.754087685,0.416170711,0.643313686,0.057750484,1.578871429,0.0313899,0.858185287,0.45645651,0.414451377,0.059898312,1.637592052,0.032396996,0.885718839,0.459133404,0.318238765
532nm/k00/coated_145,TRUE,TRUE,48,None,0.278404,7.02235,5.0149,2.06573,0.0192172,nan,nan,None,(1.55+0j),0.532,nan,0.100920602,1.622459478,0.035935516,0.57772068,0.643922891,0.720947349,0.115310439,1.894208591,0.040782141,0.669929651,0.646327414,0.606071368,0.108299535,1.779040238,0.04209313,0.691465318,0.611326769,0.547833793
532nm/k00/coated_146,TRUE,TRUE,48,None,0.321212,10.785205,7.52347,2.06573,0.0192172,nan,nan,None,(1.55+0j),0.532,nan,0.161246421,1.988322567,0.0414389,0.510981266,0.743008868,0.764556214,0.181529046,2.240127411,0.043182829,0.532890138,0.762116148,0.623106524,0.170364373,2.102351725,0.046426912,0.572923181,0.727484619,0.59905411
532nm/k00/coated_147,TRUE,TRUE,48,None,0.354526,14.50105,10.0007,2.07858,0.0123189,nan,nan,None,(1.55+0j),0.532,nan,0.232240651,2.318335224,0.045507129,0.454273526,0.804051838,0.78757297,0.240346055,2.434730724,0.042996309,0.435557117,0.821106658,0.628061021,0.224750656,2.276747689,0.046632941,0.472396575,0.792512549,0.598936772
532nm/k00/coated_148,TRUE,TRUE,48,None,0.383386,18.33835,12.5589,2.07858,0.0123189,nan,nan,None,(1.55+0j),0.532,nan,0.292223524,2.535849233,0.047827542,0.415036521,0.836332336,0.797998611,0.304498252,2.637681925,0.045267248,0.392122453,0.851338234,0.656368429,0.279558948,2.421648002,0.046851344,0.405844505,0.832409787,0.611461371
532nm/k00/coated_149,TRUE,TRUE,48,None,0.40775,22.0615,15.041,2.0659,0.0236956,nan,nan,None,(1.55+0j),0.532,nan,0.359929259,2.755273232,0.050005271,0.382792397,0.86106917,0.810713551,0.380845713,2.916562254,0.049549831,0.37945856,0.869895265,0.692423592,0.346768154,2.655592211,0.047777443,0.365885401,0.862220789,0.63532866
532nm/k00/coated_150,TRUE,TRUE,48,0.5775075,0.517108,44.99845,30.3323,2.0659,0.0236956,nan,nan,0.347720934,(1.55+0j),0.532,nan,0.756741776,3.603257634,0.055425277,0.263909775,0.926758006,0.848182128,0.771287637,3.672518357,0.051373031,0.244614837,0.933393161,0.715336758,0.718752613,3.422370644,0.047530168,0.226316884,0.933871311,0.649119323
532nm/k00/coated_151,TRUE,TRUE,48,0.674441394,0.615428,75.85495,50.9033,2.0659,0.0236956,nan,nan,0.344499589,(1.55+0j),0.532,nan,1.208853887,4.063772875,0.059233271,0.199122958,0.951000471,0.865679011,1.252586925,4.2107891,0.05500685,0.184915107,0.956085403,0.74411793,1.232421037,4.142997956,0.048708913,0.163743495,0.960477052,0.712322097
532nm/k00/coated_152,TRUE,TRUE,57,0.239721226,0.1539468,1,1,2.06374,0.0256184,nan,nan,0.442868225,(1.55+0j),0.532,nan,0.02873837,1.524561478,0.023498364,1.246580782,0.182334855,0.638315721,0.037314139,2.004666875,0.025709103,1.381197279,0.311009078,0.195685809,0.037314139,2.004666875,0.025709103,1.381197279,0.311009078,0.195685809
532nm/k00/coated_153,TRUE,TRUE,57,None,0.228528,3.27121,2.51414,2.06374,0.0256184,nan,nan,None,(1.55+0j),0.532,nan,0.061292817,1.443888187,0.034807885,0.819976897,0.43210499,0.669421159,0.071732767,1.748835106,0.037977098,0.925876495,0.470575304,0.467427721,0.072247885,1.761393626,0.038455422,0.937537958,0.467729448,0.368203327
532nm/k00/coated_154,TRUE,TRUE,57,None,0.294534,7.00318,5.00212,2.05817,0.0194495,nan,nan,None,(1.55+0j),0.532,nan,0.123552792,1.783308128,0.043632666,0.62977523,0.64685002,0.740629998,0.14315248,2.101058404,0.048174123,0.707054786,0.663476853,0.620154095,0.131971395,1.936952881,0.050005744,0.733937612,0.621086492,0.57994637
532nm/k00/coated_155,TRUE,TRUE,57,None,0.340288,10.80013,7.53342,2.06355,0.0181297,nan,nan,None,(1.55+0j),0.532,nan,0.201255414,2.16780734,0.049915855,0.537664826,0.751977579,0.780131206,0.217083041,2.386946843,0.049283156,0.541895274,0.772975559,0.626063144,0.200376476,2.203249018,0.053005325,0.582822557,0.735471319,0.599999513
532nm/k00/coated_156,TRUE,TRUE,57,None,0.376344,14.6098,10.0732,2.06355,0.0181297,nan,nan,None,(1.55+0j),0.532,nan,0.27603662,2.462133119,0.054240597,0.483803819,0.803502168,0.803201013,0.289922094,2.606282201,0.051548953,0.463404213,0.822197223,0.652145368,0.262756418,2.362073776,0.053103228,0.477376512,0.797899406,0.606091035
532nm/k00/coated_157,TRUE,TRUE,57,None,0.405742,18.3079,12.5386,2.05276,0.0210375,nan,nan,None,(1.55+0j),0.532,nan,0.364290426,2.762126992,0.058386065,0.442695484,0.8397266,0.820700244,0.376816011,2.914335423,0.057147303,0.441983367,0.848341627,0.69366317,0.337707871,2.611868873,0.054066062,0.418152717,0.839902868,0.629836696
532nm/k00/coated_158,TRUE,TRUE,57,None,0.432038,22.1032,15.0688,2.05276,0.0210375,nan,nan,None,(1.55+0j),0.532,nan,0.448868692,3.015340597,0.06113469,0.410681152,0.863802732,0.834145146,0.480067086,3.274674635,0.061884649,0.422132855,0.871091665,0.724246281,0.438689907,2.992429089,0.05523786,0.376793212,0.874084498,0.652713262
532nm/k00/coated_159,TRUE,TRUE,58,0.616113625,0.550136,44.8465,30.231,2.06901,0.0146272,nan,nan,0.347736681,(1.55+0j),0.532,nan,0.899348554,3.783537377,0.066984442,0.281801911,0.92551893,0.859084694,0.94066246,3.957343969,0.068125745,0.286603343,0.927576843,0.723324342,0.880287497,3.703347976,0.053862436,0.22659795,0.938812677,0.662977264
532nm/k00/coated_160,TRUE,TRUE,58,0.720322298,0.655142,75.74005,50.8267,2.06901,0.0146272,nan,nan,0.344640877,(1.55+0j),0.532,nan,1.344564975,3.98860499,0.069378303,0.205808309,0.94840093,0.862061194,1.346216458,3.993504055,0.066879927,0.198396966,0.950320079,0.726762308,1.31261031,3.893812595,0.059469415,0.17641394,0.954693777,0.688945345
532nm/k00/coated_161,TRUE,TRUE,64,0.259192404,0.1600492,1,1,1.61767,0.0225286,nan,nan,0.449225626,(1.55+0j),0.532,nan,0.03145009,1.564300815,0.026024879,1.29445542,0.17250224,0.588948691,0.042758171,2.12530968,0.028818595,1.432438258,0.32600963,0.213091276,0.042758171,2.12530968,0.028818595,1.432438258,0.32600963,0.213091276
532nm/k00/coated_162,TRUE,TRUE,64,None,0.238308,3.301105,2.53407,1.61121,0.0239314,nan,nan,None,(1.55+0j),0.532,nan,0.063922064,1.440658392,0.037598658,0.847388504,0.411804694,0.618343543,0.083433294,1.870562687,0.043228343,0.969173358,0.48188138,0.504234437,0.082104264,1.840766025,0.043240385,0.969443341,0.473347874,0.407239078
532nm/k00/coated_163,TRUE,TRUE,64,None,0.307044,7.060525,5.04035,1.61121,0.0239314,nan,nan,None,(1.55+0j),0.532,nan,0.132680792,1.772670567,0.046686481,0.623750798,0.64812932,0.709913796,0.165086369,2.229564818,0.053202827,0.718527831,0.677727319,0.62386356,0.150547616,2.033212494,0.055624308,0.751231016,0.630520165,0.594148448
532nm/k00/coated_164,TRUE,TRUE,64,None,0.353254,10.75222,7.50148,1.6301,0.0255655,nan,nan,None,(1.55+0j),0.532,nan,0.212471778,2.141547176,0.053416968,0.538400717,0.748592642,0.786069857,0.242839556,2.477737951,0.05448526,0.55592342,0.775632682,0.634299198,0.22028643,2.247624134,0.057635198,0.588062836,0.738362466,0.601336434
532nm/k00/coated_165,TRUE,TRUE,64,None,0.39065,14.5414,10.0276,1.6301,0.0255655,nan,nan,None,(1.55+0j),0.532,nan,0.300070939,2.481357504,0.058839836,0.486560508,0.803913581,0.828087012,0.330576035,2.758073453,0.059641409,0.497602271,0.819583387,0.674938322,0.293458331,2.448391738,0.058241868,0.485925572,0.801532751,0.615224555
532nm/k00/coated_166,TRUE,TRUE,64,None,0.421584,18.2764,12.5176,1.62069,0.022469,nan,nan,None,(1.55+0j),0.532,nan,0.386469587,2.760455524,0.06248974,0.446348575,0.838306189,0.845545464,0.438800044,3.143464361,0.066635914,0.47736463,0.848140594,0.71678043,0.392949946,2.81500462,0.05968629,0.427579092,0.848107144,0.642403317
532nm/k00/coated_167,TRUE,TRUE,64,None,0.44906,22.0879,15.0586,1.62831,0.0213191,nan,nan,None,(1.55+0j),0.532,nan,0.479520783,3.004397874,0.065006679,0.40729398,0.864434074,0.851764909,0.547744537,3.458433501,0.0688892,0.434963199,0.874231151,0.734087587,0.506698487,3.199270649,0.060327698,0.380906278,0.880939652,0.654078682
532nm/k00/coated_168,TRUE,TRUE,65,0.685816939,0.570684,44.6356,30.0904,1.62831,0.0213191,nan,nan,0.356380503,(1.55+0j),0.532,nan,0.974085188,3.808164189,0.076510163,0.299114768,0.92145434,0.877343901,1.070511663,4.185141333,0.07875858,0.307904902,0.926429031,0.736905038,1.024830427,4.006551565,0.05959411,0.232981837,0.941849784,0.682974048
532nm/k00/coated_169,TRUE,TRUE,65,0.79598413,0.678718,75.08665,50.3911,1.61872,0.0245898,nan,nan,0.352096451,(1.55+0j),0.532,nan,1.491836285,4.123372314,0.081230723,0.224518278,0.945549841,0.882003016,1.475682434,4.078723754,0.082061584,0.226814743,0.944390756,0.712848627,1.445557411,3.995459464,0.065096396,0.179923682,0.954967962,0.673377256
532nm/k00/coated_170,TRUE,TRUE,78,0.278032718,0.1706468,1,1,2.05595,0.0233742,nan,nan,0.445494666,(1.55+0j),0.532,nan,0.040807604,1.75954615,0.032525068,1.402418971,0.202965508,0.688598731,0.053012819,2.317900144,0.034488927,1.507972773,0.349422891,0.244663238,0.053012819,2.317900144,0.034488927,1.507972773,0.349422891,0.244663238
532nm/k00/coated_171,TRUE,TRUE,78,None,0.253874,3.292765,2.52851,2.0466,0.015894,nan,nan,None,(1.55+0j),0.532,nan,0.087580532,1.714840427,0.047713106,0.934230027,0.455208769,0.696870211,0.104749893,2.069318088,0.052602138,1.039147175,0.497831106,0.55164042,0.099389051,1.96341549,0.051809745,1.02349358,0.478717783,0.467033405
532nm/k00/coated_172,TRUE,TRUE,78,None,0.326892,7.02946,5.01964,2.05408,0.0213684,nan,nan,None,(1.55+0j),0.532,nan,0.184606731,2.14586001,0.059927734,0.696597176,0.675376225,0.755276545,0.200801928,2.392596223,0.061734184,0.73557549,0.692561794,0.628345644,0.179428389,2.137926117,0.06460241,0.769750981,0.639954358,0.605257949
532nm/k00/coated_173,TRUE,TRUE,78,None,0.37691,10.774975,7.51665,2.05408,0.0213684,nan,nan,None,(1.55+0j),0.532,nan,0.283344935,2.506869099,0.067655861,0.598579211,0.761224385,0.80222332,0.298214369,2.672780932,0.066888879,0.599499346,0.775702027,0.66301651,0.260902858,2.338372179,0.066446111,0.595530992,0.74532241,0.609259244
532nm/k00/coated_174,TRUE,TRUE,78,None,0.41674,14.56465,10.0431,2.0519,0.0251718,nan,nan,None,(1.55+0j),0.532,nan,0.397489143,2.85922988,0.074269378,0.534236543,0.813153693,0.833466607,0.423086388,3.101764326,0.07691207,0.563863837,0.818211902,0.715992969,0.371014502,2.720010805,0.068573081,0.502728385,0.815174122,0.635854146
532nm/k00/coated_175,TRUE,TRUE,78,None,0.449368,18.26035,12.5069,2.05388,0.0250198,nan,nan,None,(1.55+0j),0.532,nan,0.511835891,3.154337112,0.078824012,0.48577583,0.845997491,0.848667844,0.547318637,3.451008829,0.080415083,0.507041316,0.853074466,0.736681066,0.501390971,3.161421062,0.069443694,0.4378634,0.861497918,0.648528687
532nm/k00/coated_176,TRUE,TRUE,78,None,0.478224,22.009,15.006,2.06146,0.0174613,nan,nan,None,(1.55+0j),0.532,nan,0.614191188,3.363418463,0.081720732,0.447517035,0.866945775,0.853810979,0.640690637,3.566939643,0.078119996,0.434920217,0.878069084,0.733166306,0.591938458,3.295519911,0.068143731,0.379379002,0.88488038,0.639755775
532nm/k00/coated_177,TRUE,TRUE,79,0.696989499,0.610124,45.12595,30.4173,2.06146,0.0174613,nan,nan,0.349616972,(1.55+0j),0.532,nan,1.153744101,3.946239093,0.091503543,0.312976559,0.920689915,0.868571674,1.218707431,4.168438133,0.086950967,0.297405037,0.928653124,0.74882016,1.188636239,4.065583338,0.072639973,0.248456048,0.938887971,0.699048465
532nm/k00/coated_178,TRUE,TRUE,79,0.80822516,0.72179,74.7145,50.143,2.0509,0.0274992,nan,nan,0.346366185,(1.55+0j),0.532,nan,1.634970461,3.995749996,0.092452198,0.22594651,0.943453292,0.862181547,1.705082389,4.167098494,0.097359593,0.237939829,0.942900359,0.718947782,1.73745457,4.246213772,0.072095187,0.176195443,0.958505282,0.693035294
532nm/k00/coated_179,TRUE,TRUE,85,0.280855365,0.175606,1,1,2.07745,0.018106,nan,nan,0.439143931,(1.55+0j),0.532,nan,0.044186299,1.798543013,0.034927576,1.421679314,0.20953833,0.691909684,0.058096924,2.39874763,0.037224939,1.536970083,0.359261448,0.259823132,0.058096924,2.39874763,0.037224939,1.536970083,0.359261448,0.259823132
532nm/k00/coated_180,TRUE,TRUE,85,None,0.260586,3.267655,2.51177,2.07786,0.0126681,nan,nan,None,(1.55+0j),0.532,nan,0.095586617,1.76099887,0.051378002,0.946540499,0.462497952,0.718803838,0.114819349,2.152895939,0.056938173,1.067607187,0.504106461,0.566957846,0.107361639,2.013061723,0.055815983,1.046565797,0.480112416,0.490420356
532nm/k00/coated_181,TRUE,TRUE,85,None,0.336168,7.015405,5.01027,2.07786,0.0126681,nan,nan,None,(1.55+0j),0.532,nan,0.196739556,2.188396053,0.064745913,0.720189183,0.670905464,0.781952223,0.218122507,2.457524509,0.066124237,0.74500305,0.696848171,0.632856957,0.192692465,2.171011429,0.068717585,0.774221572,0.643382084,0.608394318
532nm/k00/coated_182,TRUE,TRUE,85,None,0.38826,10.808125,7.53875,2.08451,0.0173247,nan,nan,None,(1.55+0j),0.532,nan,0.316914821,2.62540519,0.075090412,0.622068591,0.763058063,0.822541702,0.330563725,2.792029563,0.074489401,0.629157383,0.774659484,0.68111733,0.284895321,2.406302016,0.071210012,0.601458794,0.750048502,0.616080456
532nm/k00/coated_183,TRUE,TRUE,85,None,0.428666,14.54575,10.0305,2.08132,0.0214998,nan,nan,None,(1.55+0j),0.532,nan,0.435824445,2.950359275,0.081300099,0.550369542,0.813456772,0.838028935,0.469536626,3.253430372,0.084732414,0.587112896,0.819540353,0.729094122,0.415484562,2.878902344,0.073823537,0.511525032,0.822319422,0.642621377
532nm/k00/coated_184,TRUE,TRUE,85,None,0.462962,18.32395,12.5493,2.08127,0.021465,nan,nan,None,(1.55+0j),0.532,nan,0.548635703,3.191042938,0.085398802,0.496707092,0.844343338,0.84777321,0.592148367,3.51762844,0.085158468,0.505879721,0.856187278,0.737719162,0.545127261,3.238301854,0.073526012,0.436777681,0.865121381,0.643313256
532nm/k00/coated_185,TRUE,TRUE,85,None,0.492142,22.01185,15.0079,2.08481,0.0246415,nan,nan,None,(1.55+0j),0.532,nan,0.663676432,3.407936958,0.089030835,0.457167766,0.865852047,0.855666998,0.68008429,3.575131347,0.083143194,0.437074997,0.877745751,0.729498599,0.62157421,3.267550029,0.071691597,0.376875162,0.884661242,0.631824911
532nm/k00/coated_186,TRUE,TRUE,86,0.698885847,0.625398,44.64505,30.0967,2.08481,0.0246415,nan,nan,0.346802306,(1.55+0j),0.532,nan,1.207194111,3.929834407,0.098008865,0.319052758,0.918812671,0.865916164,1.248295111,4.063632379,0.091944097,0.299309841,0.926344262,0.746523342,1.211031287,3.942325743,0.078926448,0.256932891,0.934827077,0.693319574
532nm/k00/coated_187,TRUE,TRUE,86,0.815612101,0.744502,75.3181,50.5454,2.08238,0.0106342,nan,nan,0.343733294,(1.55+0j),0.532,nan,1.690262595,3.882688612,0.100344836,0.230501316,0.940633582,0.863626384,1.706065674,3.918989738,0.096973856,0.222757864,0.943159365,0.716899381,1.741362331,4.000069405,0.075146697,0.172618873,0.956846031,0.695242155
532nm/k00/coated_188,TRUE,TRUE,92,0.28004566,0.1806258,1,1,2.25976,0.024273,nan,nan,0.430295456,(1.55+0j),0.532,nan,0.047995856,1.86087389,0.037255385,1.444449164,0.223779122,0.718498205,0.063385617,2.473667204,0.040025821,1.562035158,0.368534637,0.275280014,0.063385617,2.473667204,0.040025821,1.562035158,0.368534637,0.275280014
532nm/k00/coated_189,TRUE,TRUE,92,None,0.268902,3.29944,2.53296,2.24556,0.0182745,nan,nan,None,(1.55+0j),0.532,nan,0.105458718,1.856416187,0.055201964,0.971733981,0.47655381,0.748194388,0.126893075,2.234395126,0.061617936,1.084998663,0.514410567,0.582470888,0.116760341,2.055973004,0.060258688,1.061064357,0.483911338,0.516587268
532nm/k00/coated_190,TRUE,TRUE,92,None,0.345668,7.00867,5.00578,2.24651,0.0192301,nan,nan,None,(1.55+0j),0.532,nan,0.221479615,2.344826681,0.071173284,0.753518629,0.678646343,0.790428636,0.236799644,2.523322792,0.071129026,0.757946635,0.699623593,0.639975212,0.206526097,2.200729693,0.072997271,0.777854533,0.646546991,0.611415206
532nm/k00/coated_191,TRUE,TRUE,92,None,0.399554,10.82398,7.54932,2.24651,0.0192301,nan,nan,None,(1.55+0j),0.532,nan,0.344744774,2.72355551,0.081191384,0.641428844,0.764488427,0.817438085,0.366928294,2.926444924,0.083040578,0.662292012,0.773687177,0.699615449,0.313240943,2.498260235,0.076553086,0.610550869,0.75560958,0.624399753
532nm/k00/coated_192,TRUE,TRUE,92,None,0.441154,14.56915,10.0461,2.25502,0.018006,nan,nan,None,(1.55+0j),0.532,nan,0.467131948,3.03826196,0.088346889,0.57461493,0.810873803,0.839216172,0.51631497,3.377881367,0.091643261,0.599556629,0.822505126,0.73724308,0.463349729,3.031367496,0.079091438,0.517438986,0.829305095,0.645192234
532nm/k00/coated_193,TRUE,TRUE,92,None,0.476412,18.34885,12.5659,2.25915,0.0127214,nan,nan,None,(1.55+0j),0.532,nan,0.593326821,3.300874554,0.092849913,0.516554968,0.843509664,0.851090492,0.631491865,3.542521502,0.08981668,0.503850543,0.857770647,0.735692,0.578752467,3.246665826,0.077389161,0.43413507,0.866282798,0.635572511
532nm/k00/coated_194,TRUE,TRUE,92,None,0.506852,22.0954,15.0636,2.25053,0.0160803,nan,nan,None,(1.55+0j),0.532,nan,0.704967793,3.476618786,0.095666776,0.471790221,0.864296246,0.855188675,0.725797047,3.597186764,0.09009505,0.446528023,0.875867434,0.726395136,0.654530377,3.243975733,0.075565288,0.37451579,0.884550373,0.626294832
532nm/k00/coated_195,TRUE,TRUE,93,0.709867092,0.64323,44.6731,30.1154,2.24783,0.0140966,nan,nan,0.345163041,(1.55+0j),0.532,nan,1.276389627,3.927903428,0.104608898,0.321918669,0.91804313,0.866326005,1.288782971,3.966042141,0.10026324,0.308545537,0.922203162,0.739022498,1.242397055,3.823296231,0.085195009,0.262175249,0.931426907,0.681661818
532nm/k00/coated_196,TRUE,TRUE,93,0.829247378,0.764008,74.8588,50.2392,2.25251,0.0164765,nan,nan,0.342593065,(1.55+0j),0.532,nan,1.734414027,3.783267795,0.10645101,0.232201004,0.938624222,0.860580849,1.690875321,3.688297056,0.102155892,0.222832087,0.939584018,0.708133521,1.723509911,3.759482708,0.079024247,0.172375155,0.954149236,0.684539156
532nm/k00/coated_197,TRUE,TRUE,100,0.283649925,0.1853814,1,1,2.13806,0.0330839,nan,nan,0.425783186,(1.55+0j),0.532,nan,0.051637253,1.892770386,0.040276834,1.476352735,0.220004314,0.73609669,0.068499408,2.537842249,0.042694492,1.581793031,0.376717354,0.289934277,0.068499408,2.537842249,0.042694492,1.581793031,0.376717354,0.289934277
532nm/k00/coated_198,TRUE,TRUE,100,None,0.275726,3.29032,2.52688,2.15312,0.0210116,nan,nan,None,(1.55+0j),0.532,nan,0.114594083,1.886721569,0.059726675,0.98336321,0.478797918,0.768792364,0.137437733,2.301763296,0.065777153,1.101614772,0.521403972,0.59222619,0.124918865,2.092101298,0.064219543,1.075528409,0.485909975,0.53567233
532nm/k00/coated_199,TRUE,TRUE,100,None,0.355622,7.059445,5.03963,2.15067,0.0139584,nan,nan,None,(1.55+0j),0.532,nan,0.247143642,2.434628932,0.077580956,0.764255308,0.686089614,0.810779999,0.257705695,2.594519235,0.076717547,0.772373898,0.70230558,0.650010577,0.221753203,2.232558153,0.077348264,0.778723801,0.651196633,0.614658897
532nm/k00/coated_200,TRUE,TRUE,100,None,0.409494,10.77811,7.51874,2.15303,0.0261387,nan,nan,None,(1.55+0j),0.532,nan,0.376214939,2.812482612,0.087197188,0.65186294,0.768225077,0.825919314,0.401823496,3.051057281,0.09128016,0.693092863,0.772835185,0.71468366,0.342389403,2.599772514,0.082027314,0.622835736,0.760426832,0.632146094
532nm/k00/coated_201,TRUE,TRUE,100,None,0.45283,14.575,10.05,2.15406,0.0160434,nan,nan,None,(1.55+0j),0.532,nan,0.507604202,3.098357048,0.094295334,0.575567758,0.814234528,0.842407448,0.556119014,3.453086685,0.097125245,0.603075746,0.825351692,0.740395627,0.504070909,3.129906544,0.083753551,0.520047441,0.833845697,0.643146418
532nm/k00/coated_202,TRUE,TRUE,100,None,0.488522,18.3001,12.5334,2.15624,0.0210963,nan,nan,None,(1.55+0j),0.532,nan,0.642045235,3.367441375,0.101196529,0.530762256,0.842384114,0.858725652,0.665499263,3.550499409,0.095009385,0.506883755,0.857235928,0.732879668,0.603783676,3.221241111,0.081072054,0.432526818,0.865726655,0.628471333
532nm/k00/coated_203,TRUE,TRUE,100,None,0.519774,22.04185,15.0279,2.14018,0.0228458,nan,nan,None,(1.55+0j),0.532,nan,0.77167151,3.598984448,0.106331479,0.495917414,0.862206291,0.867912086,0.774108163,3.648233801,0.09885555,0.465888588,0.872297497,0.726280158,0.690705779,3.255173232,0.079760599,0.375897488,0.884523047,0.625097419
532nm/k00/coated_204,TRUE,TRUE,101,0.723623674,0.659938,44.66725,30.1115,2.14041,0.0171251,nan,nan,0.344287885,(1.55+0j),0.532,nan,1.376841798,4.025203929,0.114205597,0.333880636,0.917052492,0.869340179,1.349197138,3.944384627,0.112662875,0.329370484,0.916496358,0.729221803,1.297625741,3.793615388,0.090479816,0.264518196,0.930272795,0.668879206
532nm/k00/coated_205,TRUE,TRUE,101,0.848433841,0.784698,75.091,50.394,2.12839,0.0143571,nan,nan,0.342079096,(1.55+0j),0.532,nan,1.850546688,3.826529569,0.115402754,0.238627889,0.937638561,0.854895916,1.699454069,3.514102774,0.114570613,0.236907202,0.932583872,0.690673638,1.727535045,3.572168147,0.08301716,0.1716615,0.951944731,0.659970454
532nm/k00/coated_206,TRUE,TRUE,125,0.32496458,0.200004,1,1,2.03624,0.0248531,nan,nan,0.433859691,(1.55+0j),0.532,nan,0.063328813,2.015738109,0.049789779,1.584794508,0.213789479,0.781953097,0.084592795,2.692564582,0.050879034,1.619465162,0.398541757,0.33426378,0.084592795,2.692564582,0.050879034,1.619465162,0.398541757,0.33426378
532nm/k00/coated_207,TRUE,TRUE,125,None,0.297174,3.2803,2.5202,2.03057,0.0170244,nan,nan,None,(1.55+0j),0.532,nan,0.137515569,1.992750122,0.072918062,1.056661996,0.469746867,0.782261628,0.171326501,2.470091519,0.078554389,1.132554092,0.541493065,0.613709149,0.150833453,2.174633997,0.076545091,1.103585132,0.49251914,0.582784059
532nm/k00/coated_208,TRUE,TRUE,125,None,0.383394,7.04395,5.0293,2.03725,0.0197853,nan,nan,None,(1.55+0j),0.532,nan,0.292356104,2.540633159,0.090969505,0.790543239,0.688840069,0.802746414,0.328580793,2.84617545,0.098478749,0.853025511,0.700290609,0.690375161,0.272519058,2.360567232,0.092986658,0.805452868,0.658788423,0.630071888
532nm/k00/coated_209,TRUE,TRUE,125,None,0.442118,10.801795,7.53453,2.03139,0.0254319,nan,nan,None,(1.55+0j),0.532,nan,0.457341036,2.983853601,0.103266239,0.673745227,0.774202988,0.838335294,0.517037411,3.367872897,0.114141928,0.743496503,0.77923855,0.742466997,0.455100773,2.964430671,0.100125936,0.65219928,0.779991725,0.64497376
532nm/k00/coated_210,TRUE,TRUE,125,None,0.488568,14.5765,10.051,2.0317,0.0153709,nan,nan,None,(1.55+0j),0.532,nan,0.621248391,3.324181141,0.115105016,0.615904895,0.814719816,0.865492939,0.65969364,3.518863165,0.113567946,0.605781287,0.827847444,0.736311427,0.589076427,3.142184816,0.096159491,0.512923076,0.836762283,0.624040568
532nm/k00/coated_211,TRUE,TRUE,125,None,0.527476,18.3439,12.5626,2.0409,0.0143495,nan,nan,None,(1.55+0j),0.532,nan,0.784306238,3.601227625,0.123918821,0.568986779,0.842001995,0.875492551,0.805219679,3.684843866,0.122266732,0.559516648,0.848157298,0.732504499,0.704827743,3.225430592,0.094313875,0.43159887,0.866188759,0.621445207
532nm/k00/coated_212,TRUE,TRUE,125,None,0.560936,22.0609,15.0406,2.04609,0.0200192,nan,nan,None,(1.55+0j),0.532,nan,0.924049856,3.745288546,0.127978774,0.518713824,0.861502307,0.875036322,0.989357017,4.003469559,0.134617024,0.544732738,0.863934837,0.7458587,0.904760511,3.661146684,0.096405758,0.390109445,0.893446103,0.651817805
532nm/k00/coated_213,TRUE,TRUE,126,0.788201724,0.713168,44.9779,30.3186,2.04074,0.0172653,nan,nan,0.344908328,(1.55+0j),0.532,nan,1.566510079,3.92156679,0.143381496,0.358938076,0.908470748,0.875065018,1.646736907,4.12240486,0.150650062,0.377134043,0.90851601,0.726097461,1.692758974,4.237615491,0.103303538,0.258607799,0.938973274,0.683009031
532nm/k00/coated_214,TRUE,TRUE,137,0.348852795,0.206236,1,1,2.04802,0.0149696,nan,nan,0.440159246,(1.55+0j),0.532,nan,0.069932026,2.103612034,0.054020607,1.624983651,0.227526928,0.735704664,0.091523548,2.739769402,0.054324602,1.62621408,0.406441258,0.352564601,0.091523548,2.739769402,0.054324602,1.62621408,0.406441258,0.352564601
532nm/k00/coated_215,TRUE,TRUE,136,None,0.306,3.29035,2.5269,2.05037,0.0130602,nan,nan,None,(1.55+0j),0.532,nan,0.151880646,2.074037981,0.078234354,1.068345619,0.484895827,0.763191879,0.185706651,2.525193849,0.083857921,1.140279604,0.548438784,0.621317248,0.161737339,2.199264986,0.081630989,1.109998327,0.495286683,0.597783797
532nm/k00/coated_216,TRUE,TRUE,136,None,0.394102,7.029145,5.01943,2.0551,0.0120743,nan,nan,None,(1.55+0j),0.532,nan,0.320778407,2.635692453,0.100591442,0.826514811,0.686414547,0.825908604,0.360874284,2.958344701,0.10852231,0.889635017,0.69927946,0.707157159,0.297015869,2.434851589,0.100371705,0.822818678,0.662066188,0.638250665
532nm/k00/coated_217,TRUE,TRUE,136,None,0.454148,10.75642,7.50428,2.05057,0.0106743,nan,nan,None,(1.55+0j),0.532,nan,0.50185633,3.094904748,0.115017068,0.709300348,0.770816744,0.858872361,0.554099927,3.42060873,0.121120447,0.747709283,0.781410462,0.744696541,0.49197125,3.037071602,0.106426227,0.656997885,0.78367389,0.642173299
532nm/k00/coated_218,TRUE,TRUE,136,None,0.501902,14.51875,10.0125,2.05305,0.0151923,nan,nan,None,(1.55+0j),0.532,nan,0.671734799,3.396184405,0.124373208,0.628811177,0.814847752,0.873160951,0.700373646,3.539990218,0.122780687,0.620586502,0.824692594,0.734759084,0.614910709,3.108023707,0.101121996,0.511114143,0.835550115,0.618040701
532nm/k00/coated_219,TRUE,TRUE,136,None,0.541742,18.2578,12.5052,2.04608,0.0125092,nan,nan,None,(1.55+0j),0.532,nan,0.830601974,3.600999839,0.132345241,0.57377084,0.840663464,0.880452234,0.877026788,3.804853714,0.137221656,0.595316281,0.843537669,0.73943001,0.769405053,3.337952403,0.100840501,0.43748191,0.868937044,0.628728281
532nm/k00/coated_220,TRUE,TRUE,136,None,0.576708,22.02625,15.0175,2.05079,0.0144611,nan,nan,None,(1.55+0j),0.532,nan,0.976528438,3.740399994,0.138600437,0.530881696,0.858068202,0.884287596,1.066475219,4.082713787,0.144648058,0.55374622,0.864368102,0.754094044,1.005634304,3.849800694,0.103937218,0.39789571,0.896645115,0.665683491
532nm/k00/coated_221,TRUE,TRUE,137,0.848592899,0.731476,44.6173,30.0782,2.04547,0.0141011,nan,nan,0.350367711,(1.55+0j),0.532,nan,1.637391696,3.896391072,0.155708512,0.370529091,0.904904543,0.877361974,1.667684495,3.968476812,0.152629154,0.363201349,0.9084784,0.726526662,1.731020805,4.119193975,0.108487744,0.258161,0.937327302,0.692283115
532nm/k00/coated_222,TRUE,TRUE,137,0.97982758,0.867804,74.50195,50.0013,2.0481,0.0176261,nan,nan,0.346485465,(1.55+0j),0.532,nan,2.069267622,3.49851295,0.155266631,0.262509457,0.924965418,0.85594186,1.894252587,3.202614846,0.157938047,0.267026022,0.916622499,0.66218163,2.03819115,3.445971926,0.098844057,0.167115751,0.95150403,0.635765172
532nm/k00/coated_223,TRUE,TRUE,145,0.338819215,0.21012,1,1,2.20873,0.0214946,nan,nan,0.429344118,(1.55+0j),0.532,nan,0.075629671,2.181059655,0.056898027,1.640863822,0.247675864,0.761225158,0.095847226,2.764107199,0.056457434,1.628157712,0.410964339,0.363760214,0.095847226,2.764107199,0.056457434,1.628157712,0.410964339,0.363760214
532nm/k00/coated_224,TRUE,TRUE,145,None,0.312574,3.291955,2.52797,2.20803,0.0152504,nan,nan,None,(1.55+0j),0.532,nan,0.168187406,2.205423346,0.083348751,1.092943201,0.504429296,0.783285721,0.196832449,2.565081175,0.088093157,1.14801243,0.552445965,0.627276475,0.170153458,2.217405892,0.085610897,1.115664112,0.496860671,0.607809855
532nm/k00/coated_225,TRUE,TRUE,145,None,0.402032,7.00453,5.00302,2.20393,0.0192747,nan,nan,None,(1.55+0j),0.532,nan,0.349390899,2.750577985,0.10753172,0.846542888,0.692230908,0.831065184,0.386027281,3.040933143,0.116267394,0.915897368,0.698810423,0.718561402,0.317226768,2.498956519,0.106442514,0.838501799,0.664459228,0.644638668
532nm/k00/coated_226,TRUE,TRUE,145,None,0.464124,10.77694,7.51796,2.20246,0.0210256,nan,nan,None,(1.55+0j),0.532,nan,0.539489348,3.190432377,0.124399936,0.735676402,0.769411692,0.858616648,0.582576733,3.443461257,0.126269798,0.746348308,0.783256366,0.744494619,0.517566701,3.059203679,0.110654066,0.654047728,0.786203275,0.637520224
532nm/k00/coated_227,TRUE,TRUE,145,None,0.51317,14.5672,10.0448,2.20919,0.0201805,nan,nan,None,(1.55+0j),0.532,nan,0.709113802,3.43899502,0.133600312,0.647922531,0.811595386,0.865032946,0.740355821,3.579547215,0.131965391,0.638039621,0.821754098,0.735209796,0.641435124,3.10127542,0.10518176,0.508543415,0.836021202,0.615486627
532nm/k00/coated_228,TRUE,TRUE,145,None,0.55398,18.3265,12.551,2.20101,0.0176773,nan,nan,None,(1.55+0j),0.532,nan,0.873080085,3.629721759,0.141398107,0.587845025,0.838046808,0.869788749,0.943498141,3.914380106,0.149009599,0.618210239,0.842066886,0.746864326,0.842052794,3.493504185,0.106423089,0.44152755,0.873614707,0.639336237
532nm/k00/coated_229,TRUE,TRUE,145,None,0.589514,22.084,15.056,2.20711,0.0197882,nan,nan,None,(1.55+0j),0.532,nan,1.028531917,3.776906501,0.147496278,0.541626022,0.856595332,0.876929772,1.11351953,4.079619982,0.149743462,0.548617606,0.865522375,0.757842552,1.066522183,3.907435022,0.109700799,0.401912639,0.897141568,0.671860197
532nm/k00/coated_230,TRUE,TRUE,157,0.359579582,0.215776,1,1,2.35875,0.0146314,nan,nan,0.434339305,(1.55+0j),0.532,nan,0.082686885,2.261207802,0.061251954,1.67503464,0.259230116,0.789831465,0.102145431,2.7933335,0.059549773,1.628485708,0.417009925,0.379787361,0.102145431,2.7933335,0.059549773,1.628485708,0.417009925,0.379787361
532nm/k00/coated_231,TRUE,TRUE,157,None,0.320608,3.2803,2.5202,2.34903,0.012973,nan,nan,None,(1.55+0j),0.532,nan,0.187164324,2.325627387,0.090332089,1.122429618,0.517364809,0.801081346,0.211108645,2.614974308,0.093813577,1.16205612,0.555614708,0.635337737,0.180938595,2.241261975,0.090853027,1.125384195,0.497879227,0.619162011
532nm/k00/coated_232,TRUE,TRUE,157,None,0.413436,7.034185,5.02279,2.34824,0.0139234,nan,nan,None,(1.55+0j),0.532,nan,0.386088659,2.881071653,0.117219511,0.874715695,0.696392246,0.842362613,0.422648144,3.148273864,0.12640542,0.941584358,0.700920441,0.731870989,0.349083573,2.600296972,0.114958386,0.856316268,0.670685204,0.652401018
532nm/k00/coated_233,TRUE,TRUE,157,None,0.476978,10.801525,7.53435,2.3426,0.0207485,nan,nan,None,(1.55+0j),0.532,nan,0.582889675,3.270423744,0.135669645,0.761202758,0.767246443,0.863644637,0.61789222,3.458009239,0.13346626,0.746938618,0.783997506,0.742994748,0.544422131,3.046836805,0.115546844,0.646653318,0.787762404,0.630133509
532nm/k00/coated_234,TRUE,TRUE,157,None,0.52706,14.57365,10.0491,2.34846,0.0109328,nan,nan,None,(1.55+0j),0.532,nan,0.75716397,3.481782771,0.145791994,0.670417604,0.807449905,0.869190101,0.79870356,3.660796802,0.146166988,0.669945231,0.816994696,0.739124267,0.684743431,3.138469247,0.111094996,0.509195436,0.837756755,0.616556559
532nm/k00/coated_235,TRUE,TRUE,157,None,0.568702,18.30805,12.5387,2.3438,0.0123461,nan,nan,None,(1.55+0j),0.532,nan,0.923494629,3.640787188,0.153776988,0.606250724,0.833483614,0.870227499,1.017783942,4.006786504,0.161066861,0.634084011,0.841747492,0.755239096,0.938385328,3.694212015,0.113908647,0.448432727,0.878612076,0.653214926
532nm/k00/coated_236,TRUE,TRUE,398,None,0.300578,1.065865,1.04391,2.62964,0.0141481,nan,nan,None,(1.55+0j),0.532,nan,0.21816857,3.208171334,0.144153098,2.119772962,0.339258181,0.888094596,0.210111275,2.9610456,0.115663188,1.63001236,0.449514604,0.59748538,0.207819991,2.928755117,0.114475196,1.613270286,0.449161769,0.593167181
532nm/k00/coated_237,TRUE,TRUE,398,0.640985914,0.4369,3.273265,2.51551,2.62318,0.0137333,nan,nan,0.386774184,(1.55+0j),0.532,nan,0.514559127,3.379956907,0.212329203,1.394715432,0.587357037,0.897479532,0.470989617,3.141646836,0.202560607,1.351142074,0.569925538,0.750796585,0.3760446,2.508334118,0.189901933,1.266704798,0.495001567,0.731822881
532nm/k00/coated_238,TRUE,TRUE,398,0.709746908,0.56301,7.004605,5.00307,2.62767,0.011329,nan,nan,0.362528296,(1.55+0j),0.532,nan,0.9075703,3.631511579,0.275885672,1.103916703,0.696017298,0.902995651,0.895631277,3.597552604,0.28049449,1.126684284,0.686819233,0.782076392,0.792779833,3.184421116,0.219526159,0.881787993,0.723093159,0.655503246
532nm/k00/coated_239,TRUE,TRUE,398,0.776309286,0.649594,10.758805,7.50587,2.61912,0.0124141,nan,nan,0.354643407,(1.55+0j),0.532,nan,1.2133074,3.662667944,0.319001456,0.962984655,0.737081092,0.903524028,1.191922846,3.596451874,0.317021148,0.956564684,0.734025446,0.768609469,1.087905072,3.28259354,0.207383568,0.625749414,0.80937347,0.615642467
532nm/k00/coated_240,TRUE,TRUE,455,None,0.314258,1.065835,1.04389,2.61976,0.0119042,nan,nan,None,(1.55+0j),0.532,nan,0.251845623,3.38790081,0.16365735,2.201566427,0.35016798,0.896330565,0.231744813,2.987772028,0.126960393,1.636837974,0.452154328,0.620195185,0.229151398,2.954336395,0.125660439,1.620078306,0.451627002,0.61627786
532nm/k00/coated_241,TRUE,TRUE,455,0.677178874,0.457708,3.29302,2.52868,2.62308,0.0164946,nan,nan,0.386902949,(1.55+0j),0.532,nan,0.57668851,3.495109095,0.23909876,1.449094679,0.585393577,0.902576066,0.518069703,3.148627666,0.223591067,1.358900192,0.568415089,0.757155276,0.410335115,2.493858432,0.206746272,1.256524035,0.496152621,0.737739342
532nm/k00/coated_242,TRUE,TRUE,455,0.747239232,0.588548,7.00126,5.00084,2.617,0.012637,nan,nan,0.362928787,(1.55+0j),0.532,nan,1.007993227,3.66812013,0.310738479,1.130787429,0.691725628,0.90880931,0.960883276,3.531969762,0.304744438,1.120165338,0.682849681,0.785150208,0.895310361,3.29093991,0.240283092,0.88322134,0.731620338,0.659847705
532nm/k00/coated_243,TRUE,TRUE,455,0.817640549,0.679126,10.75669,7.50446,2.6178,0.0127369,nan,nan,0.355181368,(1.55+0j),0.532,nan,1.31438577,3.630017924,0.356603921,0.984854411,0.728691585,0.908064933,1.312803736,3.624175396,0.368801818,1.018128176,0.71907315,0.770803747,1.255161799,3.465046895,0.22816912,0.629892258,0.818215373,0.613618375
532nm/k00/coated_244,TRUE,TRUE,498,None,0.323916,1.06585,1.0439,2.46073,0.0169973,nan,nan,None,(1.55+0j),0.532,nan,0.271351358,3.435928797,0.179486426,2.272708658,0.338546055,0.893714025,0.247163719,2.999369962,0.134850107,1.636426904,0.454409784,0.632900579,0.244340681,2.965111961,0.133462237,1.619584888,0.453786262,0.629171097
532nm/k00/coated_245,TRUE,TRUE,498,0.708107152,0.470818,3.2731,2.5154,2.45908,0.0166221,nan,nan,0.388509236,(1.55+0j),0.532,nan,0.628797534,3.556791062,0.261541426,1.479408165,0.584060987,0.901147352,0.549360298,3.155449779,0.23953629,1.375863408,0.563972332,0.762229201,0.433340656,2.489048956,0.218998453,1.257896904,0.494627496,0.741966207
532nm/k00/coated_246,TRUE,TRUE,498,0.779433984,0.607966,7.047565,5.03171,2.45507,0.0124099,nan,nan,0.363766651,(1.55+0j),0.532,nan,1.117252901,3.825261514,0.338036707,1.157373416,0.697439401,0.913176272,1.006118893,3.465778777,0.325660601,1.121803404,0.676319963,0.78460046,0.935018097,3.220857795,0.249007039,0.857754802,0.733687466,0.651163531
532nm/k00/coated_247,TRUE,TRUE,498,0.845313412,0.700976,10.80214,7.53476,2.45187,0.00979314,nan,nan,0.355128066,(1.55+0j),0.532,nan,1.471310229,3.821135948,0.386516623,1.003821309,0.737297672,0.915636238,1.381212787,3.579022357,0.392576967,1.017252197,0.715773724,0.771722072,1.449911256,3.757035012,0.246558138,0.638885693,0.829949497,0.637175373
532nm/k00/coated_248,TRUE,TRUE,19,0.119643315,0.1067606,1,1,2.27542,0.0016144,nan,nan,0.372016196,(1.55+0j),0.532,nan,0.009735225,1.087361308,0.008295284,0.926529279,0.147910385,0.172256593,0.009410497,1.051237091,0.007839869,0.875783777,0.166901753,0.088998135,0.009410497,1.051237091,0.007839869,0.875783777,0.166901753,0.088998135
532nm/k00/coated_249,TRUE,TRUE,19,None,0.1583822,3.26434,2.50956,2.27542,0.0016144,nan,nan,None,(1.55+0j),0.532,nan,0.017967625,0.914219379,0.011459949,0.583099196,0.362188979,0.241904437,0.017020127,0.863893428,0.011164903,0.566698847,0.344017643,0.198396032,0.018550422,0.941566849,0.01191812,0.604930001,0.357528356,0.150822745
532nm/k00/coated_250,TRUE,TRUE,19,None,0.204642,7.04137,5.02758,2.27542,0.0016144,nan,nan,None,(1.55+0j),0.532,nan,0.033259876,1.0149358,0.014259254,0.435125714,0.571277598,0.399677004,0.03114436,0.946891002,0.013358859,0.406153265,0.571066507,0.34306542,0.033889835,1.030362455,0.015057495,0.457797373,0.555692882,0.276428949
532nm/k00/coated_251,TRUE,TRUE,19,0.251807362,0.236034,10.806535,7.53769,2.27542,0.0016144,nan,nan,0.345480748,(1.55+0j),0.532,nan,0.050423252,1.155304642,0.016146555,0.369952139,0.679779579,0.547851041,0.048960164,1.118932398,0.015201518,0.347414502,0.689512519,0.468354688,0.050573886,1.155812288,0.016912169,0.386509616,0.66559482,0.402510216
532nm/k00/coated_252,TRUE,TRUE,19,None,0.26048,14.52115,10.0141,2.27474,0.00202404,nan,nan,None,(1.55+0j),0.532,nan,0.070631082,1.326490293,0.017712765,0.332655395,0.749221388,0.660673152,0.070916673,1.330790539,0.01706872,0.320303963,0.759313015,0.559106297,0.070382932,1.320774602,0.018341054,0.34418,0.739410495,0.506866789
532nm/k00/coated_253,TRUE,TRUE,19,None,0.28167,18.361,12.574,2.27474,0.00202404,nan,nan,None,(1.55+0j),0.532,nan,0.095786326,1.543074483,0.019074524,0.307281981,0.800863805,0.724199839,0.098601564,1.582387096,0.018708933,0.300246505,0.810257234,0.608338857,0.09634999,1.546253172,0.019572486,0.314105056,0.796860526,0.573623951
532nm/k00/coated_254,TRUE,TRUE,19,None,0.299522,22.0783,15.0522,2.27474,0.00202404,nan,nan,None,(1.55+0j),0.532,nan,0.125161421,1.780248591,0.020089007,0.285738424,0.839495211,0.747537613,0.128462409,1.823176545,0.019613389,0.278359023,0.847321959,0.622307938,0.125909998,1.786951984,0.02044436,0.290152408,0.837627194,0.600434646
532nm/k00/coated_255,TRUE,TRUE,19,0.398819387,0.379844,45.0385,30.359,2.27474,0.00202404,nan,nan,0.340552433,(1.55+0j),0.532,nan,0.279841282,2.469513236,0.02158012,0.190437925,0.922884428,0.761351287,0.284462871,2.510297345,0.01905297,0.168136598,0.933021242,0.634656278,0.278434824,2.457101677,0.022204272,0.195945869,0.920253252,0.619813592
532nm/k00/coated_256,TRUE,TRUE,19,0.471056071,0.449874,74.82355,50.2157,2.27474,0.00202404,nan,nan,0.339670512,(1.55+0j),0.532,nan,0.541352139,3.405714097,0.025385605,0.159704021,0.953107038,0.843872987,0.554598317,3.489047461,0.023294066,0.146545887,0.957998311,0.723449311,0.539282683,3.392694889,0.026222451,0.164968722,0.951375314,0.69473763
532nm/k00/coated_257,TRUE,TRUE,27,0.119643315,0.1199892,1,1,2.74111,0.0132763,nan,nan,0.33245737,(1.55+0j),0.532,nan,0.014910106,1.318452662,0.012161299,1.075384504,0.184358654,0.227049418,0.014693602,1.299433586,0.011604364,1.026235753,0.210243783,0.113738437,0.014693602,1.299433586,0.011604364,1.026235753,0.210243783,0.113738437
532nm/k00/coated_258,TRUE,TRUE,27,None,0.1777764,3.251875,2.50125,2.74111,0.0132763,nan,nan,None,(1.55+0j),0.532,nan,0.028879936,1.162726934,0.01705456,0.686628817,0.409466835,0.315832086,0.027157008,1.094066747,0.016482386,0.664021268,0.393070606,0.260832233,0.029670684,1.195334534,0.017672335,0.711960417,0.404383964,0.19601236
532nm/k00/coated_259,TRUE,TRUE,27,None,0.23014,7.05484,5.03656,2.74111,0.0132763,nan,nan,None,(1.55+0j),0.532,nan,0.052850208,1.2759214,0.021387187,0.516334196,0.595324449,0.526618254,0.051324384,1.233813863,0.020430011,0.491127791,0.601943368,0.453426062,0.053283809,1.280917512,0.022263241,0.53519776,0.582176249,0.370201401
532nm/k00/coated_260,TRUE,TRUE,27,None,0.26484,10.75138,7.50092,2.74111,0.0132763,nan,nan,None,(1.55+0j),0.532,nan,0.081750166,1.482558723,0.024772224,0.449250185,0.696976465,0.678135375,0.082682253,1.500912114,0.023950752,0.43477254,0.710327782,0.576019952,0.080801196,1.466765712,0.025322196,0.459668057,0.686611125,0.515092205
532nm/k00/coated_261,TRUE,TRUE,27,None,0.292712,14.51545,10.0103,2.7439,0.0116691,nan,nan,None,(1.55+0j),0.532,nan,0.119139334,1.770258778,0.027440954,0.407737624,0.769673435,0.738391525,0.122395449,1.818839321,0.026392616,0.392203537,0.784366034,0.620279323,0.11810396,1.755066285,0.027672523,0.411223406,0.765693519,0.586868145
532nm/k00/coated_262,TRUE,TRUE,27,None,0.316262,18.30865,12.5391,2.7439,0.0116691,nan,nan,None,(1.55+0j),0.532,nan,0.160445193,2.045098576,0.028830168,0.367480852,0.820311423,0.745239737,0.163773906,2.084782726,0.026926685,0.342766984,0.835586232,0.621160078,0.159684404,2.032724841,0.028856126,0.367328074,0.819292771,0.601985154
532nm/k00/coated_263,TRUE,TRUE,27,None,0.336486,22.05025,15.0335,2.7439,0.0116691,nan,nan,None,(1.55+0j),0.532,nan,0.19745258,2.221310752,0.02912046,0.327600638,0.852519222,0.744914942,0.200463641,2.254300116,0.026394243,0.296814648,0.868334014,0.615803731,0.196481323,2.209517236,0.029156587,0.327878393,0.85160632,0.600447396
532nm/k00/coated_264,TRUE,TRUE,27,0.431263802,0.427418,45.1993,30.4662,2.74237,0.011802,nan,nan,0.334593775,(1.55+0j),0.532,nan,0.434778665,3.030210007,0.032245972,0.224739791,0.925833592,0.824607515,0.454233354,3.165800357,0.031479131,0.21939526,0.930698327,0.709346832,0.432706336,3.015766813,0.032406474,0.225858416,0.925107467,0.672536633
532nm/k00/coated_265,TRUE,TRUE,27,0.513419961,0.505034,74.56555,50.0437,2.74237,0.011802,nan,nan,0.335498165,(1.55+0j),0.532,nan,0.706617543,3.527388545,0.033425513,0.166857973,0.952696458,0.825443042,0.734157065,3.664864038,0.029596275,0.14774267,0.959686725,0.714671191,0.700612373,3.497411133,0.033033107,0.164899112,0.952851093,0.669004509
532nm/k00/coated_266,TRUE,TRUE,33,0.14425744,0.1283608,1,1,3,0.00689467,nan,nan,0.366711801,(1.55+0j),0.532,nan,0.018420561,1.423469409,0.01456298,1.125370522,0.209417136,0.253483621,0.019012344,1.469200111,0.014503167,1.120748404,0.237171032,0.131425237,0.019012344,1.469200111,0.014503167,1.120748404,0.237171032,0.131425237
532nm/k00/coated_267,TRUE,TRUE,33,None,0.1906608,3.277075,2.51805,3,0.00689467,nan,nan,None,(1.55+0j),0.532,nan,0.037315803,1.311505618,0.020980597,0.737386561,0.437755698,0.367589773,0.035659977,1.249017,0.020684373,0.724485445,0.419955497,0.308951444,0.038600778,1.352020729,0.022038307,0.771907985,0.429070895,0.231993296
532nm/k00/coated_268,TRUE,TRUE,33,None,0.246224,7.05811,5.03874,3,0.00784449,nan,nan,None,(1.55+0j),0.532,nan,0.068947438,1.455434777,0.026886958,0.567565874,0.610036888,0.602328854,0.068543787,1.439519154,0.026299975,0.552337694,0.616304033,0.520434374,0.068518845,1.43899534,0.027879672,0.585513643,0.593109424,0.435982185
532nm/k00/coated_269,TRUE,TRUE,33,None,0.283936,10.823335,7.54889,3,0.00784449,nan,nan,None,(1.55+0j),0.532,nan,0.109517687,1.735861236,0.031544951,0.499989169,0.711964782,0.729201183,0.112956086,1.783934214,0.030657226,0.484174659,0.72859164,0.613128651,0.107951869,1.704901776,0.032064714,0.506403357,0.702972122,0.567245004
532nm/k00/coated_270,TRUE,TRUE,33,None,0.31307,14.5087,10.0058,3,0.00784449,nan,nan,None,(1.55+0j),0.532,nan,0.157406352,2.045080958,0.034072963,0.442688415,0.783535017,0.751565318,0.161080251,2.092519484,0.031982673,0.415472202,0.801448825,0.622649256,0.155081024,2.014586279,0.034229626,0.444661338,0.779279079,0.599395418
532nm/k00/coated_271,TRUE,TRUE,33,None,0.337954,18.2506,12.5004,3,0.00632784,nan,nan,None,(1.55+0j),0.532,nan,0.201065635,2.241283558,0.034592627,0.385604864,0.827953557,0.749508647,0.205219241,2.287773444,0.031425165,0.350326104,0.846870281,0.617755939,0.198796458,2.216172589,0.034664471,0.386437725,0.825628326,0.599149163
532nm/k00/coated_272,TRUE,TRUE,33,None,0.360178,22.093,15.062,3,0.00632784,nan,nan,None,(1.55+0j),0.532,nan,0.240341376,2.364356241,0.034657663,0.340944469,0.855798182,0.746116208,0.246582001,2.420121261,0.031113908,0.305372773,0.873819226,0.624155335,0.237184066,2.327883618,0.034702706,0.340595646,0.853688714,0.601433923
532nm/k00/coated_273,TRUE,TRUE,33,0.478943458,0.457066,45.14815,30.4321,3,0.00632784,nan,nan,0.339731218,(1.55+0j),0.532,nan,0.562577047,3.428737956,0.039233003,0.239113358,0.930261991,0.84038548,0.582229564,3.548514139,0.038550935,0.234956355,0.933787398,0.728680515,0.556598146,3.392298351,0.038594703,0.235223113,0.930659662,0.677828186
532nm/k00/coated_274,TRUE,TRUE,33,0.571999207,0.543282,75.8191,50.8794,3,0.00702497,nan,nan,0.339914915,(1.55+0j),0.532,nan,0.861554725,3.716570324,0.037043422,0.159797723,0.957003983,0.827498994,0.900871715,3.886175753,0.0393428,0.169716765,0.956328078,0.712907468,0.858397735,3.702951716,0.035662155,0.153839218,0.958454976,0.671234323
532nm/k00/coated_275,TRUE,TRUE,57,0.183231545,0.1539686,1,1,3,0.0291278,nan,nan,0.376364693,(1.55+0j),0.532,nan,0.03384149,1.817587249,0.024642624,1.323526839,0.271822115,0.382116023,0.037332914,2.005107632,0.025719965,1.381389558,0.311064635,0.195746756,0.037332914,2.005107632,0.025719965,1.381389558,0.311064635,0.195746756
532nm/k00/coated_276,TRUE,TRUE,57,None,0.228358,3.262525,2.50835,3,0.0175565,nan,nan,None,(1.55+0j),0.532,nan,0.073032759,1.784899896,0.037747421,0.92253625,0.483143983,0.569396273,0.071629804,1.748925944,0.037960105,0.926840615,0.470051538,0.466798216,0.072162846,1.761940783,0.038437295,0.938491783,0.467353391,0.367604741
532nm/k00/coated_277,TRUE,TRUE,57,None,0.295182,7.04644,5.03096,3,0.0175565,nan,nan,None,(1.55+0j),0.532,nan,0.140320221,2.056388045,0.050393623,0.738516826,0.640866991,0.753970559,0.144118904,2.10596587,0.04824247,0.704952594,0.66525925,0.620481226,0.132840294,1.94115495,0.050110387,0.732247899,0.622777203,0.580914077
532nm/k00/coated_278,TRUE,TRUE,57,None,0.340064,10.77424,7.51616,3,0.0238405,nan,nan,None,(1.55+0j),0.532,nan,0.208509732,2.296861554,0.053827066,0.59293788,0.741848664,0.756430501,0.216697904,2.385852064,0.049298033,0.5427732,0.772503413,0.626016733,0.200020221,2.202230152,0.053020207,0.583754473,0.734925765,0.600016794
532nm/k00/coated_279,TRUE,TRUE,57,None,0.3757,14.52865,10.0191,3,0.0238405,nan,nan,None,(1.55+0j),0.532,nan,0.270916419,2.446649884,0.05497723,0.49650012,0.797069404,0.764424262,0.288377075,2.601288139,0.05148103,0.464381546,0.821480159,0.651385148,0.261457017,2.35845737,0.053110548,0.479080516,0.796867002,0.605762485
532nm/k00/coated_280,TRUE,TRUE,57,None,0.4058,18.3079,12.5386,3,0.0240898,nan,nan,None,(1.55+0j),0.532,nan,0.34719437,2.687675594,0.057226194,0.442995219,0.835175339,0.792967577,0.377029702,2.915154644,0.057181332,0.442120141,0.848337328,0.69375814,0.337888549,2.612519295,0.054085763,0.418185527,0.839930167,0.629887649
532nm/k00/coated_281,TRUE,TRUE,57,None,0.431726,22.04605,15.0307,3,0.0240898,nan,nan,None,(1.55+0j),0.532,nan,0.44394387,3.036330562,0.05972159,0.408462651,0.865474907,0.825315797,0.478781353,3.270626397,0.061873457,0.422666755,0.870768867,0.724009772,0.437345491,2.987571887,0.055244139,0.377380902,0.873683072,0.652517153
532nm/k00/coated_282,TRUE,TRUE,57,0.576057181,0.545794,44.5441,30.0294,3,0.0134344,nan,nan,0.340216588,(1.55+0j),0.532,nan,0.864486283,3.69496825,0.058791953,0.251287272,0.931992035,0.830461518,0.913478759,3.904370812,0.066040302,0.282268006,0.927704611,0.720981956,0.851996897,3.641586393,0.053137443,0.22711889,0.937631882,0.659121033
532nm/k00/coated_283,TRUE,TRUE,57,0.685353578,0.649312,75.0007,50.3338,3,0.0134344,nan,nan,0.339794388,(1.55+0j),0.532,nan,1.283403842,3.875846736,0.062820983,0.189717761,0.951051274,0.853546755,1.325842311,4.004009827,0.064755352,0.195559505,0.951159085,0.730876324,1.293591779,3.906614045,0.058466142,0.176566251,0.954803252,0.693563757
532nm/k00/coated_284,TRUE,TRUE,81,0.183294768,0.1730826,1,1,3,0.00328923,nan,nan,0.346377929,(1.55+0j),0.532,nan,0.050255069,2.135911099,0.034746579,1.476778455,0.308595543,0.499100862,0.055490522,2.358425205,0.035827925,1.522737185,0.35434154,0.252089188,0.055490522,2.358425205,0.035827925,1.522737185,0.35434154,0.252089188
532nm/k00/coated_285,TRUE,TRUE,81,0.267146955,0.256784,3.265435,2.51029,3,0.00286938,nan,nan,0.340426047,(1.55+0j),0.532,nan,0.109786232,2.125491463,0.054764265,1.060251147,0.501173651,0.693563362,0.109280648,2.110170072,0.05465122,1.055295441,0.49990029,0.558568185,0.10300074,1.988907313,0.05368525,1.036642907,0.478787724,0.477454423
532nm/k00/coated_286,TRUE,TRUE,81,0.34454444,0.331396,7.019125,5.01275,3,0.00286938,nan,nan,0.33946721,(1.55+0j),0.532,nan,0.199011259,2.309918298,0.068072497,0.79011563,0.657946504,0.766391795,0.209135445,2.424617521,0.063833059,0.740050316,0.694776471,0.630263937,0.185861975,2.154795905,0.066615241,0.772305624,0.641587576,0.606855286
532nm/k00/coated_287,TRUE,TRUE,81,None,0.382542,10.79635,7.5309,3,0.00406757,nan,nan,None,(1.55+0j),0.532,nan,0.286227353,2.494902183,0.072709781,0.633775176,0.745971934,0.775288053,0.313723022,2.729595291,0.070500717,0.613402304,0.775277197,0.671794104,0.272315805,2.369325446,0.068726085,0.597961846,0.747623592,0.612400835
532nm/k00/coated_288,TRUE,TRUE,81,None,0.422298,14.52445,10.0163,3,0.00221266,nan,nan,None,(1.55+0j),0.532,nan,0.403272001,2.881699402,0.078477966,0.560787525,0.805396939,0.817075563,0.4447708,3.175472356,0.080790713,0.576810972,0.818354277,0.722779923,0.391235545,2.793253645,0.071121875,0.507779624,0.818212132,0.639435111
532nm/k00/coated_289,TRUE,TRUE,81,None,0.4559,18.2746,12.5164,3,0.00322179,nan,nan,None,(1.55+0j),0.532,nan,0.532196916,3.261652146,0.080754809,0.494918493,0.848261411,0.835373765,0.569628979,3.489498446,0.08284012,0.507471494,0.854571795,0.737710273,0.523657405,3.207880517,0.071502285,0.43801689,0.863455984,0.646496687
532nm/k00/coated_290,TRUE,TRUE,81,None,0.485146,22.02205,15.0147,3,0.00322179,nan,nan,None,(1.55+0j),0.532,nan,0.616325657,3.334488077,0.079114035,0.428028272,0.871635987,0.827507142,0.66018906,3.571359191,0.080416847,0.43502303,0.878191185,0.731373645,0.606989785,3.283572357,0.069860662,0.377918285,0.884906363,0.635638171
532nm/k00/coated_291,TRUE,TRUE,81,0.629511199,0.613544,44.54275,30.0285,3,0.00486634,nan,nan,0.33646986,(1.55+0j),0.532,nan,1.184021568,4.004776699,0.082704042,0.279734112,0.930149885,0.863849579,1.22508381,4.143663618,0.088710329,0.300049483,0.927588359,0.748751275,1.193418339,4.036559877,0.074650766,0.252495102,0.937447948,0.697879664
532nm/k00/coated_292,TRUE,TRUE,81,0.749699908,0.728624,74.602,50.068,3,0.00526326,nan,nan,0.336608367,(1.55+0j),0.532,nan,1.717082202,4.118075083,0.081649248,0.195819241,0.952448841,0.857828248,1.710387969,4.102020317,0.097364737,0.233509668,0.943074473,0.71933072,1.745639507,4.186564015,0.073190268,0.175532085,0.958072518,0.695378916
532nm/k00/coated_293,TRUE,TRUE,93,0.199860129,0.1812362,1,1,3,0.00635518,nan,nan,0.354913232,(1.55+0j),0.532,nan,0.058065694,2.250815244,0.039510608,1.531559724,0.319553336,0.55084995,0.064036949,2.482280505,0.040367805,1.564787482,0.36961698,0.27716223,0.064036949,2.482280505,0.040367805,1.564787482,0.36961698,0.27716223
532nm/k00/coated_294,TRUE,TRUE,93,None,0.268694,3.258685,2.50579,3,0.00635518,nan,nan,None,(1.55+0j),0.532,nan,0.127104131,2.242545995,0.062396464,1.100884296,0.509091765,0.729284518,0.127057435,2.240754434,0.061929115,1.092167004,0.512589605,0.581802259,0.116917061,2.06192124,0.060503943,1.067033018,0.482505443,0.515943099
532nm/k00/coated_295,TRUE,TRUE,93,None,0.34686,7.010185,5.00679,3,0.00457334,nan,nan,None,(1.55+0j),0.532,nan,0.224590164,2.376250664,0.075780405,0.801785947,0.662583599,0.771160574,0.239227128,2.531699211,0.071789133,0.75973194,0.699912242,0.64104892,0.208300371,2.204406703,0.073533612,0.778193463,0.646982808,0.611800482
532nm/k00/coated_296,TRUE,TRUE,93,None,0.400578,10.797535,7.53169,3,0.00581564,nan,nan,None,(1.55+0j),0.532,nan,0.331736156,2.639608483,0.083683045,0.665861925,0.747742164,0.795611985,0.370474427,2.939640119,0.084013174,0.666627647,0.773228144,0.701326427,0.316038569,2.507702528,0.077210617,0.612650729,0.755692423,0.625244135
532nm/k00/coated_297,TRUE,TRUE,93,None,0.442322,14.5372,10.0248,3,0.00451632,nan,nan,None,(1.55+0j),0.532,nan,0.476207658,3.104331405,0.090181586,0.587881204,0.810625501,0.833367759,0.520474303,3.38713362,0.092387647,0.601238725,0.822493355,0.737771142,0.467596095,3.043013739,0.079711984,0.518748263,0.829528123,0.645143486
532nm/k00/coated_298,TRUE,TRUE,93,None,0.477594,18.29965,12.5331,3,0.00518829,nan,nan,None,(1.55+0j),0.532,nan,0.588767457,3.290734807,0.089276601,0.498984133,0.848366957,0.83153277,0.634753227,3.543213418,0.090453563,0.504914769,0.857498065,0.735466243,0.581206301,3.244312713,0.07788633,0.434764061,0.865991937,0.634789281
532nm/k00/coated_299,TRUE,TRUE,93,None,0.508146,22.04095,15.0273,3,0.00521391,nan,nan,None,(1.55+0j),0.532,nan,0.666201363,3.288492338,0.086993989,0.429418312,0.869417877,0.820513501,0.730174436,3.600474338,0.091041861,0.448925448,0.875314915,0.726287536,0.657598653,3.242604726,0.076086011,0.375178471,0.884297192,0.625923503
532nm/k00/coated_300,TRUE,TRUE,93,0.670181236,0.644468,44.96425,30.3095,3,0.00603295,nan,nan,0.338025108,(1.55+0j),0.532,nan,1.233021525,3.77988042,0.09329453,0.285998386,0.924336658,0.853983903,1.292588388,3.962485197,0.100434439,0.307886085,0.922299751,0.738275026,1.245864334,3.819250603,0.085217886,0.261239087,0.931599386,0.680961852
532nm/k00/coated_301,TRUE,TRUE,93,0.793838602,0.762784,74.554,50.036,3,0.00603295,nan,nan,0.337845316,(1.55+0j),0.532,nan,1.715625147,3.754303448,0.089045282,0.19485784,0.948097472,0.864919893,1.691333893,3.701146885,0.102067021,0.223353319,0.939652944,0.708934249,1.724375385,3.7734516,0.079039372,0.172961901,0.954163477,0.685528719
532nm/k00/coated_302,TRUE,TRUE,123,0.216443302,0.199124,1,1,3,0.027424,nan,nan,0.350653868,(1.55+0j),0.532,nan,0.079100423,2.54004673,0.052443664,1.684053673,0.33699894,0.653701091,0.083615634,2.685037701,0.050390011,1.618107454,0.397361365,0.331646805,0.083615634,2.685037701,0.050390011,1.618107454,0.397361365,0.331646805
532nm/k00/coated_303,TRUE,TRUE,123,None,0.295566,3.27034,2.51356,3,0.0211058,nan,nan,None,(1.55+0j),0.532,nan,0.165932961,2.427128432,0.078461285,1.147665985,0.527150698,0.767460073,0.16883594,2.460741938,0.077708837,1.132587026,0.539737585,0.612280089,0.148947199,2.170868467,0.075710826,1.103466499,0.491693525,0.579806692
532nm/k00/coated_304,TRUE,TRUE,123,None,0.38158,7.037005,5.02467,3,0.0270563,nan,nan,None,(1.55+0j),0.532,nan,0.291028914,2.551581155,0.097424789,0.854166862,0.665240174,0.789777726,0.323397222,2.827972592,0.096929648,0.847608978,0.700276806,0.68752631,0.268683523,2.349524321,0.091893123,0.803566687,0.6579875,0.628858524
532nm/k00/coated_305,TRUE,TRUE,123,None,0.43995,10.78549,7.52366,3,0.0309795,nan,nan,None,(1.55+0j),0.532,nan,0.461601097,3.041786762,0.112065632,0.738472587,0.757224078,0.83477733,0.509928644,3.354384812,0.112978704,0.743190349,0.778442132,0.741720435,0.447716644,2.945145219,0.099089029,0.651822047,0.778679149,0.645083495
532nm/k00/coated_306,TRUE,TRUE,123,None,0.485986,14.5378,10.0252,3,0.0244792,nan,nan,None,(1.55+0j),0.532,nan,0.594030476,3.205665927,0.110454246,0.596062705,0.814059631,0.828520475,0.652236314,3.516151478,0.112341655,0.605624476,0.827759276,0.736832253,0.583990879,3.148246041,0.095479767,0.514723447,0.836504695,0.625408572
532nm/k00/coated_307,TRUE,TRUE,123,None,0.524326,18.2572,12.5048,3,0.0173623,nan,nan,None,(1.55+0j),0.532,nan,0.701208859,3.246501319,0.108338095,0.501590595,0.845498108,0.819132101,0.790786444,3.662406508,0.119750637,0.554606768,0.848567665,0.731641073,0.692897607,3.209049327,0.093372132,0.432438755,0.865243968,0.620516482
532nm/k00/coated_308,TRUE,TRUE,123,None,0.558408,22.0537,15.0358,3,0.0216704,nan,nan,None,(1.55+0j),0.532,nan,0.880616781,3.599523532,0.110858501,0.453134428,0.874112664,0.833971213,0.975407009,3.982838785,0.13267266,0.541736741,0.863982257,0.744295172,0.887654059,3.624520821,0.09526029,0.388972373,0.892683091,0.64927333
532nm/k00/coated_309,TRUE,TRUE,123,0.729697603,0.706046,44.57875,30.0525,3,0.00575192,nan,nan,0.33715919,(1.55+0j),0.532,nan,1.622252614,4.143454816,0.11395134,0.291047292,0.929757339,0.84143279,1.622493376,4.144069756,0.150293838,0.383870996,0.907368597,0.724883742,1.652822675,4.22153493,0.102265862,0.261200983,0.938126538,0.676743224
532nm/k00/coated_310,TRUE,TRUE,123,0.86598672,0.838126,74.56855,50.0457,3,0.0167621,nan,nan,0.336916285,(1.55+0j),0.532,nan,2.050202831,3.716107944,0.114149617,0.206902601,0.944322769,0.81386751,1.95320726,3.540298017,0.163257416,0.295913249,0.916415723,0.670164662,2.083048611,3.775642769,0.093591373,0.169639628,0.95507,0.627068893
532nm/k00/coated_311,TRUE,TRUE,147,0.244206383,0.211342,1,1,3,0.00515669,nan,nan,0.362276459,(1.55+0j),0.532,nan,0.094050691,2.681022652,0.060814151,1.733577028,0.353389638,0.701748582,0.097207761,2.771018543,0.057126602,1.628459199,0.412324684,0.367249858,0.097207761,2.771018543,0.057126602,1.628459199,0.412324684,0.367249858
532nm/k00/coated_312,TRUE,TRUE,147,None,0.3134,3.26092,2.50728,3,0.00558826,nan,nan,None,(1.55+0j),0.532,nan,0.193458509,2.511140941,0.089248112,1.158463319,0.53867053,0.779170952,0.198563997,2.574024295,0.08907078,1.154642108,0.551425326,0.62811561,0.171498885,2.223173898,0.086459819,1.120795702,0.495857835,0.609116093
532nm/k00/coated_313,TRUE,TRUE,147,None,0.404472,7.00981,5.00654,3,0.00929854,nan,nan,None,(1.55+0j),0.532,nan,0.352662715,2.747130999,0.118581916,0.92371562,0.663752613,0.819505161,0.393838163,3.065144761,0.118495627,0.922222082,0.699126092,0.721715764,0.323788869,2.519968476,0.108243562,0.842432804,0.665697086,0.646432444
532nm/k00/coated_314,TRUE,TRUE,147,None,0.466524,10.7563,7.5042,3,0.00753639,nan,nan,None,(1.55+0j),0.532,nan,0.537102016,3.141957467,0.129279885,0.756265824,0.759301062,0.837464708,0.589149059,3.446571762,0.127743391,0.747309628,0.783173054,0.744312351,0.522860706,3.058779298,0.111801486,0.654048137,0.786173479,0.636237232
532nm/k00/coated_315,TRUE,TRUE,147,None,0.515764,14.53435,10.0229,3,0.00898409,nan,nan,None,(1.55+0j),0.532,nan,0.659371759,3.159317196,0.125370926,0.60070289,0.809863065,0.821245149,0.750400709,3.591710327,0.134664125,0.644554998,0.820543713,0.735718361,0.648249886,3.102776669,0.106407804,0.509309232,0.835853725,0.61526287
532nm/k00/coated_316,TRUE,TRUE,147,None,0.556728,18.27985,12.5199,3,0.00755793,nan,nan,None,(1.55+0j),0.532,nan,0.857434451,3.524744524,0.128244957,0.527189817,0.850431765,0.832794411,0.958068001,3.935684942,0.151811372,0.62363186,0.841544263,0.748642524,0.859624888,3.531286638,0.107981377,0.443580916,0.874385469,0.641915214
532nm/k00/coated_317,TRUE,TRUE,147,None,0.592784,22.06645,15.0443,3,0.00920778,nan,nan,None,(1.55+0j),0.532,nan,1.066416113,3.869175661,0.131197917,0.476012864,0.876973054,0.858358077,1.123245418,4.069975815,0.151031381,0.547248231,0.865540176,0.7584022,1.077949958,3.905851906,0.111245091,0.403086291,0.896799392,0.672447732
532nm/k00/coated_318,TRUE,TRUE,171,0.244206383,0.22226,1,1,3,0.0132757,nan,nan,0.351636068,(1.55+0j),0.532,nan,0.109544285,2.823431295,0.069447373,1.789959969,0.366033814,0.739486887,0.109375691,2.819085884,0.063092769,1.626174271,0.42315547,0.39780941,0.109375691,2.819085884,0.063092769,1.626174271,0.42315547,0.39780941
532nm/k00/coated_319,TRUE,TRUE,171,None,0.32931,3.25261,2.50174,3,0.0121074,nan,nan,None,(1.55+0j),0.532,nan,0.219974585,2.583226408,0.100730983,1.182913624,0.542078998,0.789316375,0.227566065,2.671823597,0.100808208,1.183576067,0.55701564,0.645363032,0.193358922,2.27020198,0.097096192,1.139993771,0.497844782,0.630810803
532nm/k00/coated_320,TRUE,TRUE,171,None,0.425364,7.009705,5.00647,3,0.0173101,nan,nan,None,(1.55+0j),0.532,nan,0.414003229,2.914416887,0.139334882,0.980861753,0.663444939,0.84070522,0.460225051,3.238611924,0.136744183,0.962271261,0.702875403,0.741747847,0.384193935,2.7035796,0.124596646,0.876788826,0.675693356,0.658454228
532nm/k00/coated_321,TRUE,TRUE,171,None,0.491076,10.786045,7.52403,3,0.0126671,nan,nan,None,(1.55+0j),0.532,nan,0.581319748,3.075653366,0.141541558,0.748869742,0.756516859,0.830761617,0.657941449,3.473761092,0.143544468,0.757877756,0.781827899,0.741591249,0.569668802,3.007704288,0.121002581,0.638862409,0.78759135,0.622296021
532nm/k00/coated_322,TRUE,TRUE,171,None,0.54266,14.55445,10.0363,3,0.0176079,nan,nan,None,(1.55+0j),0.532,nan,0.757682122,3.283917027,0.142688719,0.618436016,0.811677332,0.82456219,0.874829687,3.782491929,0.16414843,0.709726842,0.812365272,0.74737053,0.754542032,3.262405458,0.118850578,0.513872996,0.842486471,0.624389764
532nm/k00/coated_323,TRUE,TRUE,171,None,0.585766,18.3058,12.5372,3,0.0203538,nan,nan,None,(1.55+0j),0.532,nan,1.017473214,3.781888357,0.147064372,0.546629657,0.855461186,0.853299511,1.084166685,4.023072477,0.170458439,0.632528802,0.842774694,0.761149227,1.030635071,3.824429993,0.122348238,0.454003833,0.881288497,0.66360441
532nm/k00/coated_324,TRUE,TRUE,171,None,0.623348,22.06015,15.0401,3,0.0150402,nan,nan,None,(1.55+0j),0.532,nan,1.121264488,3.678918541,0.145394577,0.47704606,0.870329812,0.857970189,1.192986425,3.909169303,0.165365925,0.54186987,0.861384906,0.756270781,1.137035599,3.725830039,0.124382386,0.407575303,0.890608187,0.663325345
532nm/k00/coated_325,TRUE,TRUE,389,0.331639064,0.291912,1,1,3,0.00655423,nan,nan,0.354732101,(1.55+0j),0.532,nan,0.234758244,3.5077374,0.133568287,1.995765807,0.431038992,0.826761368,0.198108762,2.960124018,0.109297563,1.633114752,0.448295158,0.577032868,0.198108762,2.960124018,0.109297563,1.633114752,0.448295158,0.577032868
532nm/k00/coated_326,TRUE,TRUE,389,None,0.432394,3.25003,2.50002,3,0.00741215,nan,nan,None,(1.55+0j),0.532,nan,0.430418656,2.917153365,0.19856487,1.345769221,0.538670391,0.863592533,0.460868919,3.138543996,0.198751072,1.353506298,0.568747069,0.749373955,0.368555748,2.509885962,0.186600417,1.270759636,0.493698257,0.730587851
532nm/k00/coated_327,TRUE,TRUE,389,None,0.559116,7.0267,5.0178,3,0.00631179,nan,nan,None,(1.55+0j),0.532,nan,0.778456038,3.168166395,0.270998899,1.102913413,0.651876424,0.867182212,0.884261789,3.601530824,0.276190677,1.124903561,0.687659605,0.780908833,0.773160491,3.149023713,0.215123869,0.87618311,0.721760396,0.653086225
532nm/k00/coated_328,TRUE,TRUE,389,None,0.644488,10.761985,7.50799,3,0.00718279,nan,nan,None,(1.55+0j),0.532,nan,1.029251422,3.155508194,0.260291569,0.798009273,0.747105942,0.847695526,1.173085977,3.595922235,0.307835062,0.94362303,0.737585251,0.768880556,1.073439908,3.290471889,0.204439633,0.626679577,0.809547202,0.61888359
532nm/k00/coated_329,TRUE,TRUE,389,0.741276411,0.711922,14.50585,10.0039,3,0.00731222,nan,nan,0.338011344,(1.55+0j),0.532,nan,1.496257035,3.752955429,0.270136688,0.677564701,0.819458367,0.846815886,1.469916723,3.692648944,0.341414785,0.857684605,0.767731886,0.759162646,1.572537732,3.950448148,0.21319957,0.535588959,0.86442324,0.654762898
532nm/k00/coated_330,TRUE,TRUE,389,0.797230826,0.768732,18.26305,12.5087,3,0.00626395,nan,nan,0.337438378,(1.55+0j),0.532,nan,1.573195314,3.38546812,0.269004627,0.578889716,0.829007483,0.858059769,1.557113317,3.354906476,0.341301681,0.735357669,0.780811276,0.733434403,1.655631935,3.567171534,0.223108141,0.480701655,0.86524291,0.657415393
532nm/k00/coated_331,TRUE,TRUE,389,0.84859665,0.818458,22.04125,15.0275,3,0.00566466,nan,nan,0.33732664,(1.55+0j),0.532,nan,1.857482089,3.534950719,0.272833233,0.519225482,0.853116628,0.827441585,1.755374799,3.336469673,0.39835796,0.757165509,0.773063872,0.712492979,1.962608497,3.730362161,0.226942121,0.431352613,0.884367095,0.613536265
532nm/k00/coated_332,TRUE,TRUE,389,0.331639064,0.291912,1,1,3,0.00486777,nan,nan,0.354732101,(1.55+0j),0.532,nan,0.234758244,3.5077374,0.133568287,1.995765807,0.431038992,0.826761368,0.198108762,2.960124018,0.109297563,1.633114752,0.448295158,0.577032868,0.198108762,2.960124018,0.109297563,1.633114752,0.448295158,0.577032868
532nm/k00/coated_333,TRUE,TRUE,389,None,0.432394,3.25003,2.50002,3,0.00659007,nan,nan,None,(1.55+0j),0.532,nan,0.430418656,2.917153365,0.19856487,1.345769221,0.538670391,0.863592533,0.460868919,3.138543996,0.198751072,1.353506298,0.568747069,0.749373955,0.368555748,2.509885962,0.186600417,1.270759636,0.493698257,0.730587851
532nm/k00/coated_334,TRUE,TRUE,389,None,0.559116,7.0267,5.0178,3,0.00590103,nan,nan,None,(1.55+0j),0.532,nan,0.778456038,3.168166395,0.270998899,1.102913413,0.651876424,0.867182212,0.884261789,3.601530824,0.276190677,1.124903561,0.687659605,0.780908833,0.773160491,3.149023713,0.215123869,0.87618311,0.721760396,0.653086225
532nm/k00/coated_335,TRUE,TRUE,389,None,0.644488,10.761985,7.50799,3,0.00583173,nan,nan,None,(1.55+0j),0.532,nan,1.029251422,3.155508194,0.260291569,0.798009273,0.747105942,0.847695526,1.173085977,3.595922235,0.307835062,0.94362303,0.737585251,0.768880556,1.073439908,3.290471889,0.204439633,0.626679577,0.809547202,0.61888359
532nm/k00/coated_336,TRUE,TRUE,847,0.417623785,0.378548,1,1,3,0.00744387,nan,nan,0.347903554,(1.55+0j),0.532,nan,0.447809207,3.978883512,0.239161477,2.125002439,0.465929969,0.891671005,0.331674417,2.947000304,0.177101898,1.573589406,0.466036904,0.667598276,0.331674417,2.947000304,0.177101898,1.573589406,0.466036904,0.667598276
532nm/k00/coated_337,TRUE,TRUE,847,None,0.561238,3.258985,2.50599,3,0.00673704,nan,nan,None,(1.55+0j),0.532,nan,0.704163069,2.839794673,0.35375997,1.42666624,0.497616411,0.909873359,0.772137098,3.121119528,0.352847395,1.426273777,0.543024942,0.796420886,0.651836385,2.634842018,0.32648125,1.319696989,0.499136199,0.772072156
532nm/k00/coated_338,TRUE,TRUE,847,None,0.724546,7.01191,5.00794,3,0.00386805,nan,nan,None,(1.55+0j),0.532,nan,1.300331993,3.147459486,0.470882354,1.139772874,0.637875284,0.88459795,1.309196088,3.175286311,0.497748503,1.207224816,0.619805996,0.787605994,1.459417282,3.53962845,0.350808066,0.850839733,0.759624564,0.665808646
532nm/k00/coated_339,TRUE,TRUE,847,None,0.835866,10.765885,7.51059,3,0.00424917,nan,nan,None,(1.55+0j),0.532,nan,1.940238515,3.537374701,0.469928337,0.856756836,0.757798676,0.852268289,1.640285759,2.989209217,0.602464501,1.097913842,0.632707595,0.75451562,2.092022385,3.812440951,0.358689401,0.653665166,0.828544186,0.637384275
532nm/k00/coated_340,TRUE,TRUE,847,0.944034003,0.923312,14.51065,10.0071,3,0.00681738,nan,nan,0.335690173,(1.55+0j),0.532,nan,2.011744442,3.002942773,0.468842699,0.699844257,0.766947188,0.843195039,1.754073256,2.619756254,0.665903147,0.994544514,0.620367539,0.68948238,2.11342323,3.156455241,0.369965891,0.55255415,0.824944722,0.601207571
532nm/k00/coated_341,TRUE,TRUE,847,None,0.997152,18.2779,12.5186,3,0.00644423,nan,nan,None,(1.55+0j),0.532,nan,2.451050524,3.141108385,0.478434347,0.613130625,0.804804372,0.834849713,1.851456634,2.370832836,0.679068558,0.869562919,0.633224702,0.661061617,2.400963906,3.074489545,0.354928275,0.454493826,0.85217259,0.603034734
532nm/k00/coated_342,TRUE,TRUE,847,None,1.060858,22.0096,15.0064,3,0.00483164,nan,nan,None,(1.55+0j),0.532,nan,2.304145006,2.607002455,0.479377947,0.542387516,0.791949749,0.787316543,1.935794973,2.190054713,0.755389795,0.854607541,0.609777995,0.588412653,2.226200417,2.518603873,0.339768699,0.384396102,0.847377309,0.472829215
532nm/k00/coated_343,TRUE,TRUE,1189,0.468577706,0.423866,1,1,3,0.00496321,nan,nan,0.347494594,(1.55+0j),0.532,nan,0.579146332,4.10432049,0.304958092,2.161190836,0.473435166,0.910379877,0.408076068,2.891971989,0.217639675,1.542378722,0.466668859,0.699650049,0.408076068,2.891971989,0.217639675,1.542378722,0.466668859,0.699650049
532nm/k00/coated_344,TRUE,TRUE,1189,None,0.627964,3.25174,2.50116,3,0.00566209,nan,nan,None,(1.55+0j),0.532,nan,0.841637196,2.717146066,0.446533032,1.441589651,0.469447127,0.924624008,0.926093044,2.990165638,0.448003419,1.446511707,0.516243619,0.809495778,0.813760973,2.627468283,0.394370811,1.273342948,0.515372666,0.766024648
532nm/k00/coated_345,TRUE,TRUE,1189,None,0.811244,7.010785,5.00719,3,0.00378716,nan,nan,None,(1.55+0j),0.532,nan,1.596025644,3.087008212,0.589838468,1.140856478,0.630432963,0.881219904,1.502615914,2.907067443,0.66409604,1.284807353,0.55804006,0.789535306,1.750193437,3.386048497,0.42309397,0.818547637,0.758258738,0.62011411
532nm/k00/coated_346,TRUE,TRUE,1189,None,0.935658,10.750015,7.50001,3,0.00316411,nan,nan,None,(1.55+0j),0.532,nan,2.108926949,3.06716673,0.578102618,0.840776926,0.725878311,0.84976655,1.774202691,2.580352756,0.795110681,1.156387626,0.551849017,0.731331507,2.252729168,3.276308817,0.453266955,0.659219289,0.798792078,0.590968023
532nm/k00/coated_347,TRUE,TRUE,1189,None,1.033942,14.51455,10.0097,3,0.00491901,nan,nan,None,(1.55+0j),0.532,nan,2.361239293,2.810578385,0.602478991,0.717129532,0.744846279,0.853494499,1.885471971,2.245628156,0.842305727,1.003199987,0.553265315,0.66510295,2.326795627,2.771251895,0.440223447,0.524313372,0.810802702,0.591556339
532nm/k00/coated_348,TRUE,TRUE,1189,None,1.116162,18.25975,12.5065,3,0.00324195,nan,nan,None,(1.55+0j),0.532,nan,2.772270986,2.832134816,0.605678932,0.618757834,0.781522465,0.822654748,2.121350716,2.16804418,0.910282972,0.930319388,0.570894636,0.661208849,2.508495077,2.563710052,0.424946532,0.434300113,0.830597024,0.517605225
532nm/k00/coated_349,TRUE,TRUE,1189,None,1.187888,22.0111,15.0074,3,0.00509165,nan,nan,None,(1.55+0j),0.532,nan,2.483238703,2.240781618,0.587902647,0.530501334,0.763251658,0.756197334,2.334961212,2.106875141,0.990413505,0.893666919,0.575832995,0.642972046,2.276452316,2.054081571,0.423041585,0.381717604,0.814166288,0.396425
532nm/k01/coated_1,TRUE,TRUE,14,None,0.0969866,1.022425,1.01495,1.73896,0.0258134,nan,nan,None,(1.55+0.01j),0.532,nan,0.006538364,0.895472383,0.005851798,0.801442501,0.105005898,0.225152494,0.006458006,0.874148298,0.005589664,0.756610454,0.134459844,0.073087257,0.006451358,0.873248407,0.005579988,0.755300781,0.135067668,0.072242225
532nm/k01/coated_2,TRUE,TRUE,14,0.173741447,0.1314136,2.543425,2.02895,1.73896,0.0258134,nan,nan,0.411580682,(1.55+0.01j),0.532,nan,0.011579135,0.719227707,0.008277869,0.514172488,0.285104727,0.260172857,0.009954363,0.733910298,0.007584653,0.559197473,0.238057466,0.133342988,0.010424394,0.768564499,0.007776464,0.573339209,0.25401289,0.103677292
532nm/k01/coated_3,TRUE,TRUE,14,None,0.1844664,7.0348,5.0232,1.73896,0.0258134,nan,nan,None,(1.55+0.01j),0.532,nan,0.021169133,0.789218089,0.010345798,0.385707375,0.5112791,0.358217542,0.020548558,0.768877098,0.009951242,0.372351298,0.515720654,0.267396391,0.022566125,0.844369557,0.011104983,0.415521477,0.507891452,0.218137344
532nm/k01/coated_4,TRUE,TRUE,14,None,0.213002,10.830565,7.55371,1.73896,0.0258134,nan,nan,None,(1.55+0.01j),0.532,nan,0.032799744,0.919579379,0.011978842,0.33584092,0.634788549,0.461126162,0.032072418,0.900066206,0.011489885,0.322447072,0.64175183,0.369190034,0.034239187,0.960873469,0.012929845,0.362857473,0.62236706,0.31586469
532nm/k01/coated_5,TRUE,TRUE,14,None,0.235128,14.5684,10.0456,1.73896,0.0258134,nan,nan,None,(1.55+0.01j),0.532,nan,0.045762295,1.053744526,0.01344886,0.309679885,0.706114834,0.555133538,0.045470251,1.047197918,0.013072732,0.301070204,0.712499233,0.459816805,0.046915985,1.080493749,0.01442812,0.332285336,0.692468988,0.409040611
532nm/k01/coated_6,TRUE,TRUE,14,None,0.253522,18.26215,12.5081,1.73896,0.0258134,nan,nan,None,(1.55+0.01j),0.532,nan,0.060692194,1.198398483,0.014937666,0.294951874,0.753878298,0.634021279,0.061008402,1.20856069,0.014767508,0.292540521,0.757943045,0.532600575,0.061316272,1.214659514,0.015842264,0.31383116,0.741630345,0.489538505
532nm/k01/coated_7,TRUE,TRUE,14,None,0.270054,22.07245,15.0483,1.75046,0.0468954,nan,nan,None,(1.55+0.01j),0.532,nan,0.077261071,1.349088307,0.016390388,0.286199515,0.787857093,0.691734103,0.079771138,1.392690699,0.016547717,0.288899624,0.792560096,0.58421258,0.07896215,1.378566929,0.017303574,0.30209581,0.780862428,0.551612234
532nm/k01/coated_8,TRUE,TRUE,14,0.376183744,0.343774,45.5323,30.6882,1.75046,0.0468954,nan,nan,0.347294102,(1.55+0.01j),0.532,nan,0.205413918,2.213063781,0.022824755,0.245906598,0.888884089,0.760231878,0.209195253,2.253802669,0.021549445,0.232166822,0.896988843,0.615165625,0.208841685,2.249993437,0.023305927,0.251090599,0.888403853,0.609844582
532nm/k01/coated_9,TRUE,TRUE,14,0.440423605,0.406684,75.3826,50.5884,1.75046,0.0468954,nan,nan,0.344788721,(1.55+0.01j),0.532,nan,0.359609517,2.767273001,0.030091106,0.231557571,0.916322831,0.804839204,0.363297844,2.796782971,0.028938784,0.22278001,0.920344191,0.679947881,0.35566847,2.738049609,0.031418836,0.241872248,0.911662576,0.666942851
532nm/k01/coated_10,TRUE,TRUE,26,None,0.1194184,1.02265,1.0151,1.7198,0.0163658,nan,nan,None,(1.55+0.01j),0.532,nan,0.012638416,1.145757637,0.010960437,0.993637521,0.132768145,0.409616771,0.01418934,1.266863447,0.011253036,1.004702127,0.206937315,0.112724053,0.014196839,1.267532992,0.011246099,1.004082763,0.207844869,0.111349061
532nm/k01/coated_11,TRUE,TRUE,26,None,0.1758732,3.26671,2.51114,1.7198,0.0163658,nan,nan,None,(1.55+0.01j),0.532,nan,0.023731469,0.972076764,0.015746084,0.644983352,0.336489281,0.452676338,0.026338949,1.08419956,0.016221659,0.667737933,0.384118978,0.254218362,0.0286789,1.180519794,0.017324776,0.713145924,0.395905153,0.192345116
532nm/k01/coated_12,TRUE,TRUE,26,None,0.227436,7.064635,5.04309,1.72263,0.0188729,nan,nan,None,(1.55+0.01j),0.532,nan,0.044901887,1.109567203,0.019717072,0.48722711,0.560885444,0.560104157,0.049860322,1.227288838,0.020801954,0.512030505,0.582795436,0.44230855,0.051875657,1.276895367,0.022502032,0.553877129,0.566231389,0.362795564
532nm/k01/coated_13,TRUE,TRUE,26,None,0.262106,10.813,7.542,1.72263,0.0188729,nan,nan,None,(1.55+0.01j),0.532,nan,0.071925561,1.337413149,0.023180452,0.431026769,0.677716068,0.650804496,0.080293662,1.488118305,0.025258866,0.468133853,0.685418927,0.568495294,0.078851801,1.461395657,0.026535379,0.491792031,0.663477835,0.509796238
532nm/k01/coated_14,TRUE,TRUE,26,None,0.28969,14.59855,10.0657,1.72263,0.0188729,nan,nan,None,(1.55+0.01j),0.532,nan,0.104109202,1.586131197,0.026486703,0.403531924,0.745587297,0.713818845,0.118169736,1.792872381,0.028933579,0.438980535,0.75515238,0.618823072,0.114367947,1.735191606,0.030141525,0.457307504,0.736451293,0.586973983
532nm/k01/coated_15,TRUE,TRUE,26,None,0.312862,18.38965,12.5931,1.72263,0.0188729,nan,nan,None,(1.55+0.01j),0.532,nan,0.140378312,1.828469461,0.029489255,0.384106353,0.789930124,0.752912223,0.157770023,2.052243898,0.030819106,0.40088935,0.804658038,0.624046893,0.153925519,2.002235287,0.032624916,0.424379001,0.788047387,0.606710064
532nm/k01/coated_16,TRUE,TRUE,26,None,0.332836,22.1413,15.0942,1.74089,0.0213776,nan,nan,None,(1.55+0.01j),0.532,nan,0.176700418,2.038996227,0.031972385,0.368938419,0.819058802,0.773689588,0.193577771,2.224871917,0.031474839,0.361753757,0.837404682,0.619920781,0.189858514,2.182124916,0.034029358,0.391113929,0.820764647,0.606921211
532nm/k01/coated_17,TRUE,TRUE,34,None,0.1306188,1.02337,1.01558,1.67058,0.0195732,nan,nan,None,(1.55+0.01j),0.532,nan,0.018052594,1.304694788,0.01542616,1.114877518,0.145487873,0.499398859,0.019967403,1.49011682,0.015121933,1.128511674,0.242668992,0.13669915,0.01999126,1.49189721,0.015118452,1.128251895,0.243746897,0.134954416
532nm/k01/coated_18,TRUE,TRUE,34,None,0.248514,7.04806,5.03204,1.67058,0.0195732,nan,nan,None,(1.55+0.01j),0.532,nan,0.063630717,1.307967455,0.026458701,0.543874423,0.58418352,0.604530684,0.072608641,1.496913512,0.02891585,0.596134651,0.601757452,0.529351368,0.072113453,1.486704619,0.030287521,0.624413283,0.580001788,0.449165222
532nm/k01/coated_19,TRUE,TRUE,34,None,0.28682,10.835365,7.55691,1.65964,0.0250035,nan,nan,None,(1.55+0.01j),0.532,nan,0.10235449,1.584289317,0.030921541,0.478617673,0.697897557,0.686061454,0.119227856,1.845308532,0.034706307,0.537155039,0.708907736,0.616427246,0.113967902,1.763899394,0.036129332,0.559179437,0.682986774,0.576793371
532nm/k01/coated_20,TRUE,TRUE,34,None,0.316864,14.6095,10.073,1.65964,0.0250035,nan,nan,None,(1.55+0.01j),0.532,nan,0.144253157,1.838405921,0.034713924,0.442404765,0.759354145,0.741276865,0.168647113,2.138667302,0.037198339,0.471723889,0.779430915,0.62415604,0.162437215,2.059917618,0.039662265,0.502969702,0.755830186,0.604875221
532nm/k01/coated_21,TRUE,TRUE,34,None,0.341552,18.2974,12.5316,1.65964,0.0250035,nan,nan,None,(1.55+0.01j),0.532,nan,0.192083204,2.093660303,0.03836365,0.41815447,0.800275876,0.777695843,0.212008986,2.313932693,0.037955517,0.41425844,0.82097213,0.622444712,0.204732542,2.234515293,0.041224507,0.449937221,0.798642138,0.605244639
532nm/k01/coated_22,TRUE,TRUE,34,None,0.36374,22.09975,15.0665,1.6666,0.0254017,nan,nan,None,(1.55+0.01j),0.532,nan,0.241134909,2.324546387,0.041606135,0.401084151,0.827457024,0.797063658,0.254285058,2.44708376,0.039368369,0.378857086,0.845180173,0.632926948,0.243468179,2.342988735,0.042647878,0.410417079,0.824831817,0.610242174
532nm/k01/coated_23,TRUE,TRUE,48,None,0.1465568,1.023205,1.01547,1.68332,0.0203877,nan,nan,None,(1.55+0.01j),0.532,nan,0.023313237,1.404131513,0.019843588,1.195158223,0.148827434,0.609674671,0.030729485,1.821601815,0.021827006,1.293875051,0.289704786,0.176015436,0.030782938,1.824770449,0.021826636,1.293853148,0.290950186,0.173768226
532nm/k01/coated_24,TRUE,TRUE,48,None,0.215698,3.262045,2.50803,1.67757,0.0118777,nan,nan,None,(1.55+0.01j),0.532,nan,0.045509793,1.241959615,0.028703681,0.783321793,0.369285616,0.633168731,0.05833737,1.59648459,0.032047906,0.877036232,0.450645351,0.413997484,0.060361215,1.651869955,0.032956458,0.901900038,0.454012687,0.320243737
532nm/k01/coated_25,TRUE,TRUE,48,None,0.278264,7.00354,5.00236,1.67757,0.0118777,nan,nan,None,(1.55+0.01j),0.532,nan,0.09382075,1.539470995,0.036903897,0.605542793,0.606655277,0.693580202,0.116161925,1.91011656,0.042960039,0.706416349,0.630171078,0.605640275,0.109353504,1.798161835,0.044143067,0.725869545,0.59632691,0.551170627
532nm/k01/coated_26,TRUE,TRUE,48,None,0.321782,10.8301,7.5534,1.67757,0.0118777,nan,nan,None,(1.55+0.01j),0.532,nan,0.155061682,1.903873676,0.043559707,0.534833478,0.719081426,0.749237382,0.182718886,2.246829225,0.047208095,0.580501172,0.741635383,0.625388988,0.171674311,2.111018005,0.05030899,0.618631782,0.706950968,0.604307096
532nm/k01/coated_27,TRUE,TRUE,48,None,0.354918,14.5321,10.0214,1.69188,0.0229039,nan,nan,None,(1.55+0.01j),0.532,nan,0.220261094,2.222132532,0.049297867,0.497347904,0.77618441,0.789592711,0.241212878,2.438117088,0.049018106,0.495462279,0.796784871,0.63304967,0.225542057,2.279720495,0.052313246,0.528768695,0.768055471,0.606214541
532nm/k01/coated_28,TRUE,TRUE,48,None,0.383096,18.27565,12.5171,1.69188,0.0229039,nan,nan,None,(1.55+0.01j),0.532,nan,0.285410753,2.478307986,0.053945701,0.468426851,0.81098925,0.812440099,0.30413739,2.638546173,0.053530026,0.464400139,0.823993931,0.661815697,0.27982754,2.427645892,0.054846329,0.475819731,0.803999532,0.620098476
532nm/k01/coated_29,TRUE,TRUE,48,None,0.408188,22.10695,15.0713,1.69124,0.0212853,nan,nan,None,(1.55+0.01j),0.532,nan,0.352683166,2.701261056,0.058352992,0.446935608,0.83454557,0.828209197,0.381857846,2.918040871,0.060579615,0.462930887,0.841355585,0.698711504,0.34922754,2.668690055,0.058955269,0.450518139,0.831183791,0.645355897
532nm/k01/coated_30,TRUE,TRUE,58,None,0.1559954,1.02262,1.01508,1.73973,0.0203485,nan,nan,None,(1.55+0.01j),0.532,nan,0.028242515,1.500518232,0.02385285,1.267296366,0.155427546,0.639266698,0.038495501,2.014171787,0.026388411,1.380701434,0.314506616,0.202055016,0.038563484,2.017728799,0.026385142,1.380530388,0.315799829,0.199554667
532nm/k01/coated_31,TRUE,TRUE,58,None,0.230658,3.305875,2.53725,1.73159,0.0177228,nan,nan,None,(1.55+0.01j),0.532,nan,0.056114387,1.342515386,0.034682389,0.829762974,0.381934105,0.664969179,0.074516567,1.783306176,0.039586255,0.947365334,0.468759012,0.47526761,0.074619733,1.785775098,0.039903716,0.95496271,0.465239093,0.378933263
532nm/k01/coated_32,TRUE,TRUE,58,None,0.296382,7.013515,5.00901,1.73159,0.0177228,nan,nan,None,(1.55+0.01j),0.532,nan,0.114144561,1.646471391,0.044348356,0.63970021,0.611472016,0.728035422,0.146950407,2.129988522,0.051384474,0.744797801,0.650327787,0.621338688,0.135626864,1.965858201,0.053142903,0.770285539,0.608168311,0.586311176
532nm/k01/coated_33,TRUE,TRUE,58,None,0.34248,10.82146,7.54764,1.73883,0.021161,nan,nan,None,(1.55+0.01j),0.532,nan,0.183106915,1.996405015,0.051958001,0.56649534,0.716242278,0.776629226,0.221291317,2.402171788,0.054689981,0.593673221,0.752859798,0.630666705,0.203969086,2.214134708,0.058044061,0.630082589,0.715427166,0.606392432
532nm/k01/coated_34,TRUE,TRUE,58,0.495521644,0.378166,14.56885,10.0459,1.73265,0.0164881,nan,nan,0.373437694,(1.55+0.01j),0.532,nan,0.262131227,2.329955355,0.058863592,0.523209473,0.775442275,0.809715543,0.29502118,2.626626702,0.059861458,0.532957342,0.797094372,0.66021799,0.267208153,2.379002307,0.060792805,0.541249289,0.77248896,0.615728594
532nm/k01/coated_35,TRUE,TRUE,58,0.52394838,0.40803,18.30025,12.5335,1.73265,0.0164881,nan,nan,0.369222338,(1.55+0.01j),0.532,nan,0.338169864,2.587866502,0.064507261,0.493645936,0.809245981,0.829675166,0.384501384,2.940517955,0.068670241,0.525163461,0.821404437,0.70254633,0.346043705,2.646408494,0.065427124,0.500361354,0.810928149,0.641587864
532nm/k01/coated_36,TRUE,TRUE,58,0.552279071,0.433994,22.0207,15.0138,1.72856,0.0186998,nan,nan,0.367031247,(1.55+0.01j),0.532,nan,0.418790586,2.828130107,0.069870672,0.471842867,0.833160834,0.843245966,0.483385119,3.2676531,0.075958213,0.513472759,0.842861913,0.73046439,0.444013972,3.001506613,0.070364042,0.475656512,0.841527415,0.662578279
532nm/k01/coated_37,TRUE,TRUE,65,None,0.1619726,1.02214,1.01476,1.68299,0.020596,nan,nan,None,(1.55+0.01j),0.532,nan,0.032475705,1.597905095,0.02709887,1.333348165,0.165564858,0.599271608,0.043899938,2.130545997,0.029462571,1.429873602,0.328869874,0.21944768,0.04397332,2.134107386,0.029454513,1.429482545,0.330173095,0.216812386
532nm/k01/coated_38,TRUE,TRUE,65,0.347405571,0.219694,2.550625,2.03375,1.67443,0.0201115,nan,nan,0.423010646,(1.55+0.01j),0.532,nan,0.064466655,1.442958758,0.039161172,0.8765455,0.392535999,0.626536569,0.071220717,1.878797918,0.040600606,1.071041353,0.429932649,0.435530226,0.072037866,1.900354238,0.040571883,1.070283659,0.436797815,0.345273487
532nm/k01/coated_39,TRUE,TRUE,65,0.43046593,0.307734,7.00987,5.00658,1.6922,0.0161604,nan,nan,0.388165653,(1.55+0.01j),0.532,nan,0.130261097,1.745472636,0.049447797,0.66259058,0.620394748,0.706470219,0.166825769,2.242963939,0.056428533,0.758678742,0.661751699,0.625006831,0.152352418,2.048370468,0.058647908,0.788518128,0.615051017,0.598728438
532nm/k01/coated_40,TRUE,TRUE,65,0.47289858,0.355646,10.82029,7.54686,1.6922,0.0161604,nan,nan,0.376802096,(1.55+0.01j),0.532,nan,0.210090472,2.123994692,0.0580471,0.58685066,0.723704272,0.776110577,0.247833129,2.494787859,0.060502418,0.609041645,0.755874375,0.640503967,0.224538964,2.26029943,0.063074065,0.634928884,0.719095233,0.608758419
532nm/k01/coated_41,TRUE,TRUE,65,0.509384151,0.393138,14.61565,10.0771,1.66919,0.0266253,nan,nan,0.371117414,(1.55+0.01j),0.532,nan,0.301415726,2.496013322,0.066201428,0.548211765,0.780365048,0.818119233,0.338264908,2.786615299,0.069147704,0.569636535,0.795581207,0.684093086,0.300953943,2.479248777,0.067190552,0.553513583,0.776741411,0.62655723
532nm/k01/coated_42,TRUE,TRUE,65,0.537791951,0.42402,18.33775,12.5585,1.66919,0.0266253,nan,nan,0.366892715,(1.55+0.01j),0.532,nan,0.397059422,2.819403584,0.073263816,0.520225073,0.815483999,0.840830472,0.445546575,3.155226532,0.079151958,0.560530303,0.822348634,0.724018403,0.401829558,2.845635796,0.072951019,0.516617126,0.81845283,0.653675227
532nm/k01/coated_43,TRUE,TRUE,65,0.563217211,0.451472,22.135,15.09,1.67745,0.0284888,nan,nan,0.363749369,(1.55+0.01j),0.532,nan,0.492650045,3.078485281,0.079308962,0.495588045,0.83901562,0.852002145,0.548628345,3.427099538,0.083837351,0.523704158,0.847187351,0.73888114,0.508995437,3.179525892,0.076872563,0.48019744,0.848971999,0.662726372
532nm/k01/coated_44,TRUE,TRUE,79,None,0.1729106,1.02265,1.0151,1.82795,0.0207566,nan,nan,None,(1.55+0.01j),0.532,nan,0.03946769,1.707482288,0.032509097,1.406434131,0.176311145,0.686263099,0.054565737,2.323736641,0.035341368,1.505047628,0.352315748,0.25266401,0.054642593,2.327009639,0.035316285,1.503979447,0.353685768,0.249649654
532nm/k01/coated_45,TRUE,TRUE,79,0.386925478,0.233896,2.5312,2.0208,1.82795,0.0207566,nan,nan,0.428342084,(1.55+0.01j),0.532,nan,0.080912935,1.58217759,0.0476038,0.93084827,0.41166638,0.713237855,0.088812129,2.066982555,0.049313062,1.147695028,0.444748566,0.48805856,0.087163553,2.028614155,0.04839416,1.126308832,0.444789031,0.40032639
532nm/k01/coated_46,TRUE,TRUE,79,0.464522334,0.328652,7.022095,5.01473,1.83346,0.0229682,nan,nan,0.388095993,(1.55+0.01j),0.532,nan,0.16656845,1.952029131,0.061185164,0.717033878,0.632672553,0.776748337,0.2041205,2.406158224,0.06572867,0.77480498,0.677990844,0.631324433,0.182471149,2.150957191,0.068220196,0.804174916,0.626131604,0.610697218
532nm/k01/coated_47,TRUE,TRUE,79,0.504891364,0.379952,10.850395,7.56693,1.8267,0.0211994,nan,nan,0.375429803,(1.55+0.01j),0.532,nan,0.266426721,2.355795464,0.072109944,0.637609764,0.729344176,0.818490034,0.306393264,2.702289431,0.07487807,0.66040034,0.755614505,0.672036731,0.268182716,2.36528476,0.073604889,0.649171297,0.725542012,0.619382107
532nm/k01/coated_48,TRUE,TRUE,79,0.53954226,0.419424,14.59555,10.0637,1.83558,0.0202085,nan,nan,0.369055101,(1.55+0.01j),0.532,nan,0.373318429,2.711337782,0.081063127,0.588745434,0.782857954,0.837251693,0.430822516,3.118185559,0.08837184,0.639613261,0.79487646,0.723341348,0.380839851,2.756423537,0.080705622,0.584127093,0.788085145,0.647539888
532nm/k01/coated_49,TRUE,TRUE,79,0.569321805,0.451876,18.2524,12.5016,1.84111,0.0197935,nan,nan,0.365097316,(1.55+0.01j),0.532,nan,0.480442708,2.990479288,0.088197148,0.548976476,0.816425254,0.846895889,0.54831968,3.419049598,0.094455608,0.588978331,0.827736243,0.741062197,0.503805342,3.141480259,0.085361852,0.532274177,0.830565805,0.657251827
532nm/k01/coated_50,TRUE,TRUE,79,0.594451307,0.4813,22.05505,15.0367,1.84111,0.0197935,nan,nan,0.361626611,(1.55+0.01j),0.532,nan,0.583587888,3.203478323,0.09448951,0.518679542,0.838088637,0.855416026,0.639770845,3.516436996,0.095428711,0.524514444,0.850839232,0.737269686,0.590381136,3.244971359,0.086148345,0.473505835,0.854080119,0.648193838
532nm/k01/coated_51,TRUE,TRUE,86,None,0.1778986,1.02322,1.01548,1.9611,0.0267268,nan,nan,None,(1.55+0.01j),0.532,nan,0.042791528,1.74846305,0.034936447,1.427504207,0.183566272,0.73141707,0.059702103,2.401898711,0.038098738,1.53276524,0.361852674,0.268189332,0.059775374,2.404846482,0.038061478,1.531266249,0.363258212,0.264972255
532nm/k01/coated_52,TRUE,TRUE,86,0.414500837,0.240566,2.53018,2.02012,1.97093,0.0233879,nan,nan,0.434419478,(1.55+0.01j),0.532,nan,0.088955203,1.635864559,0.051044201,0.938690447,0.426180828,0.754130118,0.09753928,2.145957761,0.053473746,1.176473718,0.451772193,0.509347613,0.09440793,2.077065069,0.052121886,1.146731505,0.447907761,0.425282456
532nm/k01/coated_53,TRUE,TRUE,86,0.487455882,0.338958,7.07767,5.05178,1.96707,0.0227407,nan,nan,0.390005324,(1.55+0.01j),0.532,nan,0.190289289,2.108090228,0.066494609,0.736650161,0.650560421,0.79522036,0.223310226,2.47472504,0.070564534,0.781996516,0.684006707,0.637243564,0.197291778,2.186388469,0.072652499,0.805135363,0.631751002,0.614297209
532nm/k01/coated_54,TRUE,TRUE,86,0.527603843,0.389642,10.75105,7.5007,1.95426,0.0282954,nan,nan,0.377719812,(1.55+0.01j),0.532,nan,0.305718762,2.557802163,0.078618929,0.657766848,0.742839045,0.82521125,0.334716898,2.8070893,0.082648781,0.693130555,0.753078552,0.687930908,0.289467447,2.427606666,0.079046543,0.662920538,0.726924239,0.626248553
532nm/k01/coated_55,TRUE,TRUE,86,0.560872553,0.430822,14.53255,10.0217,1.96069,0.0165948,nan,nan,0.370329429,(1.55+0.01j),0.532,nan,0.420840377,2.884194959,0.088344549,0.605462112,0.790075872,0.843522534,0.473364287,3.247206168,0.096444857,0.661596881,0.796256583,0.734516033,0.422012006,2.89493742,0.087059655,0.597215836,0.793703369,0.653086157
532nm/k01/coated_56,TRUE,TRUE,86,0.589456896,0.46506,18.28,12.52,1.96069,0.0165948,nan,nan,0.365539807,(1.55+0.01j),0.532,nan,0.534248366,3.138435419,0.097052187,0.57013187,0.818338824,0.855768233,0.589633004,3.471154377,0.099962145,0.588474584,0.830467182,0.741621376,0.54281248,3.195523152,0.089984777,0.529738073,0.83422493,0.651824518
532nm/k01/coated_57,TRUE,TRUE,86,0.616771475,0.495344,22.0888,15.0592,1.96638,0.00962111,nan,nan,0.362375941,(1.55+0.01j),0.532,nan,0.645929998,3.351151705,0.105426487,0.546963531,0.836783417,0.865848731,0.680313845,3.530251241,0.102038993,0.529495738,0.850011882,0.734349149,0.621305976,3.224050501,0.090566181,0.469961583,0.854232562,0.641682173
532nm/k01/coated_58,TRUE,TRUE,93,None,0.1825366,1.022425,1.01495,1.9665,0.0199324,nan,nan,None,(1.55+0.01j),0.532,nan,0.05063684,1.873114579,0.040459412,1.496639876,0.200988614,0.733275692,0.064646007,2.470312575,0.040712735,1.555752425,0.370220416,0.282621671,0.064707729,2.472671151,0.040664131,1.5538951,0.371572277,0.279411638
532nm/k01/coated_59,TRUE,TRUE,93,0.41761159,0.246468,2.516905,2.01127,1.9604,0.0109696,nan,nan,0.429999512,(1.55+0.01j),0.532,nan,0.097632972,1.718248701,0.05489646,0.966126198,0.437726217,0.752928839,0.105709788,2.215665717,0.057341146,1.201864207,0.457560679,0.525955078,0.101092112,2.118879728,0.055590948,1.165180262,0.450096083,0.446591956
532nm/k01/coated_60,TRUE,TRUE,93,0.501521065,0.347816,7.073425,5.04895,1.96005,0.0160797,nan,nan,0.389737531,(1.55+0.01j),0.532,nan,0.204959332,2.155579795,0.071379297,0.750703899,0.651739221,0.802579345,0.241015014,2.536618193,0.075609098,0.795765423,0.686288845,0.644782136,0.210428035,2.214698466,0.076910452,0.809461823,0.634504726,0.617574917
532nm/k01/coated_61,TRUE,TRUE,93,0.545854515,0.400132,10.76935,7.5129,1.95934,0.014554,nan,nan,0.378284766,(1.55+0.01j),0.532,nan,0.326296047,2.582977111,0.084470387,0.668672139,0.741123475,0.83446189,0.368136327,2.92760327,0.09111107,0.724560572,0.752507254,0.704659046,0.316187276,2.514478563,0.084961318,0.675654679,0.731294317,0.634437214
532nm/k01/coated_62,TRUE,TRUE,93,0.580983795,0.442262,14.542,10.028,1.9556,0.00955962,nan,nan,0.371177387,(1.55+0.01j),0.532,nan,0.448236994,2.913918655,0.094975836,0.617423069,0.788112455,0.851500519,0.514047146,3.346214834,0.103275731,0.672278383,0.799092881,0.741128551,0.463219336,3.015348734,0.092846319,0.604387618,0.799562946,0.654679693
532nm/k01/coated_63,TRUE,TRUE,93,0.613824784,0.477326,18.2821,12.5214,1.95224,0.0166688,nan,nan,0.367147686,(1.55+0.01j),0.532,nan,0.567324156,3.164727833,0.104189053,0.58120211,0.816350049,0.863251897,0.624848201,3.491841002,0.105237659,0.588099911,0.83157884,0.739989121,0.572414438,3.198825253,0.094018713,0.525405045,0.835750626,0.645196093
532nm/k01/coated_64,TRUE,TRUE,93,0.643285984,0.508638,22.12135,15.0809,1.94677,0.0116756,nan,nan,0.364119285,(1.55+0.01j),0.532,nan,0.682191322,3.360986227,0.112693797,0.555214186,0.83480617,0.871335172,0.723208052,3.559227641,0.110318931,0.542928397,0.847458929,0.732871661,0.653520462,3.216264097,0.095624778,0.470611954,0.853677453,0.638498248
532nm/k01/coated_65,TRUE,TRUE,101,None,0.1875528,1.021495,1.01433,1.71489,0.0164063,nan,nan,None,(1.55+0.01j),0.532,nan,0.050652626,1.857719238,0.041419769,1.519097983,0.18227795,0.701351044,0.070100932,2.53738757,0.043555963,1.576560467,0.378667853,0.29818753,0.07014623,2.539027177,0.043494302,1.574328598,0.379948111,0.295021986
532nm/k01/coated_66,TRUE,TRUE,101,0.415793561,0.253426,2.5201,2.0134,1.71075,0.0155426,nan,nan,0.422727595,(1.55+0.01j),0.532,nan,0.103179177,1.719146865,0.060313366,1.004926933,0.415450213,0.72641796,0.115280593,2.285409268,0.061677458,1.222740367,0.464979694,0.543167838,0.108787821,2.156691663,0.059516257,1.179895085,0.452914339,0.47019343
532nm/k01/coated_67,TRUE,TRUE,101,0.514978703,0.35707,7.04893,5.03262,1.71447,0.0171151,nan,nan,0.389094707,(1.55+0.01j),0.532,nan,0.212588447,2.124108062,0.077214746,0.771502248,0.636787665,0.783099481,0.261021631,2.606633008,0.081760026,0.816477861,0.686769154,0.655108378,0.224914847,2.246060844,0.081791014,0.816787311,0.636346756,0.621641859
532nm/k01/coated_68,TRUE,TRUE,101,0.563984181,0.411006,10.750045,7.50003,1.71151,0.0127519,nan,nan,0.378605906,(1.55+0.01j),0.532,nan,0.344845797,2.584709878,0.090920424,0.681472477,0.736344693,0.822750464,0.405355308,3.055270445,0.100354634,0.756399489,0.752427976,0.720286294,0.348052928,2.623367213,0.091822709,0.692092108,0.736181765,0.642952022
532nm/k01/coated_69,TRUE,TRUE,101,0.606688251,0.455184,14.6023,10.0682,1.71856,0.0144135,nan,nan,0.37271578,(1.55+0.01j),0.532,nan,0.480400548,2.964937398,0.10254536,0.632889728,0.786541959,0.849487677,0.556012477,3.416808825,0.109696551,0.674107431,0.802708473,0.744024649,0.505083186,3.103838057,0.098436723,0.604913521,0.805107899,0.651935011
532nm/k01/coated_70,TRUE,TRUE,101,0.639743224,0.490442,18.2653,12.5102,1.69795,0.0138049,nan,nan,0.368677111,(1.55+0.01j),0.532,nan,0.617192611,3.26563632,0.112552316,0.595527108,0.817638264,0.864117924,0.662091554,3.504716207,0.111978667,0.592748008,0.830871325,0.73759741,0.60032178,3.177744013,0.098559924,0.521717216,0.835821509,0.638593994
532nm/k01/coated_71,TRUE,TRUE,101,0.666593276,0.521898,22.01005,15.0067,1.71059,0.0114443,nan,nan,0.365089751,(1.55+0.01j),0.532,nan,0.749787155,3.498793131,0.12120081,0.565569252,0.838353046,0.873698242,0.774168351,3.618880699,0.121503574,0.567973281,0.843052776,0.734268688,0.693594228,3.242233763,0.102271853,0.478073839,0.852548004,0.639338577
532nm/k01/coated_72,TRUE,TRUE,126,None,0.201998,1.02238,1.01492,1.74221,0.0145564,nan,nan,None,(1.55+0.01j),0.532,nan,0.063268221,2.002978985,0.05134083,1.625375304,0.18852104,0.754356386,0.08604465,2.684972547,0.051665606,1.612194772,0.39954888,0.342332147,0.086024043,2.68432954,0.051548302,1.608534373,0.400768665,0.33891108
532nm/k01/coated_73,TRUE,TRUE,126,0.460718748,0.27324,2.530525,2.02035,1.74025,0.0148713,nan,nan,0.423964802,(1.55+0.01j),0.532,nan,0.131115347,1.878094002,0.074335746,1.064783967,0.43305076,0.767538358,0.143556431,2.448184919,0.073894856,1.260189253,0.485255691,0.579509601,0.131090599,2.235594923,0.070786092,1.207172976,0.460021597,0.52831023
532nm/k01/coated_74,TRUE,TRUE,126,0.550029001,0.384902,7.073335,5.04889,1.74082,0.0137952,nan,nan,0.38589002,(1.55+0.01j),0.532,nan,0.274880351,2.377100701,0.095120832,0.82258261,0.653955506,0.807667394,0.332320156,2.856054342,0.104329598,0.896638364,0.686056966,0.69565704,0.277119785,2.381646588,0.098679403,0.848078977,0.643910654,0.638718871
532nm/k01/coated_75,TRUE,TRUE,126,0.602440359,0.44381,10.84342,7.56228,1.73759,0.0108181,nan,nan,0.375661744,(1.55+0.01j),0.532,nan,0.438595381,2.847712749,0.111636217,0.724831797,0.745468781,0.842236982,0.516530513,3.338965509,0.123752221,0.799961254,0.760416437,0.745624997,0.456845753,2.953150252,0.111900602,0.723349813,0.755058242,0.654192115
532nm/k01/coated_76,TRUE,TRUE,126,0.641091183,0.489272,14.52865,10.0191,1.73882,0.0199196,nan,nan,0.36930896,(1.55+0.01j),0.532,nan,0.606640071,3.215672468,0.12655384,0.670835507,0.791385624,0.868825761,0.653437633,3.475469935,0.12828237,0.682301568,0.803680774,0.740956894,0.583672747,3.104408106,0.111849263,0.594898013,0.808369907,0.634993549
532nm/k01/coated_77,TRUE,TRUE,126,0.678605392,0.528184,18.27805,12.5187,1.73961,0.0165043,nan,nan,0.365702868,(1.55+0.01j),0.532,nan,0.768233981,3.500522573,0.139777111,0.636906128,0.818053986,0.883025153,0.799089716,3.646995081,0.1432082,0.653593195,0.820785831,0.740388574,0.704205893,3.213951296,0.116678088,0.532511438,0.834312537,0.636677931
532nm/k01/coated_78,TRUE,TRUE,126,0.710834993,0.561862,22.00195,15.0013,1.73782,0.013247,nan,nan,0.363001579,(1.55+0.01j),0.532,nan,0.919203212,3.702909169,0.151026984,0.608395614,0.835697938,0.888793809,0.975102962,3.932794672,0.161126523,0.649857048,0.834759477,0.754452513,0.898167656,3.622498453,0.129107038,0.52071575,0.85625508,0.668544966
532nm/k01/coated_79,TRUE,TRUE,137,None,0.20764,1.02145,1.0143,1.77409,0.0146763,nan,nan,None,(1.55+0.01j),0.532,nan,0.068131111,2.040107215,0.055659703,1.666665342,0.183050121,0.780408613,0.092380106,2.728139267,0.054816947,1.61883627,0.406615238,0.358860959,0.09232553,2.726527519,0.054682296,1.614859778,0.407722912,0.355584185
532nm/k01/coated_80,TRUE,TRUE,137,0.489812747,0.28121,2.53729,2.02486,1.7724,0.00964553,nan,nan,0.42818089,(1.55+0.01j),0.532,nan,0.138330617,1.884901668,0.079913914,1.08891201,0.42229771,0.793062844,0.155278101,2.50010822,0.078784454,1.268496066,0.492623537,0.590530773,0.14024476,2.258058772,0.07537991,1.213680054,0.462511752,0.548029146
532nm/k01/coated_81,TRUE,TRUE,137,0.588616048,0.394734,7.017715,5.01181,1.77537,0.0131475,nan,nan,0.391510692,(1.55+0.01j),0.532,nan,0.290784933,2.376939829,0.101424503,0.829066139,0.651204406,0.826669974,0.361789553,2.956358313,0.114165278,0.932899982,0.684442857,0.710839107,0.299870895,2.450390858,0.106413279,0.869554636,0.645136353,0.64696975
532nm/k01/coated_82,TRUE,TRUE,137,0.639142886,0.455418,10.777345,7.51823,1.76741,0.0159986,nan,nan,0.379778716,(1.55+0.01j),0.532,nan,0.47473478,2.907674444,0.120466314,0.737836869,0.746245021,0.859068698,0.551001957,3.382539498,0.131065676,0.804597551,0.762132105,0.747558411,0.489978113,3.007920933,0.118417351,0.726950894,0.758321143,0.651258194
532nm/k01/coated_83,TRUE,TRUE,137,0.676239056,0.5034,14.55535,10.0369,1.77805,0.0116346,nan,nan,0.372183074,(1.55+0.01j),0.532,nan,0.65226113,3.280265851,0.136074402,0.68432748,0.791380482,0.878172147,0.697468279,3.504355501,0.138943207,0.698105427,0.80078921,0.740249206,0.613489809,3.082414571,0.117835588,0.592052432,0.807925761,0.63025677
532nm/k01/coated_84,TRUE,TRUE,137,0.709063988,0.543218,18.28975,12.5265,1.77694,0.0153613,nan,nan,0.367378654,(1.55+0.01j),0.532,nan,0.824090407,3.552445576,0.149785049,0.645685509,0.81824197,0.889087748,0.8724615,3.764506797,0.159942898,0.690123433,0.816676269,0.748027283,0.773341506,3.33682272,0.126970073,0.547851915,0.835816296,0.646228226
532nm/k01/coated_85,TRUE,TRUE,137,0.734617302,0.577968,22.0291,15.0194,1.76946,0.0114325,nan,nan,0.36326764,(1.55+0.01j),0.532,nan,0.985317173,3.748870727,0.161769047,0.615488353,0.835820332,0.895541381,1.047655122,3.993198246,0.172323939,0.656822686,0.835514631,0.761783105,0.990689321,3.776069792,0.139578279,0.532010703,0.859109939,0.68102775
532nm/k01/coated_86,TRUE,TRUE,146,None,0.212222,1.02229,1.01486,1.72987,0.0147191,nan,nan,None,(1.55+0.01j),0.532,nan,0.073299868,2.104166407,0.059296727,1.702188344,0.191039103,0.752956521,0.097480425,2.755793848,0.05733928,1.620994537,0.41178672,0.372165203,0.097391524,2.753280606,0.057180966,1.616518964,0.412875331,0.368788477
532nm/k01/coated_87,TRUE,TRUE,146,0.514940379,0.287836,2.550595,2.03373,1.74094,0.0116405,nan,nan,0.431577888,(1.55+0.01j),0.532,nan,0.151162914,1.972928222,0.085701638,1.118549359,0.433051164,0.775423326,0.165131773,2.53775996,0.082820041,1.272785849,0.498460899,0.59897492,0.147909118,2.273080654,0.079201249,1.217171931,0.46452761,0.563105134
532nm/k01/coated_88,TRUE,TRUE,146,0.614591786,0.404212,7.06375,5.0425,1.72663,0.0121599,nan,nan,0.393717815,(1.55+0.01j),0.532,nan,0.318853124,2.486938057,0.110084383,0.858618034,0.654748927,0.824515354,0.391022904,3.047150538,0.122765795,0.956685282,0.686039377,0.723463587,0.324147831,2.526008651,0.113493176,0.884425923,0.649872172,0.654063601
532nm/k01/coated_89,TRUE,TRUE,146,0.712119905,0.514016,14.52565,10.0171,1.73154,0.010471,nan,nan,0.37589033,(1.55+0.01j),0.532,nan,0.687576459,3.30319182,0.145068387,0.696924252,0.789014901,0.877499692,0.735474702,3.544251912,0.149233071,0.719154032,0.797092856,0.741642851,0.640025887,3.084284161,0.123392123,0.594626528,0.807207606,0.629220322
532nm/k01/coated_90,TRUE,TRUE,146,0.748855361,0.555778,18.3616,12.5744,1.73176,0.0222453,nan,nan,0.371103694,(1.55+0.01j),0.532,nan,0.859570916,3.543146647,0.158895997,0.654968438,0.815144982,0.889730808,0.936617101,3.860730605,0.172924777,0.71279499,0.815373031,0.755419031,0.845312956,3.484375416,0.13621142,0.561462733,0.838862733,0.657589261
532nm/k01/coated_91,TRUE,TRUE,146,0.777046989,0.590622,22.036,15.024,1.72928,0.0130677,nan,nan,0.36729747,(1.55+0.01j),0.532,nan,1.01837514,3.718386839,0.171441112,0.625981868,0.831652301,0.896948004,1.091050902,3.982317585,0.178758817,0.652466698,0.83615905,0.764836613,1.044388961,3.81200228,0.146221067,0.533704454,0.859993669,0.685478909
532nm/k01/coated_92,TRUE,TRUE,13,0.138074148,0.093964,1,1,1.57499,0.0287041,nan,nan,0.483553696,(1.55+0.01j),0.532,nan,0.006330227,0.865020479,0.005720616,0.78171765,0.096301569,0.287986629,0.005831133,0.840891682,0.005095483,0.734805713,0.126158899,0.068481473,0.005831133,0.840891682,0.005095483,0.734805713,0.126158899,0.068481473
532nm/k01/coated_93,TRUE,TRUE,14,None,0.143021,3.274045,2.51603,1.57499,0.0287041,nan,nan,None,(1.55+0.01j),0.532,nan,0.011306599,0.698656273,0.008289206,0.512205782,0.26687013,0.312306431,0.011467703,0.713817059,0.008112096,0.504944406,0.292613704,0.157544621,0.01227177,0.763866922,0.008502246,0.529229622,0.30717039,0.121970848
532nm/k01/coated_94,TRUE,TRUE,14,None,0.1846662,7.047715,5.03181,1.57499,0.0287041,nan,nan,None,(1.55+0.01j),0.532,nan,0.020284596,0.75675213,0.010270878,0.383172983,0.493661176,0.393848445,0.020625879,0.77010111,0.009972824,0.372351803,0.51648972,0.268056347,0.022649393,0.845652365,0.011130535,0.415576823,0.508572505,0.218704396
532nm/k01/coated_95,TRUE,TRUE,14,None,0.213276,10.85719,7.57146,1.57499,0.0287041,nan,nan,None,(1.55+0.01j),0.532,nan,0.03161586,0.884411226,0.011830796,0.330950644,0.625795519,0.482568218,0.03222636,0.902064086,0.011520229,0.322468479,0.642521542,0.37029683,0.034390829,0.962650836,0.012962105,0.362828731,0.623094151,0.316908777
532nm/k01/coated_96,TRUE,TRUE,14,None,0.235556,14.62735,10.0849,1.59146,0.0364472,nan,nan,None,(1.55+0.01j),0.532,nan,0.044425883,1.021858898,0.013218555,0.304045685,0.70245825,0.560583523,0.045796296,1.050877595,0.013122833,0.30112678,0.713452089,0.461616383,0.04722093,1.083568351,0.014474781,0.332149642,0.69346683,0.41090372
532nm/k01/coated_97,TRUE,TRUE,14,None,0.253984,18.33625,12.5575,1.59146,0.0364472,nan,nan,None,(1.55+0.01j),0.532,nan,0.059118347,1.167726695,0.014622961,0.288837941,0.752649364,0.627875984,0.061482032,1.213516305,0.014830492,0.29272038,0.758783316,0.534291637,0.06175696,1.218942749,0.015897598,0.313782637,0.742578036,0.491439073
532nm/k01/coated_98,TRUE,TRUE,14,None,0.270404,22.1272,15.0848,1.59146,0.0364472,nan,nan,None,(1.55+0.01j),0.532,nan,0.075553181,1.318211459,0.01599371,0.279049692,0.788311891,0.678897075,0.080242986,1.397304236,0.016603665,0.289126465,0.793082668,0.585100352,0.079411043,1.382817275,0.017354314,0.302197838,0.781462205,0.552701736
532nm/k01/coated_99,TRUE,TRUE,26,0.174466176,0.1185326,1,1,1.8605,0.0366965,nan,nan,0.451943849,(1.55+0.01j),0.532,nan,0.014176179,1.236104138,0.012137408,1.058331752,0.143816674,0.3854677,0.014022705,1.270768033,0.011141187,1.00963866,0.20548941,0.110826103,0.014022705,1.270768033,0.011141187,1.00963866,0.20548941,0.110826103
532nm/k01/coated_100,TRUE,TRUE,26,None,0.1765614,3.30502,2.53668,1.8605,0.0366965,nan,nan,None,(1.55+0.01j),0.532,nan,0.024671646,1.008772095,0.015953231,0.652294298,0.353377932,0.427859713,0.026547268,1.084272457,0.016275275,0.664732519,0.386932211,0.256331672,0.028914159,1.180943598,0.017395152,0.710471756,0.398386377,0.193972492
532nm/k01/coated_101,TRUE,TRUE,26,None,0.227278,7.049425,5.03295,1.88933,0.0260157,nan,nan,None,(1.55+0.01j),0.532,nan,0.047517911,1.167967014,0.020223101,0.497073919,0.574410995,0.544701304,0.049757638,1.226464769,0.020785786,0.512344136,0.582259394,0.441672902,0.051783418,1.276397751,0.022486622,0.554267658,0.565756319,0.36213183
532nm/k01/coated_102,TRUE,TRUE,26,None,0.262176,10.82089,7.54726,1.88933,0.0260157,nan,nan,None,(1.55+0.01j),0.532,nan,0.074785567,1.389934549,0.023857161,0.443399626,0.680992442,0.653467698,0.080374794,1.488826622,0.025270204,0.468093917,0.685595414,0.568695109,0.078924704,1.4619658,0.026545799,0.491722471,0.663656653,0.510060886
532nm/k01/coated_103,TRUE,TRUE,26,None,0.289706,14.6002,10.0668,1.88933,0.0260157,nan,nan,None,(1.55+0.01j),0.532,nan,0.107694047,1.635899713,0.027298876,0.414676812,0.746514527,0.721072567,0.118196205,1.793075896,0.028936469,0.438975902,0.755182754,0.618836116,0.114393498,1.735387555,0.030144679,0.457304845,0.736482583,0.586999584
532nm/k01/coated_104,TRUE,TRUE,26,None,0.312376,18.3028,12.5352,1.88933,0.0260157,nan,nan,None,(1.55+0.01j),0.532,nan,0.143436957,1.874515461,0.030161778,0.394171214,0.789721012,0.755404307,0.156905597,2.047355385,0.030795948,0.401835572,0.803729448,0.624127356,0.153050351,1.997050877,0.032584472,0.425172816,0.787099657,0.606595842
532nm/k01/coated_105,TRUE,TRUE,26,None,0.332384,22.0501,15.0334,1.87939,0.0384293,nan,nan,None,(1.55+0.01j),0.532,nan,0.180350096,2.077606857,0.032429336,0.373581234,0.820186753,0.771137883,0.192765843,2.221569885,0.031465125,0.362626356,0.836770224,0.619980199,0.189056412,2.178819788,0.034003705,0.391882743,0.820139901,0.606951852
532nm/k01/coated_106,TRUE,TRUE,34,0.187707155,0.129627,1,1,1.94812,0.020979,nan,nan,0.438291021,(1.55+0.01j),0.532,nan,0.016296312,1.236500624,0.013795437,1.046743965,0.153462648,0.469102301,0.019736176,1.495485451,0.014976541,1.134829743,0.241162966,0.134243699,0.019736176,1.495485451,0.014976541,1.134829743,0.241162966,0.134243699
532nm/k01/coated_107,TRUE,TRUE,34,None,0.1925794,3.27901,2.51934,1.94812,0.020979,nan,nan,None,(1.55+0.01j),0.532,nan,0.032819152,1.126088412,0.020578363,0.706083345,0.372976991,0.51445504,0.037583843,1.290302819,0.021871552,0.750879189,0.418059716,0.316746902,0.040436402,1.38823492,0.023157873,0.795040274,0.427301343,0.239583234
532nm/k01/coated_108,TRUE,TRUE,34,None,0.248612,7.054735,5.03649,1.94165,0.0103959,nan,nan,None,(1.55+0.01j),0.532,nan,0.064964056,1.341599277,0.026609185,0.549517147,0.590401428,0.626724661,0.072705533,1.497729571,0.028936312,0.596086283,0.602006735,0.529693325,0.072196745,1.487248583,0.030306827,0.624318811,0.580218923,0.449576573
532nm/k01/coated_109,TRUE,TRUE,34,None,0.286558,10.803175,7.53545,1.94165,0.0103959,nan,nan,None,(1.55+0.01j),0.532,nan,0.104902194,1.624380752,0.031767486,0.491910528,0.697170428,0.715524628,0.118839295,1.842659586,0.034678984,0.537714083,0.708185881,0.616173945,0.113598653,1.761400943,0.036096742,0.559697093,0.682243219,0.576269969
532nm/k01/coated_110,TRUE,TRUE,34,None,0.316102,14.50075,10.0005,1.94165,0.0103959,nan,nan,None,(1.55+0.01j),0.532,nan,0.150393409,1.909137942,0.036241399,0.460058927,0.759022689,0.761548619,0.167334306,2.132262254,0.037172012,0.473665443,0.777857793,0.624267416,0.1611283,2.053182035,0.039605166,0.504669983,0.754201053,0.604730415
532nm/k01/coated_111,TRUE,TRUE,34,None,0.341916,18.35155,12.5677,1.93247,0.0169157,nan,nan,None,(1.55+0.01j),0.532,nan,0.197097891,2.151389872,0.039664828,0.432954963,0.798755693,0.781347357,0.212666262,2.316166993,0.037974452,0.413583096,0.821436409,0.622501803,0.205350871,2.236494422,0.041250621,0.449264148,0.799121275,0.605253138
532nm/k01/coated_112,TRUE,TRUE,34,None,0.364004,22.1428,15.0952,1.93247,0.0169157,nan,nan,None,(1.55+0.01j),0.532,nan,0.245483083,2.361677672,0.042486339,0.408741154,0.826927629,0.790948916,0.254833831,2.44880887,0.039401765,0.378628657,0.84538252,0.633149349,0.243954232,2.344262081,0.042675829,0.410090562,0.825066248,0.610367089
532nm/k01/coated_113,TRUE,TRUE,47,0.215290487,0.1443622,1,1,2.07806,0.024709,nan,nan,0.437132743,(1.55+0.01j),0.532,nan,0.023330092,1.404721506,0.019429835,1.169884267,0.16717708,0.611204118,0.029563594,1.806177253,0.021130214,1.290942872,0.285262357,0.16985229,0.029563594,1.806177253,0.021130214,1.290942872,0.285262357,0.16985229
532nm/k01/coated_114,TRUE,TRUE,48,None,0.215804,3.27061,2.51374,2.08405,0.0291595,nan,nan,None,(1.55+0.01j),0.532,nan,0.047541288,1.299756738,0.028802742,0.787453601,0.394153092,0.642956502,0.058363289,1.595625241,0.032036522,0.875863657,0.451084356,0.414377045,0.060383624,1.650860251,0.032948152,0.900787181,0.454352856,0.320570232
532nm/k01/coated_115,TRUE,TRUE,48,None,0.278404,7.02235,5.0149,2.08405,0.0291595,nan,nan,None,(1.55+0.01j),0.532,nan,0.098722538,1.621718559,0.037719956,0.619627033,0.617919503,0.719336047,0.116312697,1.910672724,0.042947269,0.705496276,0.630760272,0.605844932,0.109491725,1.798624378,0.044135641,0.72501771,0.596904324,0.551562897
532nm/k01/coated_116,TRUE,TRUE,48,None,0.321212,10.785205,7.52347,2.07938,0.0304661,nan,nan,None,(1.55+0.01j),0.532,nan,0.1629127,2.01039566,0.045357512,0.559726435,0.721583942,0.765701204,0.181750212,2.242856673,0.047146121,0.58179845,0.740599363,0.62539262,0.170766001,2.107307947,0.05022452,0.619786901,0.705886887,0.604215476
532nm/k01/coated_117,TRUE,TRUE,48,None,0.354526,14.50105,10.0007,2.07938,0.0304661,nan,nan,None,(1.55+0.01j),0.532,nan,0.228300285,2.312705802,0.051019133,0.51682916,0.776526197,0.788281909,0.240439833,2.435680701,0.048941585,0.495783387,0.796449762,0.632782354,0.22488469,2.278105475,0.052250902,0.52930711,0.767654695,0.606139131
532nm/k01/coated_118,TRUE,TRUE,48,None,0.383386,18.33835,12.5589,2.06804,0.01933,nan,nan,None,(1.55+0.01j),0.532,nan,0.293902131,2.545894211,0.055672298,0.482255032,0.810575385,0.800622067,0.304880786,2.640995577,0.053554246,0.463907644,0.82434365,0.662183967,0.280497372,2.429776992,0.054845673,0.475094488,0.804469921,0.620345621
532nm/k01/coated_119,TRUE,TRUE,48,None,0.40775,22.0615,15.041,2.06804,0.01933,nan,nan,None,(1.55+0.01j),0.532,nan,0.359299714,2.751560403,0.060053177,0.459894449,0.832860493,0.814472578,0.38027575,2.912197409,0.060397399,0.462530543,0.841174729,0.698055899,0.34778749,2.663398402,0.0588328,0.450548653,0.830836929,0.644901313
532nm/k01/coated_120,TRUE,TRUE,57,0.239721226,0.1539468,1,1,2.05651,0.0211884,nan,nan,0.442868225,(1.55+0.01j),0.532,nan,0.02873837,1.524561478,0.023498364,1.246580782,0.182334855,0.638315721,0.037314139,2.004666875,0.025709103,1.381197279,0.311009078,0.195685809,0.037314139,2.004666875,0.025709103,1.381197279,0.311009078,0.195685809
532nm/k01/coated_121,TRUE,TRUE,57,None,0.228528,3.27121,2.51414,2.05651,0.0211884,nan,nan,None,(1.55+0.01j),0.532,nan,0.059025275,1.439028186,0.034647041,0.844690152,0.413013477,0.667365599,0.07236709,1.764299826,0.038697897,0.943449462,0.465255594,0.467072786,0.072786085,1.774514865,0.039082634,0.952829318,0.463047993,0.370664404
532nm/k01/coated_122,TRUE,TRUE,57,None,0.294534,7.00318,5.00212,2.05964,0.0175289,nan,nan,None,(1.55+0.01j),0.532,nan,0.121058107,1.776777828,0.045178132,0.663082425,0.626806225,0.736781546,0.143780031,2.110269002,0.050596042,0.742601451,0.648101048,0.62043895,0.13292108,1.950891461,0.05227658,0.767266816,0.606709634,0.583667217
532nm/k01/coated_123,TRUE,TRUE,57,None,0.340288,10.80013,7.53342,2.05964,0.0175289,nan,nan,None,(1.55+0.01j),0.532,nan,0.195103299,2.145267547,0.053186678,0.584816636,0.727392214,0.777971982,0.217121414,2.387368777,0.053899358,0.592652935,0.75175476,0.629604943,0.200590377,2.20560097,0.057299551,0.630039926,0.714345462,0.606175636
532nm/k01/coated_124,TRUE,TRUE,57,None,0.376344,14.6098,10.0732,2.06199,0.0280642,nan,nan,None,(1.55+0.01j),0.532,nan,0.27242583,2.448997876,0.059889904,0.538385985,0.780160698,0.804838648,0.290213489,2.608901727,0.058724533,0.527909767,0.797650574,0.657461089,0.263597087,2.369631047,0.059956802,0.53898737,0.772543759,0.614637033
532nm/k01/coated_125,TRUE,TRUE,57,None,0.405742,18.3079,12.5386,2.06199,0.0280642,nan,nan,None,(1.55+0.01j),0.532,nan,0.350838924,2.713425851,0.066120359,0.511381946,0.811536421,0.823706473,0.376202542,2.909590792,0.067129024,0.519183064,0.821561484,0.698932167,0.338888358,2.62099889,0.064355388,0.497731473,0.810098556,0.639564246
532nm/k01/coated_126,TRUE,TRUE,57,None,0.432038,22.1032,15.0688,2.0623,0.013257,nan,nan,None,(1.55+0.01j),0.532,nan,0.434935128,2.966816666,0.071766983,0.489543081,0.834993821,0.836977142,0.475609669,3.244269322,0.074733024,0.509775293,0.842868997,0.728807276,0.436465343,2.977254699,0.069403115,0.473418456,0.840988258,0.66204538
532nm/k01/coated_127,TRUE,TRUE,64,0.259192404,0.1600492,1,1,1.61088,0.0305322,nan,nan,0.449225626,(1.55+0.01j),0.532,nan,0.03145009,1.564300815,0.026024879,1.29445542,0.17250224,0.588948691,0.042758171,2.12530968,0.028818595,1.432438258,0.32600963,0.213091276,0.042758171,2.12530968,0.028818595,1.432438258,0.32600963,0.213091276
532nm/k01/coated_128,TRUE,TRUE,64,None,0.238308,3.301105,2.53407,1.63257,0.0205552,nan,nan,None,(1.55+0.01j),0.532,nan,0.065582337,1.470346734,0.038759941,0.868992415,0.408988102,0.615564597,0.084060355,1.8846213,0.044004484,0.986574319,0.476513229,0.503659021,0.082680907,1.85369426,0.043928726,0.984875846,0.468695638,0.409692706
532nm/k01/coated_129,TRUE,TRUE,64,None,0.307044,7.060525,5.04035,1.61694,0.0253306,nan,nan,None,(1.55+0.01j),0.532,nan,0.132485678,1.789277996,0.049367021,0.666723576,0.62737843,0.707506566,0.165431847,2.23423066,0.05587291,0.754588489,0.662260257,0.624848514,0.151271389,2.042987376,0.058081735,0.78441966,0.616042826,0.598119732
532nm/k01/coated_130,TRUE,TRUE,64,None,0.353254,10.75222,7.50148,1.61694,0.0253306,nan,nan,None,(1.55+0.01j),0.532,nan,0.21013972,2.144095333,0.05817081,0.593527786,0.723180319,0.785266305,0.242931971,2.478680878,0.059614024,0.608253172,0.754606098,0.638453219,0.220680272,2.251642578,0.062374493,0.636418755,0.717353562,0.608274472
532nm/k01/coated_131,TRUE,TRUE,64,None,0.39065,14.5414,10.0276,1.62376,0.0227441,nan,nan,None,(1.55+0.01j),0.532,nan,0.297227699,2.479840454,0.066414578,0.554112411,0.776553201,0.830516456,0.330637607,2.758587163,0.067701762,0.564851693,0.795238773,0.680115448,0.294763742,2.459283082,0.06624611,0.552706845,0.775256924,0.624555097
532nm/k01/coated_132,TRUE,TRUE,64,None,0.421584,18.2764,12.5176,1.62376,0.0227441,nan,nan,None,(1.55+0.01j),0.532,nan,0.385160721,2.75920437,0.073079636,0.523525996,0.810261972,0.848612255,0.436079813,3.123977243,0.077754725,0.557017279,0.821696115,0.721313142,0.392739488,2.813496948,0.071919748,0.515216823,0.816876708,0.652126955
532nm/k01/coated_133,TRUE,TRUE,64,None,0.44906,22.0879,15.0586,1.62522,0.0242119,nan,nan,None,(1.55+0.01j),0.532,nan,0.472423582,2.982860495,0.078399922,0.495013454,0.8340474,0.854575571,0.540160531,3.410548442,0.082948085,0.523730345,0.846438087,0.738300691,0.500596985,3.160746052,0.076110628,0.480558958,0.847960276,0.663224825
532nm/k01/coated_134,TRUE,TRUE,78,0.278032718,0.1706468,1,1,2.0525,0.0227424,nan,nan,0.445494666,(1.55+0.01j),0.532,nan,0.040807604,1.75954615,0.032525068,1.402418971,0.202965508,0.688598731,0.053012819,2.317900144,0.034488927,1.507972773,0.349422891,0.244663238,0.053012819,2.317900144,0.034488927,1.507972773,0.349422891,0.244663238
532nm/k01/coated_135,TRUE,TRUE,78,None,0.253874,3.292765,2.52851,2.0525,0.0227424,nan,nan,None,(1.55+0.01j),0.532,nan,0.086667605,1.712105261,0.047857565,0.945418862,0.447803308,0.699149669,0.105284241,2.079874053,0.053430079,1.055503034,0.49251589,0.550825133,0.09998815,1.975250595,0.052565708,1.038427511,0.474280623,0.469224916
532nm/k01/coated_136,TRUE,TRUE,78,None,0.326892,7.02946,5.01964,2.06167,0.027151,nan,nan,None,(1.55+0.01j),0.532,nan,0.178340076,2.12495864,0.061663799,0.734736835,0.65423476,0.755251158,0.20087969,2.39352277,0.064854726,0.772757379,0.677146427,0.630531313,0.179956038,2.144213154,0.06738116,0.802860368,0.62556877,0.609962957
532nm/k01/coated_137,TRUE,TRUE,78,None,0.37691,10.774975,7.51665,2.05915,0.0270253,nan,nan,None,(1.55+0.01j),0.532,nan,0.278076841,2.492295991,0.072178327,0.646906638,0.740437476,0.802128606,0.298337904,2.673888128,0.07311921,0.655339412,0.754911432,0.667578905,0.261992941,2.34814217,0.07244223,0.6492719,0.72349549,0.617674852
532nm/k01/coated_138,TRUE,TRUE,78,None,0.41674,14.56465,10.0431,2.05773,0.0169129,nan,nan,None,(1.55+0.01j),0.532,nan,0.384494519,2.818836573,0.081669548,0.598742234,0.787592428,0.833770492,0.42081401,3.08510489,0.08654384,0.634477029,0.794341829,0.720128498,0.371462064,2.72329201,0.079354532,0.581770206,0.786372448,0.645722989
532nm/k01/coated_139,TRUE,TRUE,78,None,0.449368,18.26035,12.5069,2.05773,0.0169129,nan,nan,None,(1.55+0.01j),0.532,nan,0.49019704,3.090839953,0.089467629,0.564120343,0.817486395,0.850148107,0.539896425,3.404209549,0.093296448,0.588262198,0.827195656,0.740525639,0.495481769,3.124161763,0.084370963,0.53198433,0.829719339,0.657904454
532nm/k01/coated_140,TRUE,TRUE,78,None,0.478224,22.009,15.006,2.0537,0.0187531,nan,nan,None,(1.55+0.01j),0.532,nan,0.593631774,3.304947173,0.09620624,0.535612404,0.837936168,0.856952577,0.631030372,3.513157705,0.094288959,0.524938255,0.850579365,0.737920731,0.583338999,3.247643839,0.085329785,0.475059532,0.853721789,0.649810328
532nm/k01/coated_141,TRUE,TRUE,85,0.280855365,0.175606,1,1,2.07654,0.027274,nan,nan,0.439143931,(1.55+0.01j),0.532,nan,0.044186299,1.798543013,0.034927576,1.421679314,0.20953833,0.691909684,0.058096924,2.39874763,0.037224939,1.536970083,0.359261448,0.259823132,0.058096924,2.39874763,0.037224939,1.536970083,0.359261448,0.259823132
532nm/k01/coated_142,TRUE,TRUE,85,None,0.260586,3.267655,2.51177,2.08371,0.0207617,nan,nan,None,(1.55+0.01j),0.532,nan,0.09383021,1.759343536,0.051340064,0.962641017,0.452840791,0.71747911,0.115284712,2.161621635,0.057775364,1.08330475,0.498846268,0.566135517,0.107953378,2.024157008,0.056587168,1.061025733,0.475818463,0.492439806
532nm/k01/coated_143,TRUE,TRUE,85,None,0.336168,7.015405,5.01027,2.08371,0.0207617,nan,nan,None,(1.55+0.01j),0.532,nan,0.193889813,2.184501612,0.066957321,0.754389169,0.654663029,0.781543821,0.21816818,2.458039104,0.069494604,0.782976017,0.681463157,0.635514721,0.193248471,2.177275797,0.071703009,0.807857492,0.628959504,0.613549689
532nm/k01/coated_144,TRUE,TRUE,85,None,0.38826,10.808125,7.53875,2.06637,0.0176441,nan,nan,None,(1.55+0.01j),0.532,nan,0.307475063,2.597016552,0.079858099,0.674502848,0.740277802,0.82269544,0.330400489,2.790650822,0.081269464,0.686423609,0.75402741,0.685500334,0.286280294,2.41799987,0.07804526,0.659191119,0.727381657,0.625124002
532nm/k01/coated_145,TRUE,TRUE,85,None,0.428666,14.54575,10.0305,2.08113,0.0238826,nan,nan,None,(1.55+0.01j),0.532,nan,0.419694018,2.908069765,0.089269536,0.618550722,0.787298527,0.838895523,0.46540729,3.224818103,0.094979648,0.658116227,0.795921442,0.732754419,0.414125563,2.869485806,0.085865577,0.594964611,0.79265811,0.652328751
532nm/k01/coated_146,TRUE,TRUE,85,None,0.462962,18.32395,12.5493,2.07376,0.0112041,nan,nan,None,(1.55+0.01j),0.532,nan,0.528487099,3.139451784,0.096890616,0.57557397,0.816664179,0.849312747,0.583403872,3.46568219,0.098947119,0.587790523,0.830396877,0.741711123,0.537267254,3.191609866,0.089155813,0.529625752,0.834056863,0.652929961
532nm/k01/coated_147,TRUE,TRUE,85,None,0.492142,22.01185,15.0079,2.07437,0.0227931,nan,nan,None,(1.55+0.01j),0.532,nan,0.633924734,3.332475431,0.104372967,0.548677672,0.835354324,0.857708284,0.670753035,3.52607792,0.100562836,0.528648214,0.850074722,0.734996173,0.614036653,3.227925884,0.089641885,0.471237928,0.85401216,0.642850994
532nm/k01/coated_148,TRUE,TRUE,92,0.28004566,0.1806258,1,1,2.25193,0.0169264,nan,nan,0.430295456,(1.55+0.01j),0.532,nan,0.047995856,1.86087389,0.037255385,1.444449164,0.223779122,0.718498205,0.063385617,2.473667204,0.040025821,1.562035158,0.368534637,0.275280014,0.063385617,2.473667204,0.040025821,1.562035158,0.368534637,0.275280014
532nm/k01/coated_149,TRUE,TRUE,92,None,0.268902,3.29944,2.53296,2.25259,0.0203949,nan,nan,None,(1.55+0.01j),0.532,nan,0.106161452,1.869342594,0.056166349,0.989004447,0.470934622,0.748467954,0.127279311,2.241196167,0.06249427,1.100429566,0.508998997,0.58173958,0.11735084,2.066370795,0.061067781,1.075311257,0.479613601,0.518464718
532nm/k01/coated_150,TRUE,TRUE,92,None,0.345668,7.00867,5.00578,2.25038,0.0184929,nan,nan,None,(1.55+0.01j),0.532,nan,0.220386116,2.348421219,0.074434868,0.793173488,0.662252461,0.789984024,0.236846981,2.523827205,0.074777055,0.796819805,0.684281157,0.643007178,0.207186546,2.207767398,0.076246686,0.812480111,0.631990167,0.61708031
532nm/k01/coated_151,TRUE,TRUE,92,None,0.399554,10.82398,7.54932,2.25238,0.0146649,nan,nan,None,(1.55+0.01j),0.532,nan,0.339341275,2.706424028,0.087266592,0.695996682,0.742835315,0.818079568,0.36609761,2.919819786,0.090323303,0.72037555,0.753280818,0.703605026,0.314658075,2.509562605,0.084351974,0.67275108,0.731924966,0.633879347
532nm/k01/coated_152,TRUE,TRUE,92,None,0.441154,14.56915,10.0461,2.25791,0.0157081,nan,nan,None,(1.55+0.01j),0.532,nan,0.459463307,3.0059414,0.097749986,0.639508585,0.787251812,0.840503319,0.51025085,3.338208145,0.102539102,0.670840362,0.799041781,0.740644231,0.459412289,3.005607629,0.09220502,0.603231823,0.79929788,0.6547286
532nm/k01/coated_153,TRUE,TRUE,92,None,0.476412,18.34885,12.5659,2.2528,0.026906,nan,nan,None,(1.55+0.01j),0.532,nan,0.580387375,3.255837279,0.106323646,0.596450759,0.816805722,0.854680343,0.622351549,3.491246469,0.104588627,0.586717707,0.831946065,0.740110457,0.570557354,3.200693159,0.093528577,0.524673419,0.836075065,0.645784618
532nm/k01/coated_154,TRUE,TRUE,92,None,0.506852,22.0954,15.0636,2.2528,0.026906,nan,nan,None,(1.55+0.01j),0.532,nan,0.691161995,3.425528927,0.113574879,0.562898474,0.835675458,0.860800291,0.717021111,3.553691569,0.109136719,0.540902118,0.847791484,0.732952209,0.64876815,3.215417052,0.094928082,0.470481442,0.853679497,0.638676902
532nm/k01/coated_155,TRUE,TRUE,100,0.283649925,0.1853814,1,1,2.1521,0.0197071,nan,nan,0.425783186,(1.55+0.01j),0.532,nan,0.051637253,1.892770386,0.040276834,1.476352735,0.220004314,0.73609669,0.068499408,2.537842249,0.042694492,1.581793031,0.376717354,0.289934277,0.068499408,2.537842249,0.042694492,1.581793031,0.376717354,0.289934277
532nm/k01/coated_156,TRUE,TRUE,100,None,0.275726,3.29032,2.52688,2.14076,0.0183887,nan,nan,None,(1.55+0.01j),0.532,nan,0.112597049,1.88573944,0.05992321,1.003574803,0.46780834,0.768063376,0.137746547,2.306935223,0.066676077,1.116669666,0.515951009,0.591644001,0.125497512,2.101792285,0.065047813,1.089400015,0.481680458,0.537429795
532nm/k01/coated_157,TRUE,TRUE,100,None,0.355622,7.059445,5.03963,2.15496,0.015606,nan,nan,None,(1.55+0.01j),0.532,nan,0.239256284,2.408774978,0.079927761,0.80469356,0.665932448,0.810301324,0.257753189,2.594997388,0.080692461,0.812392378,0.686939038,0.653308184,0.222580531,2.240887494,0.080957865,0.8150644,0.636276073,0.620913272
532nm/k01/coated_158,TRUE,TRUE,100,None,0.409494,10.77811,7.51874,2.13996,0.0299701,nan,nan,None,(1.55+0.01j),0.532,nan,0.366122763,2.779980591,0.092893129,0.705340181,0.746278739,0.82756014,0.400035387,3.037480114,0.098925719,0.75114581,0.752707579,0.718220483,0.343409234,2.607516118,0.090708319,0.688750854,0.735859407,0.64178454
532nm/k01/coated_159,TRUE,TRUE,100,None,0.45283,14.575,10.05,2.16419,0.015338,nan,nan,None,(1.55+0.01j),0.532,nan,0.492964419,3.06094348,0.103914884,0.64523437,0.789204089,0.844906652,0.548681983,3.406908235,0.10866008,0.674698516,0.801961641,0.743800423,0.497940099,3.091838761,0.097546795,0.605693263,0.804099337,0.652720683
532nm/k01/coated_160,TRUE,TRUE,100,None,0.488522,18.3001,12.5334,2.13761,0.0142236,nan,nan,None,(1.55+0.01j),0.532,nan,0.620950844,3.312829521,0.115099949,0.614068749,0.814639194,0.861513544,0.656562983,3.502823537,0.110768702,0.590961149,0.83129006,0.737905398,0.596397312,3.181834183,0.097766841,0.521595034,0.836070957,0.639497487
532nm/k01/coated_161,TRUE,TRUE,100,None,0.519774,22.04185,15.0279,2.13979,0.0215507,nan,nan,None,(1.55+0.01j),0.532,nan,0.751270593,3.540604405,0.125149826,0.589808822,0.83341578,0.871526998,0.765341061,3.60691601,0.119493336,0.563150794,0.843869169,0.733802696,0.686441659,3.235077192,0.10107472,0.476347141,0.852755556,0.638899253
532nm/k01/coated_162,TRUE,TRUE,125,0.32496458,0.200004,1,1,2.04172,0.0119117,nan,nan,0.433859691,(1.55+0.01j),0.532,nan,0.063328813,2.015738109,0.049789779,1.584794508,0.213789479,0.781953097,0.084592795,2.692564582,0.050879034,1.619465162,0.398541757,0.33426378,0.084592795,2.692564582,0.050879034,1.619465162,0.398541757,0.33426378
532nm/k01/coated_163,TRUE,TRUE,125,None,0.297174,3.2803,2.5202,2.03755,0.0161146,nan,nan,None,(1.55+0.01j),0.532,nan,0.13958031,2.012392353,0.074642843,1.076159572,0.46523372,0.783112393,0.171439004,2.471713523,0.079583692,1.147394013,0.535790049,0.61386555,0.151401033,2.182817055,0.077469464,1.116912245,0.488316145,0.584468252
532nm/k01/coated_164,TRUE,TRUE,125,None,0.383394,7.04395,5.0293,2.03515,0.0155116,nan,nan,None,(1.55+0.01j),0.532,nan,0.295021899,2.555487431,0.095947234,0.831097457,0.674779282,0.804782624,0.328116724,2.842155667,0.103210742,0.894014154,0.685445043,0.69346322,0.273857499,2.372160844,0.097868099,0.847736044,0.642631297,0.637813352
532nm/k01/coated_165,TRUE,TRUE,125,None,0.442118,10.801795,7.53453,2.03774,0.0212203,nan,nan,None,(1.55+0.01j),0.532,nan,0.456606405,2.97423804,0.112060579,0.729939034,0.754579484,0.840948233,0.511198462,3.329839215,0.122975876,0.80103898,0.759436138,0.745160368,0.451363622,2.940087659,0.111205959,0.724372216,0.753622239,0.654395625
532nm/k01/coated_166,TRUE,TRUE,125,None,0.488568,14.5765,10.051,2.02891,0.0261549,nan,nan,None,(1.55+0.01j),0.532,nan,0.620736067,3.311060087,0.129254874,0.68945672,0.791771607,0.869021946,0.651469063,3.474992556,0.127556273,0.680396236,0.804202103,0.740992066,0.582489463,3.107049378,0.111355713,0.593981045,0.808827935,0.63534706
532nm/k01/coated_167,TRUE,TRUE,125,None,0.527476,18.3439,12.5626,2.04416,0.0242249,nan,nan,None,(1.55+0.01j),0.532,nan,0.779191006,3.565731529,0.143441842,0.656418126,0.815909268,0.879520114,0.795930806,3.642336152,0.142125799,0.650395653,0.821434479,0.74002079,0.701713748,3.211180337,0.116012195,0.530894655,0.834673049,0.636463603
532nm/k01/coated_168,TRUE,TRUE,125,None,0.560936,22.0609,15.0406,2.03857,0.0200481,nan,nan,None,(1.55+0.01j),0.532,nan,0.915369201,3.70407514,0.153185628,0.619871279,0.832651538,0.879312045,0.970542561,3.927336171,0.160092141,0.647818735,0.83504882,0.753868655,0.892663925,3.612197403,0.128280999,0.519093782,0.856294182,0.667758544
532nm/k01/coated_169,TRUE,TRUE,137,0.348852795,0.206236,1,1,2.04514,0.0109052,nan,nan,0.440159246,(1.55+0.01j),0.532,nan,0.069932026,2.103612034,0.054020607,1.624983651,0.227526928,0.735704664,0.091523548,2.739769402,0.054324602,1.62621408,0.406441258,0.352564601,0.091523548,2.739769402,0.054324602,1.62621408,0.406441258,0.352564601
532nm/k01/coated_170,TRUE,TRUE,136,None,0.306,3.29035,2.5269,2.05768,0.0147552,nan,nan,None,(1.55+0.01j),0.532,nan,0.15417599,2.096447602,0.08013626,1.089673366,0.480228667,0.764659416,0.18576996,2.526054715,0.084970965,1.155414502,0.542601158,0.621803121,0.162321859,2.207213137,0.082621306,1.123464411,0.491003206,0.599574666
532nm/k01/coated_171,TRUE,TRUE,136,None,0.394102,7.029145,5.01943,2.04836,0.0148403,nan,nan,None,(1.55+0.01j),0.532,nan,0.323650051,2.653191033,0.106049106,0.869360399,0.672334036,0.827741307,0.359821128,2.94971123,0.113447579,0.930010973,0.68471118,0.709863446,0.298334804,2.445663842,0.10582446,0.86751881,0.64528289,0.646362361
532nm/k01/coated_172,TRUE,TRUE,136,None,0.454148,10.75642,7.50428,2.0472,0.0168978,nan,nan,None,(1.55+0.01j),0.532,nan,0.49991992,3.086140892,0.124479372,0.768444831,0.751001377,0.860362057,0.547312156,3.378705983,0.130471657,0.805436829,0.761613815,0.747499293,0.486484123,3.00319808,0.117932249,0.72802767,0.757582533,0.651745103
532nm/k01/coated_173,TRUE,TRUE,136,None,0.501902,14.51875,10.0125,2.04415,0.0164724,nan,nan,None,(1.55+0.01j),0.532,nan,0.6675532,3.374101538,0.139114125,0.703142738,0.791605934,0.876013999,0.692431545,3.499847416,0.137875132,0.69688033,0.800882654,0.74025397,0.609928932,3.082843658,0.117304377,0.592906872,0.807675336,0.63056698
532nm/k01/coated_174,TRUE,TRUE,136,None,0.541742,18.2578,12.5052,2.05781,0.0192658,nan,nan,None,(1.55+0.01j),0.532,nan,0.821697539,3.56481578,0.152764631,0.66274723,0.814086542,0.884254757,0.864904665,3.752263639,0.158452891,0.687424922,0.816797275,0.747214305,0.765521679,3.321104945,0.126000653,0.546635588,0.835405506,0.64500675
532nm/k01/coated_175,TRUE,TRUE,136,None,0.576708,22.02625,15.0175,2.0482,0.00963589,nan,nan,None,(1.55+0.01j),0.532,nan,0.965579728,3.696462513,0.165153906,0.632247349,0.828958809,0.888686883,1.042667082,3.991570732,0.171603256,0.656936953,0.835418937,0.761346247,0.984262088,3.767982908,0.138843645,0.531525585,0.858936307,0.680295566
532nm/k01/coated_176,TRUE,TRUE,145,0.338819215,0.21012,1,1,2.21213,0.0208747,nan,nan,0.429344118,(1.55+0.01j),0.532,nan,0.075629671,2.181059655,0.056898027,1.640863822,0.247675864,0.761225158,0.095847226,2.764107199,0.056457434,1.628157712,0.410964339,0.363760214,0.095847226,2.764107199,0.056457434,1.628157712,0.410964339,0.363760214
532nm/k01/coated_177,TRUE,TRUE,145,None,0.312574,3.291955,2.52797,2.21688,0.0166859,nan,nan,None,(1.55+0.01j),0.532,nan,0.170872786,2.226780036,0.085403317,1.11295897,0.500193575,0.784310469,0.196867883,2.565542951,0.089271135,1.163363603,0.546542925,0.627984901,0.170757759,2.225281019,0.086656667,1.129292387,0.492516955,0.609711518
532nm/k01/coated_178,TRUE,TRUE,145,None,0.402032,7.00453,5.00302,2.20107,0.00968928,nan,nan,None,(1.55+0.01j),0.532,nan,0.349237715,2.751123024,0.11280421,0.888616108,0.676998775,0.832050697,0.384377966,3.027940647,0.121289383,0.955458127,0.684452822,0.720943265,0.318335748,2.507692523,0.11229941,0.884639541,0.647229661,0.652897395
532nm/k01/coated_179,TRUE,TRUE,145,None,0.464124,10.77694,7.51796,2.20764,0.0184636,nan,nan,None,(1.55+0.01j),0.532,nan,0.537039882,3.174304646,0.134284414,0.793720642,0.749954484,0.860931867,0.575378187,3.400912506,0.136162171,0.804819576,0.763351873,0.747558132,0.511345756,3.022433274,0.122471483,0.72389744,0.760491837,0.647427806
532nm/k01/coated_180,TRUE,TRUE,145,None,0.51317,14.5672,10.0448,2.19825,0.0131817,nan,nan,None,(1.55+0.01j),0.532,nan,0.705381191,3.410448332,0.149070412,0.720740706,0.788666874,0.868515143,0.732312266,3.540657422,0.14809927,0.716045332,0.797764865,0.741396268,0.637905518,3.084210126,0.122731882,0.593396518,0.807601786,0.629238989
532nm/k01/coated_181,TRUE,TRUE,145,None,0.55398,18.3265,12.551,2.21099,0.0107416,nan,nan,None,(1.55+0.01j),0.532,nan,0.866195643,3.593667911,0.163281455,0.67742124,0.811495871,0.874768877,0.927512123,3.848057397,0.171318402,0.710764883,0.815292547,0.754416337,0.834368025,3.461621657,0.134968868,0.559958127,0.838238207,0.655853694
532nm/k01/coated_182,TRUE,TRUE,145,None,0.589514,22.084,15.056,2.20263,0.0220797,nan,nan,None,(1.55+0.01j),0.532,nan,1.017183218,3.726671038,0.176640195,0.647159615,0.826343777,0.882236389,1.087876798,3.985672282,0.178019017,0.652211228,0.83636105,0.764626063,1.040703637,3.812843186,0.145550705,0.533256535,0.860142023,0.685381831
532nm/k01/coated_183,TRUE,TRUE,157,0.359579582,0.215776,1,1,2.34046,0.0138188,nan,nan,0.434339305,(1.55+0.01j),0.532,nan,0.082686885,2.261207802,0.061251954,1.67503464,0.259230116,0.789831465,0.102145431,2.7933335,0.059549773,1.628485708,0.417009925,0.379787361,0.102145431,2.7933335,0.059549773,1.628485708,0.417009925,0.379787361
532nm/k01/coated_184,TRUE,TRUE,157,None,0.320608,3.2803,2.5202,2.36458,0.0134086,nan,nan,None,(1.55+0.01j),0.532,nan,0.189137864,2.342825217,0.092304872,1.143368003,0.511970421,0.801245528,0.211114228,2.615043465,0.095064475,1.177550836,0.549701238,0.636268764,0.181572883,2.249118817,0.091969321,1.13921157,0.493485377,0.62121597
532nm/k01/coated_185,TRUE,TRUE,157,None,0.413436,7.034185,5.02279,2.35072,0.0114086,nan,nan,None,(1.55+0.01j),0.532,nan,0.386879201,2.881833728,0.122994685,0.91617805,0.682085042,0.843734972,0.419992138,3.128489478,0.131598042,0.980263803,0.686665463,0.733865346,0.349512407,2.603491325,0.121387802,0.904208501,0.652693868,0.660754721
532nm/k01/coated_186,TRUE,TRUE,157,None,0.476978,10.801525,7.53435,2.3493,0.0191051,nan,nan,None,(1.55+0.01j),0.532,nan,0.581109911,3.25215851,0.146426148,0.819468114,0.748023317,0.866224835,0.610577104,3.417070481,0.144142404,0.806687235,0.763924321,0.74656723,0.538319767,3.012685167,0.127808459,0.715274959,0.762578922,0.640737275
532nm/k01/coated_187,TRUE,TRUE,157,None,0.52706,14.57365,10.0491,2.35178,0.0161407,nan,nan,None,(1.55+0.01j),0.532,nan,0.753387327,3.453093307,0.162497119,0.74479314,0.784311319,0.873360074,0.789529259,3.618747094,0.163479488,0.749295756,0.792940557,0.745910366,0.682486823,3.128126259,0.131062179,0.600713495,0.807963795,0.631907407
532nm/k01/coated_188,TRUE,TRUE,157,None,0.568702,18.30805,12.5387,2.35926,0.0151551,nan,nan,None,(1.55+0.01j),0.532,nan,0.914459902,3.600022991,0.176919617,0.696492748,0.806531028,0.875661057,0.99704876,3.925156753,0.184520742,0.726416665,0.814933081,0.762170747,0.922572948,3.631962229,0.145882107,0.57430505,0.841874718,0.668845062
532nm/k01/coated_189,TRUE,TRUE,157,None,0.605492,22.09585,15.0639,2.33777,0.012194,nan,nan,None,(1.55+0.01j),0.532,nan,1.072285139,3.723947817,0.190422447,0.661319673,0.822414356,0.87975111,1.130098178,3.924727193,0.185729015,0.645019814,0.835652319,0.76553866,1.084829761,3.767514139,0.152629219,0.53006726,0.859305834,0.684529251
532nm/k01/coated_190,TRUE,TRUE,398,None,0.300578,1.065865,1.04391,2.62435,0.0201966,nan,nan,None,(1.55+0.01j),0.532,nan,0.21816857,3.208171334,0.144153098,2.119772962,0.339258181,0.888094596,0.210108126,2.961001222,0.115669612,1.630102886,0.449475781,0.597453326,0.207835147,2.928968704,0.114498018,1.613591902,0.449092133,0.593179115
532nm/k01/coated_191,TRUE,TRUE,398,0.640985914,0.4369,3.273265,2.51551,2.63136,0.0125591,nan,nan,0.386774184,(1.55+0.01j),0.532,nan,0.505391998,3.371121387,0.214334297,1.42967624,0.575904847,0.897634548,0.468641912,3.125986912,0.20408769,1.361328196,0.564512509,0.751255589,0.376176469,2.50921373,0.191838165,1.279620065,0.490031459,0.735594788
532nm/k01/coated_192,TRUE,TRUE,398,0.709746908,0.56301,7.004605,5.00307,2.63384,0.00866992,nan,nan,0.362528296,(1.55+0.01j),0.532,nan,0.897043248,3.603224176,0.285750041,1.147794667,0.68145344,0.904598268,0.883189353,3.547576148,0.288990588,1.160811227,0.672787509,0.78522657,0.784257221,3.15018767,0.236930789,0.951698539,0.697891479,0.669664778
532nm/k01/coated_193,TRUE,TRUE,398,0.776309286,0.649594,10.758805,7.50587,2.62442,0.017582,nan,nan,0.354643407,(1.55+0.01j),0.532,nan,1.203672518,3.631904779,0.340237524,1.026616684,0.717333811,0.906945089,1.175893884,3.548086837,0.33743452,1.018159032,0.713039991,0.775587737,1.081114449,3.262103832,0.238660609,0.720123283,0.779245751,0.63499023
532nm/k01/coated_194,TRUE,TRUE,398,0.837550031,0.718124,14.5357,10.0238,2.6231,0.0131081,nan,nan,0.35109088,(1.55+0.01j),0.532,nan,1.444498034,3.566384727,0.380104674,0.938457147,0.736860373,0.90331651,1.450560331,3.581352198,0.376915597,0.930583495,0.740158621,0.767290285,1.551947318,3.83167099,0.276652309,0.683039054,0.821738595,0.681168607
532nm/k01/coated_195,TRUE,TRUE,398,0.892187652,0.775096,18.277,12.518,2.63029,0.0154288,nan,nan,0.349154801,(1.55+0.01j),0.532,nan,1.670698566,3.540766007,0.414184112,0.877793908,0.752089264,0.896945519,1.551412958,3.287960125,0.401320982,0.850532657,0.741319048,0.743529394,1.642663095,3.481349519,0.291521271,0.617830547,0.822531308,0.671847191
532nm/k01/coated_196,TRUE,TRUE,398,0.936485372,0.824644,22.01095,15.0073,2.62979,0.0131673,nan,nan,0.347342926,(1.55+0.01j),0.532,nan,1.827992168,3.422562931,0.435987898,0.816303289,0.761493563,0.890642323,1.744245362,3.265763182,0.466684337,0.873776454,0.732443412,0.730940376,1.979352524,3.705956019,0.337346423,0.631616142,0.829567286,0.654820542
532nm/k01/coated_197,TRUE,TRUE,455,None,0.314258,1.065835,1.04389,2.61392,0.0246651,nan,nan,None,(1.55+0.01j),0.532,nan,0.251845623,3.38790081,0.16365735,2.201566427,0.35016798,0.896330565,0.231737458,2.987677206,0.126963824,1.636882215,0.452122133,0.62015525,0.229162765,2.95448295,0.12568153,1.62035022,0.451562169,0.616283803
532nm/k01/coated_198,TRUE,TRUE,455,0.677178874,0.457708,3.29302,2.52868,2.62742,0.0181499,nan,nan,0.386902949,(1.55+0.01j),0.532,nan,0.574917058,3.494123949,0.242620508,1.474553788,0.577990418,0.902914588,0.515532104,3.13320512,0.22530961,1.369344832,0.56295717,0.757978829,0.410582767,2.495363564,0.209052992,1.270543384,0.490838368,0.742158558
532nm/k01/coated_199,TRUE,TRUE,455,0.747239232,0.588548,7.00126,5.00084,2.61568,0.0141984,nan,nan,0.362928787,(1.55+0.01j),0.532,nan,0.990069104,3.639249661,0.320374535,1.177617716,0.676411946,0.910519852,0.948022312,3.484696031,0.314288466,1.15524683,0.668479885,0.788356079,0.88011046,3.235068827,0.258292733,0.949420335,0.706522369,0.672785658
532nm/k01/coated_200,TRUE,TRUE,455,0.817640549,0.679126,10.75669,7.50446,2.61136,0.0158863,nan,nan,0.355181368,(1.55+0.01j),0.532,nan,1.301269096,3.592332434,0.379231357,1.046920354,0.708568076,0.911809333,1.291119619,3.564313407,0.389408956,1.075017017,0.698394363,0.778491506,1.24474479,3.436289309,0.271304419,0.748973189,0.782040125,0.639064221
532nm/k01/coated_201,TRUE,TRUE,455,0.881267019,0.750876,14.539,10.026,2.6178,0.0210864,nan,nan,0.351534837,(1.55+0.01j),0.532,nan,1.579982263,3.568008526,0.427860173,0.966218914,0.729199382,0.907779989,1.481295899,3.345149196,0.406886025,0.918853863,0.725317524,0.759164154,1.592719771,3.596773113,0.296744268,0.670125295,0.813687082,0.682463961
532nm/k01/coated_202,TRUE,TRUE,455,0.936545872,0.81023,18.2665,12.511,2.61749,0.0128912,nan,nan,0.349385995,(1.55+0.01j),0.532,nan,1.781643883,3.455527715,0.458551971,0.889369116,0.742624227,0.899977926,1.670845928,3.240633253,0.483811375,0.938360147,0.710439265,0.739406664,1.8379921,3.564816013,0.339115435,0.657719984,0.815496794,0.647430746
532nm/k01/coated_203,TRUE,TRUE,455,0.98553763,0.862234,22.01425,15.0095,2.62246,0.019655,nan,nan,0.347842827,(1.55+0.01j),0.532,nan,1.963327792,3.362425299,0.48798848,0.835736557,0.75144829,0.891144457,1.758328963,3.011341159,0.485289647,0.831114495,0.724005202,0.718205311,2.087154579,3.574492955,0.353819104,0.605956026,0.830477767,0.681324372
532nm/k01/coated_204,TRUE,TRUE,498,None,0.323916,1.06585,1.0439,2.45102,0.0112052,nan,nan,None,(1.55+0.01j),0.532,nan,0.271351358,3.435928797,0.179486426,2.272708658,0.338546055,0.893714025,0.247152845,2.999238012,0.134851074,1.636438643,0.454381868,0.632854278,0.244349184,2.965215144,0.133481937,1.619823959,0.453724644,0.629173325
532nm/k01/coated_205,TRUE,TRUE,498,0.708107152,0.470818,3.2731,2.5154,2.45398,0.0145325,nan,nan,0.388509236,(1.55+0.01j),0.532,nan,0.618093098,3.550241499,0.264162654,1.517313848,0.572616722,0.901640389,0.546692497,3.140126298,0.241266439,1.385801145,0.558679807,0.76322385,0.433768259,2.49150505,0.221576048,1.27270226,0.489183351,0.746795097
532nm/k01/coated_206,TRUE,TRUE,498,0.779433984,0.607966,7.047565,5.03171,2.44845,0.0152271,nan,nan,0.363766651,(1.55+0.01j),0.532,nan,1.102565902,3.798009889,0.35001365,1.205692379,0.682546277,0.914651225,0.993936265,3.423813267,0.336162846,1.1579805,0.661786316,0.788265424,0.921383844,3.17389187,0.267517422,0.921517538,0.709656921,0.664573803
532nm/k01/coated_207,TRUE,TRUE,498,0.845313412,0.700976,10.80214,7.53476,2.44735,0.0117131,nan,nan,0.355128066,(1.55+0.01j),0.532,nan,1.460392582,3.784194405,0.412096014,1.067830288,0.717818332,0.918972514,1.357017408,3.516326873,0.414541874,1.074168041,0.694519856,0.779249026,1.41628745,3.669908428,0.29782157,0.771720379,0.789716721,0.661159245
532nm/k01/coated_208,TRUE,TRUE,498,0.902676534,0.77391,14.5369,10.0246,2.45482,0.0121934,nan,nan,0.350650322,(1.55+0.01j),0.532,nan,1.742973226,3.705270492,0.463421927,0.985157757,0.734119882,0.915936188,1.517920692,3.226846324,0.448856155,0.954193353,0.704295384,0.753012903,1.616263426,3.435906583,0.316004381,0.671772629,0.804484606,0.666771825
532nm/k01/coated_209,TRUE,TRUE,498,0.957760633,0.835108,18.26545,12.5103,2.45906,0.0139505,nan,nan,0.348365821,(1.55+0.01j),0.532,nan,1.965676624,3.588697924,0.502831276,0.918009368,0.744194305,0.911242165,1.730314261,3.159001395,0.515368184,0.940897759,0.702153421,0.738337395,2.053556855,3.749139168,0.370554095,0.676513469,0.819554986,0.666677187
532nm/k01/coated_210,TRUE,TRUE,498,None,0.889266,22.05445,15.0363,2.45192,0.0131288,nan,nan,None,(1.55+0.01j),0.532,nan,2.140117171,3.445754202,0.534367297,0.860372686,0.750309327,0.904130542,1.731897321,2.788488663,0.509534161,0.820389416,0.705794244,0.697214311,2.041961004,3.28771518,0.363998939,0.58606645,0.821740504,0.670241991
532nm/k01/coated_211,TRUE,TRUE,19,0.119643315,0.1067606,1,1,2.27589,0.00197523,nan,nan,0.372016196,(1.55+0.01j),0.532,nan,0.009735225,1.087361308,0.008295284,0.926529279,0.147910385,0.172256593,0.009410497,1.051237091,0.007839869,0.875783777,0.166901753,0.088998135,0.009410497,1.051237091,0.007839869,0.875783777,0.166901753,0.088998135
532nm/k01/coated_212,TRUE,TRUE,19,None,0.1583822,3.26434,2.50956,2.27589,0.00197523,nan,nan,None,(1.55+0.01j),0.532,nan,0.018301565,0.927662987,0.011749945,0.595576886,0.357981407,0.2431821,0.017322944,0.879263551,0.011447819,0.581058889,0.339152762,0.19851586,0.018802561,0.954364748,0.012170141,0.617721903,0.352740234,0.151690941
532nm/k01/coated_213,TRUE,TRUE,19,None,0.204642,7.04137,5.02758,2.27516,0.00159484,nan,nan,None,(1.55+0.01j),0.532,nan,0.034106078,1.038012029,0.015126879,0.4603837,0.556475563,0.403967374,0.03198446,0.972432784,0.014267335,0.433773906,0.553929163,0.343966032,0.034597473,1.051877002,0.015859039,0.482166941,0.541612812,0.278763094
532nm/k01/coated_214,TRUE,TRUE,19,0.251807362,0.236034,10.806535,7.53769,2.27516,0.00159484,nan,nan,0.345480748,(1.55+0.01j),0.532,nan,0.05184662,1.184899276,0.017737807,0.405378695,0.657879194,0.554060212,0.050315274,1.149902002,0.016875425,0.385669876,0.66460631,0.469563676,0.051792035,1.183651791,0.018437186,0.421362258,0.644015021,0.40610208
532nm/k01/coated_215,TRUE,TRUE,19,None,0.26048,14.52115,10.0141,2.27516,0.00159484,nan,nan,None,(1.55+0.01j),0.532,nan,0.072693307,1.361515327,0.020209753,0.378520246,0.721986056,0.6668581,0.072665824,1.363614321,0.019621688,0.368211818,0.729973635,0.559968735,0.072094852,1.352899711,0.020780849,0.38996411,0.711756824,0.510772542
532nm/k01/coated_216,TRUE,TRUE,19,None,0.28167,18.361,12.574,2.27516,0.00159484,nan,nan,None,(1.55+0.01j),0.532,nan,0.098513664,1.580796864,0.022616418,0.36291374,0.770423545,0.729299362,0.100387839,1.61105378,0.02223774,0.356877832,0.778481739,0.609036514,0.098236804,1.57653333,0.023096857,0.370665205,0.764885906,0.577366456
532nm/k01/coated_217,TRUE,TRUE,19,None,0.299522,22.0783,15.0522,2.27516,0.00159484,nan,nan,None,(1.55+0.01j),0.532,nan,0.127577567,1.809458518,0.024624318,0.349251701,0.806985517,0.75190775,0.129816622,1.842395937,0.024070261,0.341612275,0.814582594,0.623626907,0.127386176,1.807902338,0.025005386,0.35488385,0.803704082,0.60437833
532nm/k01/coated_218,TRUE,TRUE,27,0.119643315,0.1199892,1,1,2.74173,0.0117985,nan,nan,0.33245737,(1.55+0.01j),0.532,nan,0.014910106,1.318452662,0.012161299,1.075384504,0.184358654,0.227049418,0.014693602,1.299433586,0.011604364,1.026235753,0.210243783,0.113738437,0.014693602,1.299433586,0.011604364,1.026235753,0.210243783,0.113738437
532nm/k01/coated_219,TRUE,TRUE,27,None,0.1777764,3.251875,2.50125,2.74173,0.0117985,nan,nan,None,(1.55+0.01j),0.532,nan,0.029389189,1.176741457,0.017482686,0.700005741,0.405132081,0.32169851,0.02757206,1.110787859,0.016876477,0.679897904,0.387913813,0.261016218,0.029996801,1.208472723,0.018011202,0.725612223,0.399562597,0.197349269
532nm/k01/coated_220,TRUE,TRUE,27,None,0.23014,7.05484,5.03656,2.74173,0.0117985,nan,nan,None,(1.55+0.01j),0.532,nan,0.053830664,1.300293778,0.022600672,0.54592515,0.580152455,0.529326604,0.052438642,1.260600102,0.021750372,0.522868641,0.585222435,0.454194052,0.054245295,1.304031194,0.023426791,0.563168962,0.568132292,0.373655686
532nm/k01/coated_221,TRUE,TRUE,27,None,0.26484,10.75138,7.50092,2.74173,0.0117985,nan,nan,None,(1.55+0.01j),0.532,nan,0.083688303,1.515601634,0.027172873,0.492102833,0.675308589,0.683300435,0.084247834,1.529331743,0.026384571,0.478953104,0.686821969,0.576382659,0.082377264,1.495375725,0.027636517,0.501679397,0.664512812,0.519156629
532nm/k01/coated_222,TRUE,TRUE,27,None,0.292712,14.51545,10.0103,2.74013,0.0146149,nan,nan,None,(1.55+0.01j),0.532,nan,0.121065453,1.796422881,0.03110621,0.461567735,0.743062872,0.742942333,0.123712349,1.838408911,0.030039463,0.446396967,0.757182983,0.621010661,0.119597915,1.777266988,0.031338058,0.465694545,0.737971533,0.590970831
532nm/k01/coated_223,TRUE,TRUE,27,None,0.316262,18.30865,12.5391,2.74013,0.0146149,nan,nan,None,(1.55+0.01j),0.532,nan,0.160623588,2.048928057,0.033595565,0.428547863,0.790842894,0.753107358,0.164314782,2.09166788,0.031758522,0.404274526,0.806721454,0.623498576,0.160256771,2.040010862,0.033760992,0.429765248,0.789331883,0.606905443
532nm/k01/coated_224,TRUE,TRUE,27,None,0.336486,22.05025,15.0335,2.74013,0.0146149,nan,nan,None,(1.55+0.01j),0.532,nan,0.198218699,2.225428971,0.035015186,0.393120377,0.823350742,0.749690215,0.200496839,2.254673441,0.032345821,0.363742711,0.838671665,0.6198915,0.19631028,2.207593785,0.035095609,0.394665258,0.821223787,0.606487132
532nm/k01/coated_225,TRUE,TRUE,33,0.14425744,0.1283608,1,1,3,0.00736373,nan,nan,0.366711801,(1.55+0.01j),0.532,nan,0.018420561,1.423469409,0.01456298,1.125370522,0.209417136,0.253483621,0.019012344,1.469200111,0.014503167,1.120748404,0.237171032,0.131425237,0.019012344,1.469200111,0.014503167,1.120748404,0.237171032,0.131425237
532nm/k01/coated_226,TRUE,TRUE,33,None,0.1906608,3.277075,2.51805,3,0.00736373,nan,nan,None,(1.55+0.01j),0.532,nan,0.037941733,1.326890353,0.021509811,0.752236618,0.43308306,0.372060546,0.036153533,1.266304169,0.021164375,0.741297861,0.414597315,0.309140879,0.038979851,1.365298052,0.022444978,0.786151921,0.424190257,0.233698021
532nm/k01/coated_227,TRUE,TRUE,33,None,0.246224,7.05811,5.03874,3,0.00736373,nan,nan,None,(1.55+0.01j),0.532,nan,0.070018483,1.478164202,0.028370123,0.598923289,0.594819515,0.604399663,0.0697794,1.46546882,0.027914541,0.586245941,0.599960141,0.520765286,0.069656661,1.462891121,0.029332724,0.61602984,0.578895632,0.439849466
532nm/k01/coated_228,TRUE,TRUE,33,None,0.283936,10.823335,7.54889,3,0.00578414,nan,nan,None,(1.55+0.01j),0.532,nan,0.110905909,1.75836091,0.034420099,0.545714445,0.689645942,0.732197786,0.114269587,1.804678554,0.033615618,0.530897031,0.705821832,0.613377766,0.109440341,1.728409474,0.034965976,0.552223463,0.680501946,0.571311763
532nm/k01/coated_229,TRUE,TRUE,33,None,0.31307,14.5087,10.0058,3,0.00578414,nan,nan,None,(1.55+0.01j),0.532,nan,0.158008543,2.050231873,0.03829582,0.496905475,0.757634499,0.757990367,0.161638608,2.099772836,0.036291851,0.471450749,0.775475356,0.624579547,0.155753333,2.023319937,0.038549021,0.500772605,0.752499545,0.604249091
532nm/k01/coated_230,TRUE,TRUE,33,None,0.337954,18.2506,12.5004,3,0.00578414,nan,nan,None,(1.55+0.01j),0.532,nan,0.201901216,2.242469024,0.040140148,0.445827123,0.801189172,0.755494143,0.205241262,2.288018923,0.0370978,0.413564346,0.819247847,0.621779728,0.198666511,2.214723948,0.04024439,0.448642364,0.797427411,0.605353622
532nm/k01/coated_231,TRUE,TRUE,33,None,0.360178,22.093,15.062,3,0.00619326,nan,nan,None,(1.55+0.01j),0.532,nan,0.240218888,2.36354544,0.041481103,0.408138059,0.827319563,0.752112957,0.246724083,2.421515743,0.038261279,0.37552187,0.844922805,0.629726922,0.237144403,2.327494341,0.041594782,0.408239106,0.824601461,0.608895893
532nm/k01/coated_232,TRUE,TRUE,57,0.183231545,0.1539686,1,1,3,0.0157976,nan,nan,0.376364693,(1.55+0.01j),0.532,nan,0.03384149,1.817587249,0.024642624,1.323526839,0.271822115,0.382116023,0.037332914,2.005107632,0.025719965,1.381389558,0.311064635,0.195746756,0.037332914,2.005107632,0.025719965,1.381389558,0.311064635,0.195746756
532nm/k01/coated_233,TRUE,TRUE,57,None,0.228358,3.262525,2.50835,3,0.0157976,nan,nan,None,(1.55+0.01j),0.532,nan,0.073569394,1.798456324,0.038446558,0.939853551,0.477410967,0.570138009,0.072262125,1.764364811,0.038677668,0.944360769,0.464758783,0.46644386,0.072698822,1.775027278,0.03906163,0.953735664,0.46269239,0.370058732
532nm/k01/coated_234,TRUE,TRUE,57,None,0.295182,7.04644,5.03096,3,0.0272954,nan,nan,None,(1.55+0.01j),0.532,nan,0.140956742,2.065940518,0.052649765,0.771664279,0.626482818,0.756122506,0.144735757,2.114979756,0.050687638,0.740683098,0.649791874,0.620801022,0.133781728,1.954911839,0.052403213,0.765752274,0.608293193,0.584653796
532nm/k01/coated_235,TRUE,TRUE,57,None,0.340064,10.77424,7.51616,3,0.0272954,nan,nan,None,(1.55+0.01j),0.532,nan,0.208563863,2.297376757,0.058013102,0.639027057,0.721844902,0.760798295,0.216736403,2.386275938,0.053899886,0.593439768,0.751311339,0.629542348,0.200235211,2.204597192,0.057300899,0.630885055,0.713832052,0.606177603
532nm/k01/coated_236,TRUE,TRUE,57,None,0.3757,14.52865,10.0191,3,0.0180594,nan,nan,None,(1.55+0.01j),0.532,nan,0.272025691,2.452276915,0.061648366,0.555752153,0.773373003,0.771906427,0.288665801,2.603892573,0.05860128,0.528609336,0.796992648,0.65668437,0.262277799,2.365861181,0.059903795,0.540358596,0.771601732,0.61426937
532nm/k01/coated_237,TRUE,TRUE,57,None,0.4058,18.3079,12.5386,3,0.016811,nan,nan,None,(1.55+0.01j),0.532,nan,0.348857399,2.696159829,0.067121289,0.518749846,0.807596775,0.799432364,0.376410763,2.910369074,0.067167448,0.51933176,0.821558109,0.699024659,0.33906707,2.621631496,0.064381998,0.497794949,0.810120168,0.639616138
532nm/k01/coated_238,TRUE,TRUE,57,None,0.431726,22.04605,15.0307,3,0.016811,nan,nan,None,(1.55+0.01j),0.532,nan,0.443448416,3.030637596,0.073336444,0.501199633,0.83462238,0.831196481,0.474383886,3.240586654,0.074685002,0.510184323,0.842564209,0.72857604,0.435190122,2.972848242,0.069364126,0.47383663,0.840611901,0.661858702
532nm/k01/coated_239,TRUE,TRUE,81,0.183294768,0.1730826,1,1,3,0.00328593,nan,nan,0.346377929,(1.55+0.01j),0.532,nan,0.050255069,2.135911099,0.034746579,1.476778455,0.308595543,0.499100862,0.055490522,2.358425205,0.035827925,1.522737185,0.35434154,0.252089188,0.055490522,2.358425205,0.035827925,1.522737185,0.35434154,0.252089188
532nm/k01/coated_240,TRUE,TRUE,81,0.267146955,0.256784,3.265435,2.51029,3,0.00328593,nan,nan,0.340426047,(1.55+0.01j),0.532,nan,0.110546143,2.134606334,0.055652954,1.074638554,0.496563588,0.694986836,0.109781626,2.119843776,0.05547685,1.071238047,0.494661796,0.557739237,0.103593473,2.00035278,0.054442855,1.051271982,0.474456709,0.479555569
532nm/k01/coated_241,TRUE,TRUE,81,0.34454444,0.331396,7.019125,5.01275,3,0.00438983,nan,nan,0.33946721,(1.55+0.01j),0.532,nan,0.199400901,2.311759822,0.070841209,0.821299497,0.644729747,0.769476273,0.209191633,2.425268935,0.067070914,0.777588478,0.679380514,0.632689718,0.186393826,2.160961934,0.069487508,0.805605328,0.627200593,0.611771208
532nm/k01/coated_242,TRUE,TRUE,81,None,0.382542,10.79635,7.5309,3,0.0047065,nan,nan,None,(1.55+0.01j),0.532,nan,0.287782743,2.503897911,0.078801331,0.685623068,0.726177707,0.781105467,0.313744727,2.72978414,0.077008011,0.670020019,0.754552014,0.676299245,0.273570639,2.380243319,0.075121118,0.653602815,0.725405042,0.621145216
532nm/k01/coated_243,TRUE,TRUE,81,None,0.422298,14.52445,10.0163,3,0.00259813,nan,nan,None,(1.55+0.01j),0.532,nan,0.403041589,2.877543729,0.08901722,0.635544693,0.779136391,0.822479899,0.441661393,3.15327253,0.090702402,0.647576171,0.794633618,0.726667605,0.390958419,2.791275085,0.082501341,0.589024116,0.788976687,0.64924492
532nm/k01/coated_244,TRUE,TRUE,81,None,0.4559,18.2746,12.5164,3,0.00259813,nan,nan,None,(1.55+0.01j),0.532,nan,0.525738648,3.220630033,0.094973955,0.581802335,0.819351391,0.839959797,0.561451442,3.439403557,0.0961424,0.588960124,0.828760971,0.741586663,0.516620831,3.164775065,0.086803745,0.531752325,0.831977846,0.65594251
532nm/k01/coated_245,TRUE,TRUE,81,None,0.485146,22.02205,15.0147,3,0.00237129,nan,nan,None,(1.55+0.01j),0.532,nan,0.60800321,3.289054584,0.095827736,0.518389787,0.842389424,0.833094079,0.650628291,3.519639249,0.097182949,0.525720949,0.85063215,0.736460898,0.598796758,3.239251351,0.087382459,0.472704212,0.854069919,0.646134982
532nm/k01/coated_246,TRUE,TRUE,93,0.199860129,0.1812362,1,1,3,0.00441522,nan,nan,0.354913232,(1.55+0.01j),0.532,nan,0.058065694,2.250815244,0.039510608,1.531559724,0.319553336,0.55084995,0.064036949,2.482280505,0.040367805,1.564787482,0.36961698,0.27716223,0.064036949,2.482280505,0.040367805,1.564787482,0.36961698,0.27716223
532nm/k01/coated_247,TRUE,TRUE,93,None,0.268694,3.258685,2.50579,3,0.00836918,nan,nan,None,(1.55+0.01j),0.532,nan,0.127492511,2.248427339,0.063219743,1.114928221,0.504129752,0.729280297,0.127435324,2.247418792,0.062787285,1.107301488,0.507300779,0.581068592,0.117498487,2.072175116,0.061297609,1.081029924,0.478311502,0.51778648
532nm/k01/coated_248,TRUE,TRUE,93,None,0.34686,7.010185,5.00679,3,0.00836918,nan,nan,None,(1.55+0.01j),0.532,nan,0.224991743,2.381048591,0.078969255,0.835717929,0.649012653,0.77338082,0.239275415,2.532210222,0.075473884,0.798727029,0.684573176,0.644119321,0.208978308,2.211581195,0.076820915,0.812982419,0.632397662,0.617532932
532nm/k01/coated_249,TRUE,TRUE,93,None,0.400578,10.797535,7.53169,3,0.00460249,nan,nan,None,(1.55+0.01j),0.532,nan,0.333975115,2.650025416,0.090997593,0.72204761,0.727531817,0.801557615,0.369557575,2.932365083,0.091325807,0.724651923,0.752878,0.705264704,0.317436499,2.518794824,0.08509096,0.675179664,0.731943365,0.634747013
532nm/k01/coated_250,TRUE,TRUE,93,None,0.442322,14.5372,10.0248,3,0.00839811,nan,nan,None,(1.55+0.01j),0.532,nan,0.474399576,3.087289313,0.102111348,0.664518453,0.784756663,0.837798639,0.514250401,3.34662982,0.103329695,0.672447191,0.799067352,0.741156843,0.463416482,3.015813722,0.092893546,0.604531006,0.799546304,0.654673298
532nm/k01/coated_251,TRUE,TRUE,93,None,0.477594,18.29965,12.5331,3,0.0057891,nan,nan,None,(1.55+0.01j),0.532,nan,0.581234563,3.244470475,0.104242883,0.581887203,0.820652643,0.836522648,0.625622152,3.492243453,0.105298443,0.587779379,0.831690033,0.739931091,0.57305843,3.198831026,0.094056635,0.525027233,0.835869032,0.645072975
532nm/k01/coated_252,TRUE,TRUE,93,None,0.508146,22.04095,15.0273,3,0.00549552,nan,nan,None,(1.55+0.01j),0.532,nan,0.660464575,3.256736523,0.105540831,0.520419552,0.840202132,0.827370874,0.721437478,3.557392589,0.110219232,0.543488647,0.847222753,0.732940541,0.652007548,3.215035107,0.09559763,0.471389846,0.853379565,0.638444744
532nm/k01/coated_253,TRUE,TRUE,123,0.216443302,0.199124,1,1,3,0.0187532,nan,nan,0.350653868,(1.55+0.01j),0.532,nan,0.079100423,2.54004673,0.052443664,1.684053673,0.33699894,0.653701091,0.083615634,2.685037701,0.050390011,1.618107454,0.397361365,0.331646805,0.083615634,2.685037701,0.050390011,1.618107454,0.397361365,0.331646805
532nm/k01/coated_254,TRUE,TRUE,123,None,0.295566,3.27034,2.51356,3,0.0286894,nan,nan,None,(1.55+0.01j),0.532,nan,0.16662932,2.428580992,0.079516529,1.158933674,0.522793896,0.768216495,0.168958341,2.462525894,0.078720238,1.147327943,0.534084923,0.6123749,0.149511924,2.1790992,0.076621462,1.116738793,0.487522737,0.581472032
532nm/k01/coated_255,TRUE,TRUE,123,None,0.38158,7.037005,5.02467,3,0.0250899,nan,nan,None,(1.55+0.01j),0.532,nan,0.292998079,2.562144884,0.102209109,0.893775642,0.651161163,0.797672424,0.323005903,2.824550669,0.101616639,0.88859474,0.685403151,0.690662465,0.270004017,2.361071486,0.096674677,0.845379364,0.641950966,0.636516075
532nm/k01/coated_256,TRUE,TRUE,123,None,0.43995,10.78549,7.52366,3,0.0172243,nan,nan,None,(1.55+0.01j),0.532,nan,0.459408663,3.022057024,0.121550671,0.799577995,0.735419289,0.839538296,0.504318074,3.317477661,0.121712848,0.800644822,0.758658564,0.744413896,0.444366387,2.923106744,0.110051747,0.723936404,0.752340072,0.654503228
532nm/k01/coated_257,TRUE,TRUE,123,None,0.485986,14.5378,10.0252,3,0.0285396,nan,nan,None,(1.55+0.01j),0.532,nan,0.587641956,3.167928693,0.124000507,0.668476373,0.788986294,0.834222344,0.643964486,3.471558742,0.126100698,0.679798329,0.804180664,0.741363024,0.577168007,3.111464506,0.110515954,0.595782273,0.808520305,0.63651644
532nm/k01/coated_258,TRUE,TRUE,123,None,0.524326,18.2572,12.5048,3,0.0162716,nan,nan,None,(1.55+0.01j),0.532,nan,0.697491524,3.23032535,0.128002123,0.592822263,0.816482181,0.827777516,0.781842066,3.620981986,0.139219456,0.644773624,0.821934043,0.739000383,0.68963021,3.193916873,0.114385549,0.52975918,0.834134951,0.635194322
532nm/k01/coated_259,TRUE,TRUE,123,None,0.558408,22.0537,15.0358,3,0.021516,nan,nan,None,(1.55+0.01j),0.532,nan,0.87440876,3.570436842,0.140137928,0.57221936,0.839734076,0.843938157,0.957558026,3.909956775,0.157898091,0.644738692,0.835103371,0.752412382,0.876972801,3.580906485,0.126476194,0.516434969,0.855780939,0.665342077
532nm/k01/coated_260,TRUE,TRUE,147,0.244206383,0.211342,1,1,3,0.00763776,nan,nan,0.362276459,(1.55+0.01j),0.532,nan,0.094050691,2.681022652,0.060814151,1.733577028,0.353389638,0.701748582,0.097207761,2.771018543,0.057126602,1.628459199,0.412324684,0.367249858,0.097207761,2.771018543,0.057126602,1.628459199,0.412324684,0.367249858
532nm/k01/coated_261,TRUE,TRUE,147,None,0.3134,3.26092,2.50728,3,0.00697537,nan,nan,None,(1.55+0.01j),0.532,nan,0.19378095,2.512020706,0.090381163,1.171628853,0.533591084,0.779858624,0.198594698,2.574422269,0.090239486,1.16979227,0.545609792,0.628841124,0.17210293,2.231004253,0.087499512,1.134273441,0.491586159,0.611005537
532nm/k01/coated_262,TRUE,TRUE,147,None,0.404472,7.00981,5.00654,3,0.00648497,nan,nan,None,(1.55+0.01j),0.532,nan,0.353471574,2.750981615,0.124091316,0.965771943,0.648935515,0.824854763,0.391985637,3.050727012,0.123553596,0.961587002,0.684800705,0.724006478,0.324792648,2.52778064,0.114229156,0.889017199,0.648301286,0.654724604
532nm/k01/coated_263,TRUE,TRUE,147,None,0.466524,10.7563,7.5042,3,0.0121108,nan,nan,None,(1.55+0.01j),0.532,nan,0.530790479,3.105169138,0.139179842,0.814213832,0.737787606,0.84210764,0.581907037,3.404205325,0.137756475,0.805887014,0.763267213,0.747452955,0.516586313,3.022073571,0.1236724,0.723493988,0.760596832,0.646251996
532nm/k01/coated_264,TRUE,TRUE,147,None,0.515764,14.53435,10.0229,3,0.00998416,nan,nan,None,(1.55+0.01j),0.532,nan,0.65634615,3.141528542,0.141556841,0.677546224,0.784325937,0.828869018,0.742252566,3.552710139,0.151004899,0.722768313,0.796558603,0.742038829,0.645038857,3.087407429,0.124326102,0.595073192,0.807257964,0.629318695
532nm/k01/coated_265,TRUE,TRUE,147,None,0.556728,18.27985,12.5199,3,0.00605596,nan,nan,None,(1.55+0.01j),0.532,nan,0.849424609,3.489384514,0.15480101,0.635913111,0.8177578,0.842281866,0.941141548,3.866152107,0.174299786,0.716012896,0.814799605,0.756083118,0.85065266,3.49442927,0.137233627,0.563747374,0.838672547,0.658357995
532nm/k01/coated_266,TRUE,TRUE,147,None,0.592784,22.06645,15.0443,3,0.00700342,nan,nan,None,(1.55+0.01j),0.532,nan,1.042269843,3.776568311,0.164806714,0.597161874,0.841877116,0.865946437,1.097480911,3.976620509,0.179637507,0.650899881,0.836318331,0.765100051,1.051737737,3.81087435,0.147147938,0.533176933,0.860090655,0.685770151
532nm/k01/coated_267,TRUE,TRUE,171,0.244206383,0.22226,1,1,3,0.0159307,nan,nan,0.351636068,(1.55+0.01j),0.532,nan,0.109544285,2.823431295,0.069447373,1.789959969,0.366033814,0.739486887,0.109375691,2.819085884,0.063092769,1.626174271,0.42315547,0.39780941,0.109375691,2.819085884,0.063092769,1.626174271,0.42315547,0.39780941
532nm/k01/coated_268,TRUE,TRUE,171,None,0.32931,3.25261,2.50174,3,0.0169378,nan,nan,None,(1.55+0.01j),0.532,nan,0.220068412,2.583794624,0.101967153,1.19718309,0.536657024,0.790382366,0.227533616,2.67144262,0.102121771,1.198998442,0.551179414,0.646452325,0.194028254,2.278060511,0.098288744,1.153995375,0.493430763,0.633033018
532nm/k01/coated_269,TRUE,TRUE,171,None,0.425364,7.009705,5.00647,3,0.0131866,nan,nan,None,(1.55+0.01j),0.532,nan,0.412264244,2.901110865,0.144660248,1.017976752,0.649107945,0.843966447,0.456488405,3.212317076,0.142097178,0.999940384,0.688716786,0.743474634,0.383436162,2.69824714,0.131441243,0.924954382,0.657201756,0.666779658
532nm/k01/coated_270,TRUE,TRUE,171,None,0.491076,10.786045,7.52403,3,0.0143238,nan,nan,None,(1.55+0.01j),0.532,nan,0.57796675,3.051515313,0.152414108,0.804707162,0.736292602,0.836764985,0.650763848,3.435865208,0.155128217,0.819036962,0.761621335,0.745871468,0.564752243,2.981746126,0.133990146,0.707433399,0.762745261,0.633984409
532nm/k01/coated_271,TRUE,TRUE,171,None,0.54266,14.55445,10.0363,3,0.0173636,nan,nan,None,(1.55+0.01j),0.532,nan,0.758076313,3.277686591,0.164283505,0.710310865,0.783288962,0.835221853,0.862492634,3.729150343,0.182504064,0.789090904,0.788399278,0.754236744,0.751360866,3.248651083,0.142464587,0.615972637,0.81039126,0.641047513
532nm/k01/coated_272,TRUE,TRUE,171,None,0.585766,18.3058,12.5372,3,0.0157183,nan,nan,None,(1.55+0.01j),0.532,nan,0.997352215,3.700925603,0.17820771,0.661284414,0.821319182,0.861725937,1.060392429,3.934852135,0.195421422,0.725160213,0.815708396,0.767460909,1.006913505,3.736405169,0.156211783,0.579663009,0.844860773,0.677674064
532nm/k01/coated_273,TRUE,TRUE,171,None,0.623348,22.06015,15.0401,3,0.0218579,nan,nan,None,(1.55+0.01j),0.532,nan,1.100626285,3.606524262,0.179249047,0.587361984,0.837139046,0.86484231,1.170017212,3.833903952,0.197689568,0.647787748,0.831037043,0.763217956,1.116317473,3.657941035,0.16057336,0.526165627,0.85615798,0.676936825
532nm/k01/coated_274,TRUE,TRUE,389,0.331639064,0.291912,1,1,3,0.00400267,nan,nan,0.354732101,(1.55+0.01j),0.532,nan,0.234758244,3.5077374,0.133568287,1.995765807,0.431038992,0.826761368,0.198108762,2.960124018,0.109297563,1.633114752,0.448295158,0.577032868,0.198108762,2.960124018,0.109297563,1.633114752,0.448295158,0.577032868
532nm/k01/coated_275,TRUE,TRUE,389,None,0.432394,3.25003,2.50002,3,0.00572097,nan,nan,None,(1.55+0.01j),0.532,nan,0.427322567,2.910091402,0.199304311,1.357273884,0.533597507,0.863545879,0.458591591,3.12303526,0.200213186,1.363463379,0.563417232,0.749757887,0.368705888,2.510908422,0.188460998,1.283430298,0.488858181,0.7342121
532nm/k01/coated_276,TRUE,TRUE,389,None,0.559116,7.0267,5.0178,3,0.0056271,nan,nan,None,(1.55+0.01j),0.532,nan,0.769401281,3.133712736,0.28088445,1.144020944,0.634931138,0.872382815,0.872083108,3.551927988,0.284621054,1.159239846,0.673630814,0.784116481,0.76614941,3.120468113,0.232332556,0.946272783,0.696752939,0.667517777
532nm/k01/coated_277,TRUE,TRUE,389,None,0.644488,10.761985,7.50799,3,0.00912719,nan,nan,None,(1.55+0.01j),0.532,nan,1.02479016,3.141343256,0.283945181,0.870392119,0.722923588,0.85687046,1.157432798,3.54793972,0.328113575,1.005783823,0.71651609,0.775566091,1.065279173,3.265456359,0.23446041,0.718703846,0.779907074,0.637151646
532nm/k01/coated_278,TRUE,TRUE,389,0.741276411,0.711922,14.50585,10.0039,3,0.00648587,nan,nan,0.338011344,(1.55+0.01j),0.532,nan,1.455489264,3.656405028,0.320053301,0.804021389,0.780106038,0.85979138,1.440351419,3.618376514,0.373247498,0.937653105,0.740863589,0.768186592,1.527388503,3.837026585,0.272535794,0.68465036,0.82156747,0.67662885
532nm/k01/coated_279,TRUE,TRUE,389,0.797230826,0.768732,18.26305,12.5087,3,0.0099709,nan,nan,0.337438378,(1.55+0.01j),0.532,nan,1.551705624,3.343255234,0.323874749,0.697810161,0.791278227,0.869553691,1.538929605,3.315728432,0.388733806,0.837553407,0.747399878,0.745671708,1.63249213,3.517315253,0.28559407,0.615331835,0.825056388,0.677422352
532nm/k01/coated_280,TRUE,TRUE,389,0.84859665,0.818458,22.04125,15.0275,3,0.00593587,nan,nan,0.33732664,(1.55+0.01j),0.532,nan,1.836590212,3.490837141,0.365187879,0.694118592,0.801159847,0.850643283,1.726691548,3.281950947,0.458225848,0.870957385,0.734622059,0.73072662,1.922390463,3.653919084,0.329334168,0.625970854,0.82868508,0.650569711
532nm/k01/coated_281,TRUE,TRUE,389,0.331639064,0.291912,1,1,3,0.00560718,nan,nan,0.354732101,(1.55+0.01j),0.532,nan,0.234758244,3.5077374,0.133568287,1.995765807,0.431038992,0.826761368,0.198108762,2.960124018,0.109297563,1.633114752,0.448295158,0.577032868,0.198108762,2.960124018,0.109297563,1.633114752,0.448295158,0.577032868
532nm/k01/coated_282,TRUE,TRUE,389,None,0.432394,3.25003,2.50002,3,0.00648089,nan,nan,None,(1.55+0.01j),0.532,nan,0.427322567,2.910091402,0.199304311,1.357273884,0.533597507,0.863545879,0.458591591,3.12303526,0.200213186,1.363463379,0.563417232,0.749757887,0.368705888,2.510908422,0.188460998,1.283430298,0.488858181,0.7342121
532nm/k01/coated_283,TRUE,TRUE,389,None,0.559116,7.0267,5.0178,3,0.00597971,nan,nan,None,(1.55+0.01j),0.532,nan,0.769401281,3.133712736,0.28088445,1.144020944,0.634931138,0.872382815,0.872083108,3.551927988,0.284621054,1.159239846,0.673630814,0.784116481,0.76614941,3.120468113,0.232332556,0.946272783,0.696752939,0.667517777
532nm/k01/coated_284,TRUE,TRUE,389,None,0.644488,10.761985,7.50799,3,0.0112156,nan,nan,None,(1.55+0.01j),0.532,nan,1.02479016,3.141343256,0.283945181,0.870392119,0.722923588,0.85687046,1.157432798,3.54793972,0.328113575,1.005783823,0.71651609,0.775566091,1.065279173,3.265456359,0.23446041,0.718703846,0.779907074,0.637151646
532nm/k01/coated_285,TRUE,TRUE,847,0.417623785,0.378548,1,1,3,0.00456839,nan,nan,0.347903554,(1.55+0.01j),0.532,nan,0.447809207,3.978883512,0.239161477,2.125002439,0.465929969,0.891671005,0.331674417,2.947000304,0.177101898,1.573589406,0.466036904,0.667598276,0.331674417,2.947000304,0.177101898,1.573589406,0.466036904,0.667598276
532nm/k01/coated_286,TRUE,TRUE,847,None,0.561238,3.258985,2.50599,3,0.00529051,nan,nan,None,(1.55+0.01j),0.532,nan,0.700589327,2.831910336,0.354274822,1.432043697,0.494318842,0.910495099,0.767637924,3.102933042,0.354215245,1.431802879,0.538564687,0.797286064,0.650306784,2.628659091,0.330101162,1.33432934,0.492391636,0.778237011
532nm/k01/coated_287,TRUE,TRUE,847,None,0.724546,7.01191,5.00794,3,0.00467361,nan,nan,None,(1.55+0.01j),0.532,nan,1.28255426,3.110669993,0.488703913,1.18528833,0.618960439,0.891363937,1.296084498,3.14348584,0.510275827,1.237608227,0.606294321,0.793322424,1.425596201,3.457599778,0.386887674,0.93834617,0.728613423,0.683371635
532nm/k01/coated_288,TRUE,TRUE,847,None,0.835866,10.765885,7.51059,3,0.00432692,nan,nan,None,(1.55+0.01j),0.532,nan,1.890058803,3.444388373,0.536541272,0.977777261,0.716124561,0.869565596,1.626072353,2.963307119,0.6309683,1.149858339,0.611967881,0.766622237,2.025616498,3.691424787,0.448102003,0.816608101,0.778782408,0.670970037
532nm/k01/coated_289,TRUE,TRUE,847,0.944034003,0.923312,14.51065,10.0071,3,0.00357962,nan,nan,0.335690173,(1.55+0.01j),0.532,nan,2.023291437,3.02184095,0.558140641,0.833598271,0.724142242,0.86565344,1.759537567,2.62791735,0.715382501,1.068443279,0.593425844,0.713463697,2.111908632,3.154193148,0.479292838,0.715836927,0.773052285,0.639393865
532nm/k01/coated_290,TRUE,TRUE,847,None,0.997152,18.2779,12.5186,3,0.00490875,nan,nan,None,(1.55+0.01j),0.532,nan,2.414943682,3.092390971,0.609302235,0.780225536,0.747695054,0.859484392,1.8744245,2.400243716,0.756710775,0.968985565,0.59629701,0.689565549,2.374737809,3.040906425,0.507391122,0.64972601,0.786338046,0.639299535
532nm/k01/coated_291,TRUE,TRUE,847,None,1.060858,22.0096,15.0064,3,0.00575129,nan,nan,None,(1.55+0.01j),0.532,nan,2.349994107,2.658657421,0.653377389,0.73919617,0.721966371,0.828755791,1.974299937,2.233617166,0.851470669,0.963308293,0.568722739,0.635061326,2.271242893,2.569562517,0.547657348,0.61959018,0.75887328,0.537615632
532nm/k01/coated_292,TRUE,TRUE,1189,0.468577706,0.423866,1,1,3,0.00550797,nan,nan,0.347494594,(1.55+0.01j),0.532,nan,0.579146332,4.10432049,0.304958092,2.161190836,0.473435166,0.910379877,0.408076068,2.891971989,0.217639675,1.542378722,0.466668859,0.699650049,0.408076068,2.891971989,0.217639675,1.542378722,0.466668859,0.699650049
532nm/k01/coated_293,TRUE,TRUE,1189,None,0.627964,3.25174,2.50116,3,0.00531904,nan,nan,None,(1.55+0.01j),0.532,nan,0.840478175,2.713732681,0.447667414,1.445426814,0.467365808,0.925444981,0.921844268,2.976447207,0.449055314,1.449908061,0.512872912,0.810817816,0.812586703,2.623676805,0.400532119,1.293236558,0.507089991,0.774312045
532nm/k01/coated_294,TRUE,TRUE,1189,None,0.811244,7.010785,5.00719,3,0.00674708,nan,nan,None,(1.55+0.01j),0.532,nan,1.581718987,3.060105864,0.619714273,1.198943236,0.608202039,0.892541835,1.493389185,2.889216756,0.675523105,1.306914966,0.547657695,0.79732301,1.7324146,3.351652296,0.482429561,0.933342484,0.721527652,0.654367997
532nm/k01/coated_295,TRUE,TRUE,1189,None,1.033942,14.51455,10.0097,3,0.00573424,nan,nan,None,(1.55+0.01j),0.532,nan,2.371808522,2.824862993,0.712536566,0.84864278,0.699580906,0.874161823,1.921237579,2.288225583,0.904038434,1.076724657,0.529449953,0.697889033,2.336154743,2.782398755,0.583164453,0.694558463,0.750374219,0.629361873
532nm/k01/coated_296,TRUE,TRUE,1189,None,1.116162,18.25975,12.5065,3,0.00359298,nan,nan,None,(1.55+0.01j),0.532,nan,2.757675729,2.818375467,0.79719891,0.814746211,0.71091637,0.859263983,2.166197949,2.213878554,1.002103054,1.02416054,0.537390821,0.697881767,2.528610903,2.58426865,0.64691626,0.66115566,0.744161405,0.572612567
532nm/k01/coated_297,TRUE,TRUE,1189,None,1.187888,22.0111,15.0074,3,0.0059592,nan,nan,None,(1.55+0.01j),0.532,nan,2.586674291,2.334000126,0.829092432,0.748104177,0.67947552,0.811139564,2.387576757,2.15435104,1.103500272,0.995707029,0.537815792,0.688597924,2.384685803,2.151742483,0.707436568,0.638332025,0.703341812,0.483981281
532nm/k05/coated_1,TRUE,TRUE,14,None,0.0969866,1.022425,1.01495,1.7378,0.0267853,nan,nan,None,(1.55+0.05j),0.532,nan,0.006538364,0.895472383,0.005851798,0.801442501,0.105005898,0.225152494,0.006464183,0.874984307,0.00559507,0.757342232,0.134450497,0.073067819,0.00645752,0.874082449,0.005585865,0.756096295,0.134982866,0.072278859
532nm/k05/coated_2,TRUE,TRUE,14,0.173741447,0.1314136,2.543425,2.02895,1.7378,0.0267853,nan,nan,0.411580682,(1.55+0.05j),0.532,nan,0.012476689,0.773799846,0.009146143,0.567240553,0.266941502,0.261874256,0.010532763,0.776554243,0.008112466,0.598111838,0.229787431,0.133252952,0.010938946,0.806501118,0.008270744,0.609781276,0.243917631,0.105368975
532nm/k05/coated_3,TRUE,TRUE,14,None,0.1844664,7.0348,5.0232,1.7378,0.0267853,nan,nan,None,(1.55+0.05j),0.532,nan,0.023466089,0.878044012,0.01282584,0.479911768,0.453430852,0.361015733,0.023034072,0.861879004,0.012470976,0.466633612,0.458585707,0.269837175,0.024752138,0.92616483,0.01340686,0.501652132,0.45835545,0.22378063
532nm/k05/coated_4,TRUE,TRUE,14,None,0.213002,10.830565,7.55371,1.7314,0.0362644,nan,nan,None,(1.55+0.05j),0.532,nan,0.036496508,1.024221934,0.016276556,0.456778107,0.554024287,0.468792032,0.036110424,1.013387046,0.015976638,0.448361318,0.557561624,0.373705046,0.037841842,1.06197679,0.017049928,0.478481659,0.549442451,0.3253304
532nm/k05/coated_5,TRUE,TRUE,14,None,0.235128,14.5684,10.0456,1.7314,0.0362644,nan,nan,None,(1.55+0.05j),0.532,nan,0.050764666,1.169130399,0.01975886,0.45505439,0.610775334,0.565927675,0.050949324,1.173383149,0.01972084,0.454178769,0.612932255,0.464777823,0.051979508,1.197108686,0.020654037,0.475670672,0.602650388,0.420942536
532nm/k05/coated_6,TRUE,TRUE,14,None,0.253522,18.26215,12.5081,1.7314,0.0362644,nan,nan,None,(1.55+0.05j),0.532,nan,0.066497587,1.317300025,0.023408423,0.463714816,0.647980865,0.643624254,0.06765745,1.340276611,0.023726607,0.470017951,0.649312726,0.536395095,0.067733244,1.341778063,0.02444928,0.484333916,0.639035747,0.501663298
532nm/k05/coated_7,TRUE,TRUE,14,None,0.270054,22.07245,15.0483,1.7314,0.0362644,nan,nan,None,(1.55+0.05j),0.532,nan,0.084456887,1.474497224,0.027315099,0.476882804,0.676579382,0.701602203,0.08699744,1.518851664,0.027969717,0.488311509,0.67849954,0.586555689,0.086235888,1.505556057,0.028559129,0.49860181,0.668825476,0.562592502
532nm/k05/coated_8,TRUE,TRUE,14,0.376183744,0.343774,45.5323,30.6882,1.7314,0.0362644,nan,nan,0.347294102,(1.55+0.05j),0.532,nan,0.20712633,2.231512754,0.047647677,0.513340811,0.769958379,0.776727771,0.209842362,2.260774419,0.046240126,0.498176308,0.779643513,0.632787482,0.208563586,2.246997296,0.047930653,0.516389507,0.770186859,0.630751047
532nm/k05/coated_9,TRUE,TRUE,14,0.440423605,0.406684,75.3826,50.5884,1.7314,0.0362644,nan,nan,0.344788721,(1.55+0.05j),0.532,nan,0.357981258,2.754743196,0.07358973,0.566288888,0.794431332,0.822985414,0.363129005,2.795483188,0.073091863,0.56268453,0.798716539,0.703594224,0.356228452,2.74236053,0.074823857,0.576017974,0.789955417,0.693676986
532nm/k05/coated_10,TRUE,TRUE,26,None,0.1194184,1.02265,1.0151,1.7346,0.0247407,nan,nan,None,(1.55+0.05j),0.532,nan,0.012638416,1.145757637,0.010960437,0.993637521,0.132768145,0.409616771,0.014202111,1.268003735,0.011263349,1.005622966,0.206924288,0.112691528,0.014208145,1.268542467,0.011256758,1.005034495,0.207724991,0.111407622
532nm/k05/coated_11,TRUE,TRUE,26,None,0.1758732,3.26671,2.51114,1.70738,0.0248295,nan,nan,None,(1.55+0.05j),0.532,nan,0.025128498,1.034373334,0.01724399,0.709820518,0.313767578,0.455919757,0.027938644,1.150048391,0.01771988,0.729409739,0.36575735,0.254811364,0.029973213,1.233798086,0.018638632,0.767228658,0.378157037,0.197233885
532nm/k05/coated_12,TRUE,TRUE,26,None,0.227436,7.064635,5.04309,1.70738,0.0248295,nan,nan,None,(1.55+0.05j),0.532,nan,0.049079026,1.208057587,0.024303274,0.598213884,0.504813438,0.56815794,0.054040611,1.330184705,0.025602607,0.63019635,0.526233952,0.444828158,0.055522477,1.366660161,0.026784707,0.659293208,0.517588039,0.374768111
532nm/k05/coated_13,TRUE,TRUE,26,None,0.262106,10.813,7.542,1.70738,0.0248295,nan,nan,None,(1.55+0.05j),0.532,nan,0.07813863,1.448178126,0.031175502,0.5777895,0.601023182,0.659633693,0.086090707,1.595557537,0.0338218,0.62683452,0.607137627,0.569129279,0.084628684,1.568461199,0.034685088,0.642834222,0.590149745,0.522975945
532nm/k05/coated_14,TRUE,TRUE,26,None,0.28969,14.59855,10.0657,1.72451,0.0139297,nan,nan,None,(1.55+0.05j),0.532,nan,0.111443416,1.690820591,0.03828594,0.580874648,0.656454001,0.724558836,0.12325271,1.86999131,0.041330897,0.627072767,0.664665411,0.62017204,0.119953314,1.819932844,0.042472389,0.644391502,0.64592567,0.599494826
532nm/k05/coated_15,TRUE,TRUE,26,None,0.312862,18.38965,12.5931,1.72451,0.0139297,nan,nan,None,(1.55+0.05j),0.532,nan,0.147420059,1.91761344,0.0452468,0.588562178,0.693075692,0.762490441,0.160456804,2.087193063,0.046943252,0.610629326,0.707439941,0.630769187,0.15675249,2.039008014,0.048762665,0.63429592,0.688919359,0.622044986
532nm/k05/coated_16,TRUE,TRUE,26,None,0.332836,22.1413,15.0942,1.72451,0.0139297,nan,nan,None,(1.55+0.05j),0.532,nan,0.182841398,2.101474205,0.051615105,0.593234427,0.717705587,0.783681841,0.194534558,2.23586868,0.051292568,0.58952737,0.736331845,0.632929712,0.190289611,2.187079697,0.053604578,0.616100283,0.718300031,0.626644574
532nm/k05/coated_17,TRUE,TRUE,34,None,0.1306188,1.02337,1.01558,1.66427,0.0272966,nan,nan,None,(1.55+0.05j),0.532,nan,0.018052594,1.304694788,0.01542616,1.114877518,0.145487873,0.499398859,0.019984818,1.491416465,0.015135416,1.129517857,0.242654293,0.136656634,0.020005815,1.492983455,0.015132216,1.129279066,0.243609123,0.135027196
532nm/k05/coated_18,TRUE,TRUE,34,None,0.248514,7.04806,5.03204,1.66598,0.0170205,nan,nan,None,(1.55+0.05j),0.532,nan,0.068102909,1.404022482,0.032253544,0.664945168,0.526399914,0.609768214,0.077276806,1.59315329,0.035022722,0.722035078,0.546788697,0.529539387,0.076520976,1.577570955,0.035869944,0.739501556,0.531240384,0.462382271
532nm/k05/coated_19,TRUE,TRUE,34,None,0.28682,10.835365,7.55691,1.66598,0.0170205,nan,nan,None,(1.55+0.05j),0.532,nan,0.108901775,1.685490138,0.041130254,0.636579495,0.622317876,0.69483844,0.123718079,1.914804428,0.045381906,0.702382994,0.633182907,0.616741491,0.119081124,1.843037537,0.046564649,0.720688489,0.608967005,0.589615184
532nm/k05/coated_20,TRUE,TRUE,34,None,0.316864,14.6095,10.073,1.66598,0.0170205,nan,nan,None,(1.55+0.05j),0.532,nan,0.152617676,1.935392944,0.049861495,0.63230936,0.673291483,0.752632129,0.170545017,2.162735222,0.052511175,0.665910798,0.692097862,0.631530437,0.16458819,2.087194811,0.054699686,0.693663998,0.667657282,0.621514469
532nm/k05/coated_21,TRUE,TRUE,34,None,0.341552,18.2974,12.5316,1.66565,0.0165693,nan,nan,None,(1.55+0.05j),0.532,nan,0.198530053,2.166819385,0.058508469,0.638579819,0.705291625,0.788910045,0.212668277,2.321128399,0.058044976,0.633521111,0.727063306,0.637221117,0.205011496,2.23755989,0.060637101,0.661812379,0.704225848,0.627455486
532nm/k05/coated_22,TRUE,TRUE,34,None,0.36374,22.09975,15.0665,1.66565,0.0165693,nan,nan,None,(1.55+0.05j),0.532,nan,0.246200486,2.369282788,0.067116719,0.645890221,0.727389983,0.809327603,0.255454593,2.458338646,0.064744482,0.62306127,0.746551896,0.652614188,0.244521848,2.353128603,0.066994808,0.644717032,0.726017086,0.637128007
532nm/k05/coated_23,TRUE,TRUE,48,None,0.1465568,1.023205,1.01547,1.68448,0.019706,nan,nan,None,(1.55+0.05j),0.532,nan,0.023313237,1.404131513,0.019843588,1.195158223,0.148827434,0.609674671,0.030752771,1.822982214,0.021844005,1.294882709,0.289689883,0.175956395,0.030801157,1.825850427,0.021844197,1.294894121,0.290799454,0.173856758
532nm/k05/coated_24,TRUE,TRUE,48,None,0.215698,3.262045,2.50803,1.68298,0.0199689,nan,nan,None,(1.55+0.05j),0.532,nan,0.048057017,1.315148192,0.031415081,0.859718096,0.346295648,0.637496858,0.060706289,1.661313398,0.034506427,0.944317139,0.431583986,0.413419325,0.062288088,1.704601575,0.035093031,0.960370385,0.436601257,0.328731385
532nm/k05/coated_25,TRUE,TRUE,48,None,0.278264,7.00354,5.00236,1.68298,0.0199689,nan,nan,None,(1.55+0.05j),0.532,nan,0.099379056,1.634146307,0.044818138,0.736970122,0.549018274,0.698513584,0.119843459,1.970654119,0.050683188,0.83341247,0.577088409,0.604163277,0.113701483,1.869658128,0.051435041,0.845775624,0.547630868,0.563073162
532nm/k05/coated_26,TRUE,TRUE,48,None,0.321782,10.8301,7.5534,1.68153,0.0213688,nan,nan,None,(1.55+0.05j),0.532,nan,0.16137909,1.984421333,0.057483704,0.70685668,0.643797077,0.755643223,0.18386649,2.260940902,0.061098021,0.751300662,0.667704423,0.633337822,0.173472354,2.133127908,0.063457108,0.780309508,0.634194693,0.621811773
532nm/k05/coated_27,TRUE,TRUE,48,None,0.354918,14.5321,10.0214,1.68153,0.0213688,nan,nan,None,(1.55+0.05j),0.532,nan,0.225188999,2.27615188,0.069561957,0.703114186,0.691095224,0.797208939,0.242011118,2.446185487,0.069732898,0.704842016,0.711860764,0.649468718,0.226835622,2.292795523,0.071859876,0.726340948,0.683207272,0.631652957
532nm/k05/coated_28,TRUE,TRUE,48,None,0.383096,18.27565,12.5171,1.68709,0.020263,nan,nan,None,(1.55+0.05j),0.532,nan,0.288777496,2.505291301,0.081085902,0.703461343,0.719209761,0.82246855,0.305121696,2.64708553,0.081681719,0.708630357,0.732297899,0.681245036,0.283195588,2.456865418,0.082189845,0.713038606,0.7097771,0.650836586
532nm/k05/coated_29,TRUE,TRUE,48,None,0.408188,22.10695,15.0713,1.68709,0.020263,nan,nan,None,(1.55+0.05j),0.532,nan,0.355122806,2.713739875,0.092827116,0.70935643,0.738605591,0.839642942,0.378145868,2.88967507,0.096290685,0.735823966,0.745361001,0.716441298,0.35104313,2.682564235,0.095369223,0.728782438,0.728326193,0.676922043
532nm/k05/coated_30,TRUE,TRUE,58,None,0.1559954,1.02262,1.01508,1.71837,0.0147304,nan,nan,None,(1.55+0.05j),0.532,nan,0.028242515,1.500518232,0.02385285,1.267296366,0.155427546,0.639266698,0.038520986,2.015505255,0.026406411,1.381643234,0.314492865,0.201984985,0.038582974,2.018748568,0.026404307,1.381533149,0.315648729,0.199647829
532nm/k05/coated_31,TRUE,TRUE,58,None,0.230658,3.305875,2.53725,1.71837,0.0147304,nan,nan,None,(1.55+0.05j),0.532,nan,0.059262721,1.418256118,0.037994865,0.909280705,0.358874118,0.667639031,0.076980096,1.842262549,0.042383867,1.01431689,0.449417842,0.473437389,0.076792012,1.837761374,0.042391972,1.014510853,0.447963774,0.387806408
532nm/k05/coated_32,TRUE,TRUE,58,None,0.296382,7.013515,5.00901,1.73063,0.0214927,nan,nan,None,(1.55+0.05j),0.532,nan,0.120290865,1.743568912,0.053764674,0.77929786,0.553044417,0.730872805,0.149194068,2.162509509,0.06009914,0.871113463,0.597174736,0.622259727,0.13902083,2.015052406,0.061267751,0.888052018,0.559290857,0.598405231
532nm/k05/coated_33,TRUE,TRUE,58,None,0.34248,10.82146,7.54764,1.73063,0.0214927,nan,nan,None,(1.55+0.05j),0.532,nan,0.192650267,2.091266134,0.068681164,0.745550968,0.643493023,0.783020789,0.221882977,2.408594408,0.07112909,0.7721238,0.679429713,0.643429671,0.205447156,2.230179519,0.073274605,0.795413899,0.643340865,0.628453788
532nm/k05/coated_34,TRUE,TRUE,58,0.495521644,0.378166,14.56885,10.0459,1.72274,0.0254223,nan,nan,0.373437694,(1.55+0.05j),0.532,nan,0.267807307,2.384336689,0.082828186,0.737434259,0.690717228,0.816622837,0.295828256,2.633812241,0.084830367,0.755260038,0.713244541,0.678142477,0.270692694,2.410025806,0.084934465,0.756186842,0.686232886,0.645969719
532nm/k05/coated_35,TRUE,TRUE,58,0.52394838,0.40803,18.30025,12.5335,1.72095,0.0236878,nan,nan,0.369222338,(1.55+0.05j),0.532,nan,0.342631964,2.620316813,0.096421823,0.737396833,0.718584856,0.838210393,0.380101614,2.906870213,0.101993837,0.780009442,0.731666918,0.718852342,0.348225291,2.663092414,0.100026323,0.764962653,0.712753996,0.673904333
532nm/k05/coated_36,TRUE,TRUE,65,None,0.1619726,1.02214,1.01476,1.69066,0.017935,nan,nan,None,(1.55+0.05j),0.532,nan,0.032475705,1.597905095,0.02709887,1.333348165,0.165564858,0.599271608,0.043926108,2.131816105,0.02948069,1.430752961,0.328857232,0.219370361,0.043993233,2.135073793,0.0294744,1.430447707,0.330024231,0.216906164
532nm/k05/coated_37,TRUE,TRUE,65,0.347405571,0.219694,2.550625,2.03375,1.68594,0.0188477,nan,nan,0.423010646,(1.55+0.05j),0.532,nan,0.056752632,1.497130756,0.039020861,1.029367801,0.312439614,0.614244577,0.072989039,1.925446128,0.042431725,1.119346162,0.418656203,0.433588165,0.073524815,1.939579867,0.042223875,1.113863079,0.425719405,0.351851183
532nm/k05/coated_38,TRUE,TRUE,65,0.43046593,0.307734,7.00987,5.00658,1.68594,0.0188477,nan,nan,0.388165653,(1.55+0.05j),0.532,nan,0.137018761,1.842210232,0.059864351,0.804873137,0.563093765,0.713372207,0.168231175,2.261859547,0.065885015,0.885820656,0.608366197,0.628360245,0.155111308,2.085463598,0.067304322,0.90490317,0.566090163,0.611881004
532nm/k05/coated_39,TRUE,TRUE,65,0.47289858,0.355646,10.82029,7.54686,1.69447,0.0294127,nan,nan,0.376802096,(1.55+0.05j),0.532,nan,0.219982409,2.214431321,0.076669625,0.77178725,0.651473838,0.785182374,0.248522671,2.501729069,0.078822435,0.793458304,0.682836038,0.655243853,0.226768368,2.282741514,0.080112765,0.806447281,0.646719843,0.63382112
532nm/k05/coated_40,TRUE,TRUE,65,0.509384151,0.393138,14.61565,10.0771,1.69216,0.0301933,nan,nan,0.371117414,(1.55+0.05j),0.532,nan,0.310039413,2.554094586,0.093374498,0.769216075,0.698830231,0.827643424,0.337298444,2.778653599,0.096876611,0.798066363,0.712786666,0.700841496,0.305156226,2.513867049,0.095177588,0.78406987,0.688102093,0.658819586
532nm/k05/coated_41,TRUE,TRUE,65,0.537791951,0.42402,18.33775,12.5585,1.69216,0.0301933,nan,nan,0.366892715,(1.55+0.05j),0.532,nan,0.398112267,2.819311061,0.108929765,0.771407758,0.726384304,0.850510978,0.433339526,3.068779888,0.115328575,0.8167222,0.733860938,0.737588438,0.397666136,2.816151697,0.112245805,0.794890952,0.717738589,0.685071911
532nm/k05/coated_42,TRUE,TRUE,65,0.563217211,0.451472,22.135,15.09,1.67895,0.0192824,nan,nan,0.363749369,(1.55+0.05j),0.532,nan,0.484721979,3.027897639,0.12403485,0.774804619,0.744111357,0.863624258,0.521568164,3.258063552,0.128391768,0.802020845,0.753835113,0.751851248,0.486959784,3.041876466,0.124913741,0.78029476,0.74348243,0.692704097
532nm/k05/coated_43,TRUE,TRUE,79,None,0.1729106,1.02265,1.0151,1.82209,0.0246349,nan,nan,None,(1.55+0.05j),0.532,nan,0.03946769,1.707482288,0.032509097,1.406434131,0.176311145,0.686263099,0.054593417,2.324915438,0.035359914,1.505837413,0.352304437,0.252567257,0.054663979,2.32792037,0.035338351,1.504919117,0.353534968,0.249746087
532nm/k05/coated_44,TRUE,TRUE,79,0.386925478,0.233896,2.5312,2.0208,1.82209,0.0246349,nan,nan,0.428342084,(1.55+0.05j),0.532,nan,0.069699603,1.622164278,0.046947337,1.092635958,0.326433227,0.703630211,0.090430864,2.104656425,0.051206547,1.191763336,0.433749223,0.485116349,0.088722364,2.064893386,0.050174653,1.167747384,0.434475701,0.406375348
532nm/k05/coated_45,TRUE,TRUE,79,0.464522334,0.328652,7.022095,5.01473,1.84112,0.0231796,nan,nan,0.388095993,(1.55+0.05j),0.532,nan,0.172707951,2.035869293,0.07349074,0.86630372,0.574479696,0.780384409,0.204676173,2.412708462,0.076952837,0.907114682,0.624026402,0.639298127,0.18477829,2.1781536,0.078243331,0.922326938,0.576555603,0.62725407
532nm/k05/coated_46,TRUE,TRUE,79,0.504891364,0.379952,10.850395,7.56693,1.83487,0.0200965,nan,nan,0.375429803,(1.55+0.05j),0.532,nan,0.274751402,2.423218446,0.093969952,0.828784564,0.657981902,0.824681672,0.306333777,2.701764767,0.096830503,0.854013697,0.683905236,0.687311236,0.272459324,2.403003062,0.095209078,0.839713256,0.650556727,0.649423553
532nm/k05/coated_47,TRUE,TRUE,79,0.53954226,0.419424,14.59555,10.0637,1.82919,0.0228367,nan,nan,0.369055101,(1.55+0.05j),0.532,nan,0.378206007,2.737360433,0.112775282,0.816239272,0.701815201,0.845962051,0.42032954,3.042240025,0.120038564,0.868809084,0.714417969,0.735750119,0.379317844,2.74540763,0.115856758,0.838542219,0.694565496,0.679824205
532nm/k05/coated_48,TRUE,TRUE,79,0.569321805,0.451876,18.2524,12.5016,1.82919,0.0228367,nan,nan,0.365097316,(1.55+0.05j),0.532,nan,0.474850846,2.960934386,0.129509,0.807553895,0.727263833,0.857396001,0.521932537,3.254512462,0.135537749,0.845146188,0.740315578,0.753013215,0.482609466,3.009313293,0.130787173,0.815523947,0.728999985,0.688301822
532nm/k05/coated_49,TRUE,TRUE,79,0.594451307,0.4813,22.05505,15.0367,1.81243,0.0128311,nan,nan,0.361626611,(1.55+0.05j),0.532,nan,0.57246653,3.146505503,0.146788095,0.806806205,0.74358659,0.86769907,0.607184506,3.33732941,0.147493259,0.810682067,0.75708659,0.753465375,0.56323848,3.095784439,0.140224207,0.770728445,0.75103937,0.683368023
532nm/k05/coated_50,TRUE,TRUE,86,None,0.1778986,1.02322,1.01548,1.96363,0.0117787,nan,nan,None,(1.55+0.05j),0.532,nan,0.042791528,1.74846305,0.034936447,1.427504207,0.183566272,0.73141707,0.05973022,2.403029891,0.038117333,1.533513368,0.361841743,0.268081766,0.059797534,2.405738015,0.038084711,1.532200934,0.363105656,0.265069288
532nm/k05/coated_51,TRUE,TRUE,86,0.414500837,0.240566,2.53018,2.02012,1.96372,0.0161135,nan,nan,0.434419478,(1.55+0.05j),0.532,nan,0.075716448,1.665834518,0.050174505,1.103887257,0.337336785,0.746457261,0.099037118,2.178911635,0.055384955,1.218522155,0.440765685,0.506096627,0.095988311,2.111834954,0.053954501,1.187050802,0.437905505,0.430930473
532nm/k05/coated_52,TRUE,TRUE,86,0.487455882,0.338958,7.07767,5.05178,1.96786,0.0259367,nan,nan,0.390005324,(1.55+0.05j),0.532,nan,0.197176752,2.185113751,0.079962283,0.886142416,0.594463942,0.798940157,0.223753234,2.479634459,0.082874427,0.918414813,0.629616854,0.64704206,0.19981843,2.214388842,0.083671807,0.92725138,0.581260815,0.632981197
532nm/k05/coated_53,TRUE,TRUE,86,0.527603843,0.389642,10.75105,7.5007,1.96232,0.0159962,nan,nan,0.377719812,(1.55+0.05j),0.532,nan,0.308123248,2.584062761,0.101349019,0.849959321,0.671076363,0.831172163,0.33323634,2.79467266,0.105756389,0.886921543,0.682638487,0.702143083,0.294087618,2.466353537,0.10272544,0.861502619,0.65069784,0.657604014
532nm/k05/coated_54,TRUE,TRUE,86,0.560872553,0.430822,14.53255,10.0217,1.96232,0.0159962,nan,nan,0.370329429,(1.55+0.05j),0.532,nan,0.417999179,2.867410046,0.121809712,0.83559588,0.708588633,0.852579237,0.457056062,3.135334255,0.129558266,0.88874977,0.716537473,0.745496929,0.414304648,2.84206613,0.124790774,0.856045505,0.698794656,0.684688608
532nm/k05/coated_55,TRUE,TRUE,86,0.589456896,0.46506,18.28,12.52,1.96374,0.0139433,nan,nan,0.365539807,(1.55+0.05j),0.532,nan,0.523257642,3.080404321,0.141740541,0.834422932,0.729119023,0.866609163,0.559784643,3.295437836,0.143978884,0.8476,0.742795937,0.754578676,0.517213609,3.044823255,0.137781859,0.811118273,0.733607436,0.684566512
532nm/k05/coated_56,TRUE,TRUE,86,0.616771475,0.495344,22.0888,15.0592,1.97431,0.0194291,nan,nan,0.362375941,(1.55+0.05j),0.532,nan,0.627575557,3.256584302,0.16221676,0.841767253,0.741518359,0.877713812,0.648324996,3.364256271,0.158492058,0.822439215,0.755536098,0.753488388,0.597500881,3.100522269,0.148559878,0.770899634,0.751364587,0.680784919
532nm/k05/coated_57,TRUE,TRUE,93,None,0.1825366,1.022425,1.01495,1.96702,0.0200137,nan,nan,None,(1.55+0.05j),0.532,nan,0.05063684,1.873114579,0.040459412,1.496639876,0.200988614,0.733275692,0.064672533,2.471326215,0.040730076,1.556415076,0.370210591,0.282510242,0.064729227,2.47349264,0.040687016,1.554769629,0.371427429,0.279502544
532nm/k05/coated_58,TRUE,TRUE,93,0.41761159,0.246468,2.516905,2.01127,1.96461,0.0218233,nan,nan,0.429999512,(1.55+0.05j),0.532,nan,0.083339729,1.746791699,0.054058025,1.133050351,0.351353483,0.743957882,0.107059396,2.243953367,0.059243774,1.241743092,0.446627051,0.522569349,0.102670377,2.151959988,0.057448181,1.204107668,0.440460011,0.451784287
532nm/k05/coated_59,TRUE,TRUE,93,0.501521065,0.347816,7.073425,5.04895,1.94882,0.0151663,nan,nan,0.389737531,(1.55+0.05j),0.532,nan,0.212107262,2.232371883,0.085652869,0.901473408,0.596181346,0.806941081,0.241402761,2.540699134,0.088825115,0.93486044,0.632045988,0.655670087,0.213365107,2.245610363,0.08887841,0.93542136,0.583444495,0.638102221
532nm/k05/coated_60,TRUE,TRUE,93,0.545854515,0.400132,10.76935,7.5129,1.96443,0.0205203,nan,nan,0.378284766,(1.55+0.05j),0.532,nan,0.328605943,2.613237984,0.108745713,0.864800024,0.669069549,0.840421042,0.364086105,2.89539389,0.115418986,0.91786921,0.682989864,0.717317499,0.320181763,2.546244719,0.111109936,0.883601507,0.652978561,0.666576133
532nm/k05/coated_61,TRUE,TRUE,93,0.580983795,0.442262,14.542,10.028,1.95977,0.0139572,nan,nan,0.371177387,(1.55+0.05j),0.532,nan,0.445743102,2.901586343,0.130763271,0.851209853,0.706639833,0.860007941,0.492378228,3.205159961,0.138094361,0.89893194,0.719536014,0.751561566,0.448487577,2.919451634,0.132773086,0.864292841,0.703953704,0.686080826
532nm/k05/coated_62,TRUE,TRUE,93,0.613824784,0.477326,18.2821,12.5214,1.95977,0.0139572,nan,nan,0.367147686,(1.55+0.05j),0.532,nan,0.555613427,3.104936113,0.151553737,0.846928187,0.727231687,0.873580152,0.593918415,3.318995988,0.152352927,0.851394301,0.743478358,0.75468642,0.546447693,3.053715216,0.14418416,0.805744756,0.736142797,0.680496414
532nm/k05/coated_63,TRUE,TRUE,93,0.643285984,0.508638,22.12135,15.0809,1.96432,0.00858103,nan,nan,0.364119285,(1.55+0.05j),0.532,nan,0.663863074,3.267164679,0.172614499,0.849512522,0.739984786,0.883095662,0.691483864,3.40309884,0.171255242,0.842823015,0.752336604,0.755096097,0.633756468,3.118996716,0.158549681,0.780293313,0.749825542,0.68173204
532nm/k05/coated_64,TRUE,TRUE,101,None,0.1875528,1.021495,1.01433,1.70527,0.0128809,nan,nan,None,(1.55+0.05j),0.532,nan,0.050652626,1.857719238,0.041419769,1.519097983,0.18227795,0.701351044,0.070125317,2.53827019,0.043571738,1.577131473,0.378658947,0.298073433,0.070166828,2.539772733,0.043516598,1.575135607,0.37981238,0.295105164
532nm/k05/coated_65,TRUE,TRUE,101,0.415793561,0.253426,2.5201,2.0134,1.70877,0.0195236,nan,nan,0.422727595,(1.55+0.05j),0.532,nan,0.089243041,1.769221224,0.059620706,1.181965761,0.331928792,0.716811094,0.116456131,2.308714009,0.063599008,1.260834613,0.453880122,0.539817113,0.110375104,2.188159161,0.061421186,1.217659824,0.443523192,0.474918326
532nm/k05/coated_66,TRUE,TRUE,101,0.514978703,0.35707,7.04893,5.03262,1.70289,0.00750206,nan,nan,0.389094707,(1.55+0.05j),0.532,nan,0.222625787,2.223201662,0.093066442,0.929386805,0.581960188,0.786599965,0.26125789,2.608992353,0.095877987,0.957463658,0.633014004,0.666590676,0.22841294,2.280993747,0.094871148,0.947409092,0.584650728,0.644057764
532nm/k05/coated_67,TRUE,TRUE,101,0.563984181,0.411006,10.750045,7.50003,1.70239,0.015535,nan,nan,0.378605906,(1.55+0.05j),0.532,nan,0.350190295,2.639477116,0.11789209,0.888583942,0.663348496,0.829875865,0.397475415,2.995877601,0.125646688,0.947032404,0.683888152,0.731128322,0.349764552,2.63626818,0.120387978,0.907396113,0.655802805,0.67511629
532nm/k05/coated_68,TRUE,TRUE,101,0.606688251,0.455184,14.6023,10.0682,1.71236,0.015979,nan,nan,0.37271578,(1.55+0.05j),0.532,nan,0.48505585,2.98076604,0.14249146,0.875638762,0.706237004,0.858563324,0.529954131,3.256675033,0.146888446,0.902659127,0.722828002,0.754895875,0.48398469,2.974183548,0.140531475,0.863594259,0.709636529,0.68418362
532nm/k05/coated_69,TRUE,TRUE,101,0.639743224,0.490442,18.2653,12.5102,1.71367,0.0225131,nan,nan,0.368677111,(1.55+0.05j),0.532,nan,0.609052713,3.223960343,0.164725035,0.871955692,0.729538953,0.874197078,0.631404597,3.342277832,0.162760656,0.861557448,0.742224467,0.754814725,0.576983686,3.05420612,0.151873072,0.803925095,0.736780995,0.677405431
532nm/k05/coated_70,TRUE,TRUE,101,0.666593276,0.521898,22.01005,15.0067,1.70816,0.0260408,nan,nan,0.365089751,(1.55+0.05j),0.532,nan,0.730188003,3.413292817,0.186583427,0.872191638,0.744472073,0.885278606,0.74026272,3.460387481,0.18668518,0.872667286,0.747812263,0.759056457,0.676449308,3.162089152,0.171305091,0.800772448,0.746758421,0.686550472
532nm/k05/coated_71,TRUE,TRUE,126,None,0.201998,1.02238,1.01492,1.75857,0.0161538,nan,nan,None,(1.55+0.05j),0.532,nan,0.063268221,2.002978985,0.05134083,1.625375304,0.18852104,0.754356386,0.086065093,2.685610484,0.051678841,1.612607747,0.399537738,0.342198519,0.086045092,2.684986343,0.051572135,1.60927805,0.400638274,0.33898197
532nm/k05/coated_72,TRUE,TRUE,126,0.460718748,0.27324,2.530525,2.02035,1.747,0.0105492,nan,nan,0.423964802,(1.55+0.05j),0.532,nan,0.112103253,1.911788208,0.073462253,1.252811717,0.344691158,0.76418941,0.144214893,2.459414204,0.075950638,1.295248191,0.473350935,0.5773504,0.132712995,2.263262954,0.072856818,1.242486752,0.45101971,0.532066531
532nm/k05/coated_73,TRUE,TRUE,126,0.550029001,0.384902,7.073335,5.04889,1.73949,0.00889801,nan,nan,0.38589002,(1.55+0.05j),0.532,nan,0.287258261,2.468779547,0.114596866,0.984878195,0.601066772,0.812982157,0.329986226,2.835995881,0.120703028,1.037356298,0.634217981,0.705742919,0.281751147,2.421449831,0.11590771,0.996143966,0.588616723,0.665834715
532nm/k05/coated_74,TRUE,TRUE,126,0.602440359,0.44381,10.84342,7.56228,1.73604,0.0163175,nan,nan,0.375661744,(1.55+0.05j),0.532,nan,0.446862511,2.888616403,0.144784907,0.93592111,0.675996747,0.850051591,0.495631533,3.203869964,0.15257593,0.986283978,0.692158549,0.754092704,0.442984228,2.863546337,0.146008312,0.943829468,0.670398395,0.685728883
532nm/k05/coated_75,TRUE,TRUE,126,0.641091183,0.489272,14.52865,10.0191,1.74158,0.0180351,nan,nan,0.36930896,(1.55+0.05j),0.532,nan,0.600134943,3.191966373,0.173934654,0.925114548,0.710174093,0.877223695,0.624847688,3.32340723,0.173266514,0.921560878,0.722706002,0.756790723,0.562747743,2.993113286,0.160303442,0.852613568,0.715141564,0.674578304
532nm/k05/coated_76,TRUE,TRUE,126,0.678605392,0.528184,18.27805,12.5187,1.74636,0.0113993,nan,nan,0.365702868,(1.55+0.05j),0.532,nan,0.747833836,3.413066478,0.202806354,0.925595414,0.728808267,0.892422666,0.762923945,3.481936784,0.20469863,0.934231641,0.731691958,0.764365223,0.689193588,3.145436085,0.185311968,0.84575214,0.731117684,0.686621359
532nm/k05/coated_77,TRUE,TRUE,126,0.710834993,0.561862,22.00195,15.0013,1.74787,0.0171527,nan,nan,0.363001579,(1.55+0.05j),0.532,nan,0.886626351,3.575949948,0.229905519,0.927257158,0.740696271,0.900747198,0.90787999,3.661670331,0.235866398,0.951298631,0.740200907,0.778459808,0.849783019,3.427353068,0.218761603,0.882311409,0.742567693,0.716548195
532nm/k05/coated_78,TRUE,TRUE,137,None,0.20764,1.02145,1.0143,1.77284,0.010994,nan,nan,None,(1.55+0.05j),0.532,nan,0.068131111,2.040107215,0.055659703,1.666665342,0.183050121,0.780408613,0.092397369,2.72864905,0.054828347,1.619172905,0.406602727,0.358730721,0.09234554,2.727118464,0.054705304,1.615539261,0.407602096,0.355645616
532nm/k05/coated_79,TRUE,TRUE,137,0.489812747,0.28121,2.53729,2.02486,1.77011,0.0159059,nan,nan,0.42818089,(1.55+0.05j),0.532,nan,0.12003904,1.932729662,0.079415319,1.278653525,0.338420913,0.787012665,0.155763648,2.507925939,0.080950884,1.303377421,0.480296686,0.589168492,0.1419072,2.284825453,0.077551455,1.248643746,0.453505849,0.551657031
532nm/k05/coated_80,TRUE,TRUE,137,0.588616048,0.394734,7.017715,5.01181,1.76717,0.0108813,nan,nan,0.391510692,(1.55+0.05j),0.532,nan,0.303789759,2.482413802,0.123037658,1.005400516,0.594990764,0.832998092,0.357309492,2.919749559,0.130844441,1.069193531,0.633806424,0.719472442,0.303979359,2.483963114,0.124982251,1.021290727,0.588846259,0.674780449
532nm/k05/coated_81,TRUE,TRUE,137,0.639142886,0.455418,10.777345,7.51823,1.77593,0.013773,nan,nan,0.379778716,(1.55+0.05j),0.532,nan,0.479004609,2.940555816,0.155661526,0.95558873,0.675031256,0.8645526,0.527407401,3.237695153,0.161534445,0.991641921,0.693719799,0.756673382,0.471786152,2.896242517,0.15380325,0.944180979,0.673997956,0.683869465
532nm/k05/coated_82,TRUE,TRUE,137,0.676239056,0.5034,14.55535,10.0369,1.77156,0.0109349,nan,nan,0.372183074,(1.55+0.05j),0.532,nan,0.649560465,3.26364776,0.187159349,0.940362328,0.711867702,0.885521996,0.668706911,3.359847051,0.18760349,0.942593866,0.719453341,0.758886369,0.597094215,3.000036648,0.170634967,0.857337319,0.714224385,0.67421965
532nm/k05/coated_83,TRUE,TRUE,137,0.709063988,0.543218,18.28975,12.5265,1.7725,0.0135338,nan,nan,0.367378654,(1.55+0.05j),0.532,nan,0.807084575,3.482417699,0.216886328,0.935823595,0.73127187,0.897961727,0.825356586,3.56125798,0.224371147,0.968119176,0.728152473,0.772024699,0.751600036,3.24301238,0.203553973,0.878296997,0.729172481,0.697850949
532nm/k05/coated_84,TRUE,TRUE,137,0.734617302,0.577968,22.0291,15.0194,1.77933,0.00893957,nan,nan,0.36326764,(1.55+0.05j),0.532,nan,0.951657596,3.62729811,0.245208425,0.934626132,0.742335451,0.906463367,0.966836524,3.685153474,0.251173183,0.95736115,0.740211322,0.783781354,0.91836992,3.500420201,0.234629449,0.894303751,0.744515315,0.725019495
532nm/k05/coated_85,TRUE,TRUE,146,None,0.212222,1.02229,1.01486,1.72818,0.00975624,nan,nan,None,(1.55+0.05j),0.532,nan,0.073299868,2.104166407,0.059296727,1.702188344,0.191039103,0.752956521,0.097496372,2.756244676,0.05735017,1.621302379,0.411771243,0.372030043,0.097412246,2.753866405,0.057205046,1.617199703,0.41275303,0.368847182
532nm/k05/coated_86,TRUE,TRUE,146,0.514940379,0.287836,2.550595,2.03373,1.73434,0.0164968,nan,nan,0.431577888,(1.55+0.05j),0.532,nan,0.130941812,2.012325557,0.085078163,1.307488871,0.35025977,0.767742074,0.165501072,2.543435386,0.08511551,1.308062819,0.485710223,0.598324217,0.14962555,2.299458925,0.081485077,1.252269998,0.455406668,0.566763267
532nm/k05/coated_87,TRUE,TRUE,146,0.614591786,0.404212,7.06375,5.0425,1.73672,0.0208237,nan,nan,0.393717815,(1.55+0.05j),0.532,nan,0.329931564,2.571079937,0.132137783,1.029719007,0.59949942,0.828404164,0.383971467,2.992200335,0.139862284,1.089914249,0.635748236,0.730818665,0.32691737,2.547591025,0.133429726,1.03978682,0.59185489,0.682259536
532nm/k05/coated_88,TRUE,TRUE,146,0.712119905,0.514016,14.52565,10.0171,1.72744,0.0172987,nan,nan,0.37589033,(1.55+0.05j),0.532,nan,0.68047057,3.279187047,0.198897241,0.95848562,0.707706329,0.884467804,0.705245837,3.398579038,0.200338765,0.965432324,0.715930595,0.762033697,0.626831253,3.02069923,0.180286432,0.868800151,0.712384423,0.676583319
532nm/k05/coated_89,TRUE,TRUE,146,0.748855361,0.555778,18.3616,12.5744,1.73067,0.0157005,nan,nan,0.371103694,(1.55+0.05j),0.532,nan,0.844406724,3.480639932,0.231116504,0.952660975,0.726297177,0.898764592,0.877262611,3.61607172,0.2395123,0.987268399,0.72697765,0.778217563,0.809171806,3.33540179,0.21892773,0.902418915,0.729442217,0.707920554
532nm/k05/coated_90,TRUE,TRUE,146,0.777046989,0.590622,22.036,15.024,1.72829,0.017688,nan,nan,0.36729747,(1.55+0.05j),0.532,nan,0.99129494,3.618209988,0.261260235,0.953595496,0.736445508,0.906995262,1.005635423,3.67055251,0.261687858,0.955156316,0.739778599,0.785952836,0.962163707,3.511881474,0.244287644,0.891645822,0.746105947,0.727462781
532nm/k05/coated_91,TRUE,TRUE,13,0.138074148,0.093964,1,1,1.59342,0.026436,nan,nan,0.483553696,(1.55+0.05j),0.532,nan,0.006330227,0.865020479,0.005720616,0.78171765,0.096301569,0.287986629,0.005831133,0.840891682,0.005095483,0.734805713,0.126158899,0.068481473,0.005831133,0.840891682,0.005095483,0.734805713,0.126158899,0.068481473
532nm/k05/coated_92,TRUE,TRUE,14,None,0.143021,3.274045,2.51603,1.59342,0.026436,nan,nan,None,(1.55+0.05j),0.532,nan,0.012068726,0.751165239,0.009104628,0.566677892,0.245601549,0.315876453,0.012353665,0.768964561,0.008933428,0.556068954,0.276860102,0.157734847,0.013057087,0.812749679,0.009264987,0.576707124,0.290424667,0.124237279
532nm/k05/coated_93,TRUE,TRUE,14,None,0.1846662,7.047715,5.03181,1.59342,0.026436,nan,nan,None,(1.55+0.05j),0.532,nan,0.022653909,0.842135854,0.012779802,0.475076033,0.435867704,0.402585604,0.023120082,0.863226303,0.012502585,0.466804584,0.45923267,0.270509569,0.024842715,0.927543639,0.013441259,0.501851506,0.458945666,0.224372662
532nm/k05/coated_94,TRUE,TRUE,14,None,0.213276,10.85719,7.57146,1.59342,0.026436,nan,nan,None,(1.55+0.05j),0.532,nan,0.035176754,0.987630014,0.016087296,0.451670341,0.542672524,0.488850149,0.036279988,1.015531217,0.016028497,0.448661651,0.55820004,0.374823533,0.038008047,1.063902179,0.017102178,0.478715575,0.550037979,0.326414269
532nm/k05/coated_95,TRUE,TRUE,14,None,0.235556,14.62735,10.0849,1.59342,0.026436,nan,nan,None,(1.55+0.05j),0.532,nan,0.049468855,1.135613763,0.019502369,0.447699044,0.60576469,0.569985006,0.051302864,1.177235609,0.019817296,0.454743167,0.613719494,0.466561473,0.052314007,1.200438071,0.020746845,0.476073312,0.603417016,0.422836315
532nm/k05/coated_96,TRUE,TRUE,14,None,0.253984,18.33625,12.5575,1.60318,0.047944,nan,nan,None,(1.55+0.05j),0.532,nan,0.064953338,1.284438112,0.022951554,0.453861987,0.6466455,0.637762252,0.068154295,1.345211685,0.023851281,0.470770368,0.650039936,0.538038478,0.06820381,1.346188999,0.024569551,0.484947377,0.639762784,0.503548155
532nm/k05/coated_97,TRUE,TRUE,14,None,0.270404,22.1272,15.0848,1.60318,0.047944,nan,nan,None,(1.55+0.05j),0.532,nan,0.082382537,1.438132915,0.02660812,0.464491797,0.677017477,0.6889651,0.08746965,1.523145124,0.02807798,0.488933465,0.678997453,0.58741794,0.086691451,1.509594026,0.028666921,0.499188936,0.669322395,0.563659439
532nm/k05/coated_98,TRUE,TRUE,26,0.174466176,0.1185326,1,1,1.89176,0.0208876,nan,nan,0.451943849,(1.55+0.05j),0.532,nan,0.014176179,1.236104138,0.012137408,1.058331752,0.143816674,0.3854677,0.014022705,1.270768033,0.011141187,1.00963866,0.20548941,0.110826103,0.014022705,1.270768033,0.011141187,1.00963866,0.20548941,0.110826103
532nm/k05/coated_99,TRUE,TRUE,26,None,0.1765614,3.30502,2.53668,1.89176,0.0208876,nan,nan,None,(1.55+0.05j),0.532,nan,0.026208227,1.070424983,0.017508522,0.715102149,0.331945572,0.432461623,0.028174739,1.150743416,0.017802879,0.727124603,0.36812621,0.256956592,0.030231044,1.234729242,0.018734155,0.765160759,0.380300771,0.198940988
532nm/k05/coated_100,TRUE,TRUE,26,None,0.227278,7.049425,5.03295,1.89176,0.0208876,nan,nan,None,(1.55+0.05j),0.532,nan,0.051251144,1.263277867,0.024760817,0.610323775,0.516872898,0.546588255,0.053928781,1.329278322,0.025572195,0.630323262,0.525815436,0.444193822,0.055420474,1.366046728,0.02675562,0.659493215,0.517224995,0.374085915
532nm/k05/coated_101,TRUE,TRUE,26,None,0.262176,10.82089,7.54726,1.88977,0.0332587,nan,nan,None,(1.55+0.05j),0.532,nan,0.080850361,1.497635813,0.031973313,0.592259307,0.604537163,0.664102378,0.086173094,1.596231733,0.033841782,0.62686998,0.607281345,0.569324615,0.084704551,1.569029097,0.034704864,0.64285733,0.59028336,0.523237706
532nm/k05/coated_102,TRUE,TRUE,26,None,0.289706,14.6002,10.0668,1.88977,0.0332587,nan,nan,None,(1.55+0.05j),0.532,nan,0.114624375,1.738890042,0.039211141,0.594846093,0.657916212,0.731349766,0.1232778,1.870165387,0.041335956,0.627080246,0.664692625,0.620187214,0.11997758,1.820099942,0.042477859,0.644403309,0.64595169,0.599521211
532nm/k05/coated_103,TRUE,TRUE,26,None,0.312376,18.3028,12.5352,1.88977,0.0332587,nan,nan,None,(1.55+0.05j),0.532,nan,0.148724475,1.940605438,0.045692362,0.596208842,0.692771735,0.764617049,0.159646458,2.083119033,0.046836092,0.6111326,0.706626174,0.63070396,0.155947001,2.034847309,0.04864075,0.634680362,0.688094355,0.621838442
532nm/k05/coated_104,TRUE,TRUE,26,None,0.332384,22.0501,15.0334,1.90513,0.0416197,nan,nan,None,(1.55+0.05j),0.532,nan,0.184553812,2.126928641,0.051958195,0.598802986,0.718465879,0.782668416,0.193746247,2.232868765,0.051192765,0.589981623,0.735774161,0.63284865,0.189523722,2.1842054,0.053497229,0.616539896,0.71772806,0.626570118
532nm/k05/coated_105,TRUE,TRUE,34,0.187707155,0.129627,1,1,1.95176,0.0261489,nan,nan,0.438291021,(1.55+0.05j),0.532,nan,0.016296312,1.236500624,0.013795437,1.046743965,0.153462648,0.469102301,0.019736176,1.495485451,0.014976541,1.134829743,0.241162966,0.134243699,0.019736176,1.495485451,0.014976541,1.134829743,0.241162966,0.134243699
532nm/k05/coated_106,TRUE,TRUE,34,None,0.1925794,3.27901,2.51934,1.95176,0.0261489,nan,nan,None,(1.55+0.05j),0.532,nan,0.034747865,1.192939944,0.022596505,0.775767773,0.349700899,0.517772279,0.039566032,1.358353992,0.023781426,0.816447677,0.398943367,0.317278324,0.041997784,1.441839227,0.024803724,0.851544491,0.409403992,0.246188282
532nm/k05/coated_107,TRUE,TRUE,34,None,0.248612,7.054735,5.03649,1.95176,0.0261489,nan,nan,None,(1.55+0.05j),0.532,nan,0.070104127,1.444140774,0.03260495,0.671659991,0.534906843,0.634401545,0.077376825,1.593957911,0.035052362,0.722076528,0.546991471,0.5298741,0.076609371,1.578148411,0.0358987,0.739511044,0.531405894,0.462795538
532nm/k05/coated_108,TRUE,TRUE,34,None,0.286558,10.803175,7.53545,1.9397,0.0199903,nan,nan,None,(1.55+0.05j),0.532,nan,0.110711256,1.716630486,0.042052876,0.652049768,0.620157178,0.722323256,0.123344638,1.912517056,0.045317516,0.702669558,0.632594357,0.616453815,0.118723979,1.840871554,0.04649296,0.720895383,0.608394523,0.589083443
532nm/k05/coated_109,TRUE,TRUE,34,None,0.316102,14.50075,10.0005,1.9397,0.0199903,nan,nan,None,(1.55+0.05j),0.532,nan,0.154856915,1.973268731,0.051012028,0.650022252,0.670586047,0.768658301,0.169297881,2.157283159,0.052351186,0.667086505,0.690774712,0.631409876,0.163368667,2.081729983,0.054516736,0.694681089,0.666296256,0.621214463
532nm/k05/coated_110,TRUE,TRUE,34,None,0.341916,18.35155,12.5677,1.9397,0.0199903,nan,nan,None,(1.55+0.05j),0.532,nan,0.202255122,2.202778346,0.059668843,0.649858625,0.704982289,0.792183855,0.213323048,2.323320104,0.058140748,0.633216009,0.727452103,0.637376401,0.205623792,2.23946683,0.060732871,0.66144705,0.704640836,0.627547455
532nm/k05/coated_111,TRUE,TRUE,34,None,0.364004,22.1428,15.0952,1.94239,0.0210053,nan,nan,None,(1.55+0.05j),0.532,nan,0.248139434,2.384479503,0.067274362,0.64646854,0.728884841,0.801853345,0.256014009,2.460149708,0.064846136,0.623134661,0.746708642,0.6528778,0.245029029,2.354590273,0.067088401,0.644681563,0.726202231,0.637302124
532nm/k05/coated_112,TRUE,TRUE,47,0.215290487,0.1443622,1,1,2.06886,0.0169016,nan,nan,0.437132743,(1.55+0.05j),0.532,nan,0.023330092,1.404721506,0.019429835,1.169884267,0.16717708,0.611204118,0.029563594,1.806177253,0.021130214,1.290942872,0.285262357,0.16985229,0.029563594,1.806177253,0.021130214,1.290942872,0.285262357,0.16985229
532nm/k05/coated_113,TRUE,TRUE,57,0.239721226,0.1539468,1,1,2.05491,0.0240235,nan,nan,0.442868225,(1.55+0.05j),0.532,nan,0.02873837,1.524561478,0.023498364,1.246580782,0.182334855,0.638315721,0.037314139,2.004666875,0.025709103,1.381197279,0.311009078,0.195685809,0.037314139,2.004666875,0.025709103,1.381197279,0.311009078,0.195685809
532nm/k05/coated_114,TRUE,TRUE,64,0.259192404,0.1600492,1,1,1.60487,0.0140897,nan,nan,0.449225626,(1.55+0.05j),0.532,nan,0.03145009,1.564300815,0.026024879,1.29445542,0.17250224,0.588948691,0.042758171,2.12530968,0.028818595,1.432438258,0.32600963,0.213091276,0.042758171,2.12530968,0.028818595,1.432438258,0.32600963,0.213091276
532nm/k05/coated_115,TRUE,TRUE,78,0.278032718,0.1706468,1,1,2.0661,0.0100463,nan,nan,0.445494666,(1.55+0.05j),0.532,nan,0.040807604,1.75954615,0.032525068,1.402418971,0.202965508,0.688598731,0.053012819,2.317900144,0.034488927,1.507972773,0.349422891,0.244663238,0.053012819,2.317900144,0.034488927,1.507972773,0.349422891,0.244663238
532nm/k05/coated_116,TRUE,TRUE,85,0.280855365,0.175606,1,1,2.07497,0.0235934,nan,nan,0.439143931,(1.55+0.05j),0.532,nan,0.044186299,1.798543013,0.034927576,1.421679314,0.20953833,0.691909684,0.058096924,2.39874763,0.037224939,1.536970083,0.359261448,0.259823132,0.058096924,2.39874763,0.037224939,1.536970083,0.359261448,0.259823132
532nm/k05/coated_117,TRUE,TRUE,92,0.28004566,0.1806258,1,1,2.24676,0.0224989,nan,nan,0.430295456,(1.55+0.05j),0.532,nan,0.047995856,1.86087389,0.037255385,1.444449164,0.223779122,0.718498205,0.063385617,2.473667204,0.040025821,1.562035158,0.368534637,0.275280014,0.063385617,2.473667204,0.040025821,1.562035158,0.368534637,0.275280014
532nm/k05/coated_118,TRUE,TRUE,100,0.283649925,0.1853814,1,1,2.14142,0.0215464,nan,nan,0.425783186,(1.55+0.05j),0.532,nan,0.051637253,1.892770386,0.040276834,1.476352735,0.220004314,0.73609669,0.068499408,2.537842249,0.042694492,1.581793031,0.376717354,0.289934277,0.068499408,2.537842249,0.042694492,1.581793031,0.376717354,0.289934277
532nm/k05/coated_119,TRUE,TRUE,125,0.32496458,0.200004,1,1,2.04078,0.00972076,nan,nan,0.433859691,(1.55+0.05j),0.532,nan,0.063328813,2.015738109,0.049789779,1.584794508,0.213789479,0.781953097,0.084592795,2.692564582,0.050879034,1.619465162,0.398541757,0.33426378,0.084592795,2.692564582,0.050879034,1.619465162,0.398541757,0.33426378
532nm/k05/coated_120,TRUE,TRUE,137,0.348852795,0.206236,1,1,2.05344,0.010459,nan,nan,0.440159246,(1.55+0.05j),0.532,nan,0.069932026,2.103612034,0.054020607,1.624983651,0.227526928,0.735704664,0.091523548,2.739769402,0.054324602,1.62621408,0.406441258,0.352564601,0.091523548,2.739769402,0.054324602,1.62621408,0.406441258,0.352564601
532nm/k05/coated_121,TRUE,TRUE,145,0.338819215,0.21012,1,1,2.20956,0.0153936,nan,nan,0.429344118,(1.55+0.05j),0.532,nan,0.075629671,2.181059655,0.056898027,1.640863822,0.247675864,0.761225158,0.095847226,2.764107199,0.056457434,1.628157712,0.410964339,0.363760214,0.095847226,2.764107199,0.056457434,1.628157712,0.410964339,0.363760214
532nm/k05/coated_122,TRUE,TRUE,157,0.359579582,0.215776,1,1,2.34476,0.011033,nan,nan,0.434339305,(1.55+0.05j),0.532,nan,0.082686885,2.261207802,0.061251954,1.67503464,0.259230116,0.789831465,0.102145431,2.7933335,0.059549773,1.628485708,0.417009925,0.379787361,0.102145431,2.7933335,0.059549773,1.628485708,0.417009925,0.379787361
532nm/k05/coated_123,TRUE,TRUE,398,None,0.300578,1.065865,1.04391,2.63745,0.0185042,nan,nan,None,(1.55+0.05j),0.532,nan,0.21816857,3.208171334,0.144153098,2.119772962,0.339258181,0.888094596,0.210095857,2.960828315,0.115695032,1.630461124,0.449322639,0.597324403,0.207905078,2.929954218,0.11459162,1.614911017,0.448827218,0.593227913
532nm/k05/coated_124,TRUE,TRUE,455,None,0.314258,1.065835,1.04389,2.61811,0.0226446,nan,nan,None,(1.55+0.05j),0.532,nan,0.251845623,3.38790081,0.16365735,2.201566427,0.35016798,0.896330565,0.231708453,2.987303259,0.1269773,1.637055944,0.451995395,0.619994862,0.229218656,2.955203527,0.125768188,1.621467467,0.451317836,0.616305593
532nm/k05/coated_125,TRUE,TRUE,498,None,0.323916,1.06585,1.0439,2.45258,0.0106596,nan,nan,None,(1.55+0.05j),0.532,nan,0.271351358,3.435928797,0.179486426,2.272708658,0.338546055,0.893714025,0.247109847,2.998716225,0.134854723,1.636482927,0.45427216,0.632668524,0.244394285,2.96576246,0.133562951,1.620807078,0.453493967,0.629178065
532nm/k05/coated_126,TRUE,TRUE,19,0.119643315,0.1067606,1,1,2.27606,0.00164959,nan,nan,0.372016196,(1.55+0.05j),0.532,nan,0.009735225,1.087361308,0.008295284,0.926529279,0.147910385,0.172256593,0.009410497,1.051237091,0.007839869,0.875783777,0.166901753,0.088998135,0.009410497,1.051237091,0.007839869,0.875783777,0.166901753,0.088998135
532nm/k05/coated_127,TRUE,TRUE,19,None,0.1583822,3.26434,2.50956,2.27449,0.00219494,nan,nan,None,(1.55+0.05j),0.532,nan,0.019458594,0.987663111,0.012904979,0.655020163,0.336797987,0.244840497,0.018524784,0.940265575,0.012560036,0.63751184,0.321987472,0.198909265,0.019822763,1.00614732,0.013175059,0.668728663,0.33535711,0.15501648
532nm/k05/coated_128,TRUE,TRUE,19,None,0.204642,7.04137,5.02758,2.27449,0.00219494,nan,nan,None,(1.55+0.05j),0.532,nan,0.037151172,1.129517831,0.018466451,0.561440849,0.502937595,0.411196132,0.035264862,1.072167821,0.017750393,0.539670349,0.496654965,0.347095516,0.037408616,1.137344981,0.018970578,0.576767972,0.492882123,0.28742972
532nm/k05/coated_129,TRUE,TRUE,19,0.251807362,0.236034,10.806535,7.53769,2.27449,0.00219494,nan,nan,0.345480748,(1.55+0.05j),0.532,nan,0.056677491,1.294404156,0.023716062,0.54162895,0.581561178,0.567644145,0.055486135,1.268076518,0.023134644,0.528717647,0.583055407,0.473330899,0.056502066,1.291294536,0.024201537,0.553100342,0.571669882,0.418645415
532nm/k05/coated_130,TRUE,TRUE,19,None,0.26048,14.52115,10.0141,2.27449,0.00219494,nan,nan,None,(1.55+0.05j),0.532,nan,0.07874292,1.477654395,0.029189135,0.54775024,0.629310993,0.678517892,0.07912236,1.484774786,0.028886635,0.542073667,0.634911858,0.562008924,0.078444708,1.472058282,0.029683074,0.557019271,0.621605151,0.523407272
532nm/k05/coated_131,TRUE,TRUE,19,None,0.28167,18.361,12.574,2.27449,0.00219494,nan,nan,None,(1.55+0.05j),0.532,nan,0.105197246,1.688236558,0.034960369,0.561054353,0.667668402,0.741384858,0.106775083,1.71355816,0.034637664,0.555875492,0.67560162,0.610399637,0.10492886,1.683929428,0.035438747,0.568731507,0.662259298,0.588824648
532nm/k05/coated_132,TRUE,TRUE,19,None,0.299522,22.0783,15.0522,2.2744,0.00152662,nan,nan,None,(1.55+0.05j),0.532,nan,0.132686944,1.883132402,0.040038557,0.568239062,0.69824795,0.764356884,0.134671571,1.911298817,0.039365382,0.558685162,0.707693451,0.62736553,0.132551196,1.881205829,0.040474787,0.574430166,0.694647892,0.616596531
532nm/k05/coated_133,TRUE,TRUE,27,0.119643315,0.1199892,1,1,2.73649,0.00953613,nan,nan,0.33245737,(1.55+0.05j),0.532,nan,0.014910106,1.318452662,0.012161299,1.075384504,0.184358654,0.227049418,0.014693602,1.299433586,0.011604364,1.026235753,0.210243783,0.113738437,0.014693602,1.299433586,0.011604364,1.026235753,0.210243783,0.113738437
532nm/k05/coated_134,TRUE,TRUE,27,None,0.1777764,3.251875,2.50125,2.73649,0.00953613,nan,nan,None,(1.55+0.05j),0.532,nan,0.030712218,1.237294493,0.018974652,0.764426463,0.382179047,0.323760534,0.02921096,1.176813757,0.018414114,0.741844232,0.369616282,0.261608339,0.03131607,1.261621745,0.019355654,0.779775788,0.381925849,0.202421765
532nm/k05/coated_135,TRUE,TRUE,27,None,0.23014,7.05484,5.03656,2.73649,0.00953613,nan,nan,None,(1.55+0.05j),0.532,nan,0.058026826,1.394937401,0.027345694,0.657377528,0.528740481,0.543298201,0.056709417,1.363267506,0.026715389,0.642225286,0.528907362,0.456486814,0.057995607,1.394186911,0.027864325,0.669845157,0.519544222,0.38592097
532nm/k05/coated_136,TRUE,TRUE,27,None,0.26484,10.75138,7.50092,2.73528,0.0103863,nan,nan,None,(1.55+0.05j),0.532,nan,0.088946266,1.614621307,0.035626045,0.646711489,0.59946553,0.694172658,0.089992991,1.633622274,0.035168771,0.638410693,0.609205443,0.576713921,0.088178827,1.60069016,0.036029314,0.654031929,0.591406291,0.532256115
532nm/k05/coated_137,TRUE,TRUE,27,None,0.292712,14.51545,10.0103,2.73528,0.0103863,nan,nan,None,(1.55+0.05j),0.532,nan,0.126007883,1.872521358,0.04369722,0.649356025,0.653218361,0.755269102,0.128448591,1.908791129,0.042721768,0.634860461,0.667401817,0.622746135,0.124860973,1.855477869,0.043964033,0.653320962,0.647896117,0.603740271
532nm/k05/coated_138,TRUE,TRUE,27,None,0.316262,18.30865,12.5391,2.73528,0.0103863,nan,nan,None,(1.55+0.05j),0.532,nan,0.163975467,2.087348528,0.050070404,0.637378173,0.694646982,0.767098472,0.166582647,2.120536984,0.048281866,0.614610729,0.710162693,0.631186645,0.162578165,2.06956137,0.05024314,0.639577039,0.6909601,0.623008162
532nm/k05/coated_139,TRUE,TRUE,27,None,0.336486,22.05025,15.0335,2.7504,0.00972969,nan,nan,None,(1.55+0.05j),0.532,nan,0.198240528,2.229300257,0.054997769,0.618473639,0.722570507,0.767867008,0.201287739,2.263567459,0.052706257,0.592704594,0.738154658,0.63391882,0.196516267,2.209910192,0.055109053,0.619725072,0.71957002,0.62713761
532nm/k05/coated_140,TRUE,TRUE,33,0.14425744,0.1283608,1,1,3,0.00591621,nan,nan,0.366711801,(1.55+0.05j),0.532,nan,0.018420561,1.423469409,0.01456298,1.125370522,0.209417136,0.253483621,0.019012344,1.469200111,0.014503167,1.120748404,0.237171032,0.131425237,0.019012344,1.469200111,0.014503167,1.120748404,0.237171032,0.131425237
532nm/k05/coated_141,TRUE,TRUE,33,None,0.1906608,3.277075,2.51805,3,0.00591621,nan,nan,None,(1.55+0.05j),0.532,nan,0.039612964,1.387473311,0.023319628,0.816787182,0.41131323,0.373369866,0.038093194,1.334242246,0.023025441,0.80648308,0.395549734,0.309701847,0.040509902,1.418889238,0.024050596,0.842389891,0.406303277,0.240104595
532nm/k05/coated_142,TRUE,TRUE,33,None,0.246224,7.05811,5.03874,3,0.00763177,nan,nan,None,(1.55+0.05j),0.532,nan,0.074843484,1.571821949,0.034135201,0.716888841,0.543912183,0.617278615,0.074431835,1.563176721,0.033885605,0.711646965,0.544743115,0.521250735,0.073998573,1.554077591,0.034772617,0.730275501,0.530090708,0.453056721
532nm/k05/coated_143,TRUE,TRUE,33,None,0.283936,10.823335,7.54889,3,0.00763177,nan,nan,None,(1.55+0.05j),0.532,nan,0.116677672,1.842709842,0.044727869,0.706394661,0.616654427,0.743668539,0.119016627,1.879649335,0.044047563,0.695650465,0.629904125,0.613429801,0.114754575,1.812338041,0.045150278,0.713065827,0.606549214,0.584057201
532nm/k05/coated_144,TRUE,TRUE,33,None,0.31307,14.5087,10.0058,3,0.00763177,nan,nan,None,(1.55+0.05j),0.532,nan,0.160806642,2.088965148,0.052929939,0.687588506,0.670847306,0.768435705,0.16392259,2.129443004,0.051128895,0.664191962,0.688091224,0.630877631,0.158373197,2.057353393,0.053177732,0.690807462,0.664225181,0.620103324
532nm/k05/coated_145,TRUE,TRUE,33,None,0.337954,18.2506,12.5004,3,0.00941033,nan,nan,None,(1.55+0.05j),0.532,nan,0.202040782,2.252340139,0.059073783,0.658551466,0.707614559,0.768510276,0.205955421,2.295980334,0.056605758,0.631038051,0.725155289,0.635646101,0.199007201,2.218521939,0.059175022,0.659680066,0.702648843,0.626699488
532nm/k05/coated_146,TRUE,TRUE,33,None,0.360178,22.093,15.062,3,0.00941033,nan,nan,None,(1.55+0.05j),0.532,nan,0.241634894,2.371567034,0.065180615,0.639726301,0.730251647,0.773168644,0.247755489,2.431638663,0.062895921,0.617302786,0.746137123,0.648927058,0.237883869,2.334751952,0.065259092,0.640496533,0.725668274,0.635046396
532nm/k05/coated_147,TRUE,TRUE,57,0.183231545,0.1539686,1,1,3,0.0282404,nan,nan,0.376364693,(1.55+0.05j),0.532,nan,0.03384149,1.817587249,0.024642624,1.323526839,0.271822115,0.382116023,0.037332914,2.005107632,0.025719965,1.381389558,0.311064635,0.195746756,0.037332914,2.005107632,0.025719965,1.381389558,0.311064635,0.195746756
532nm/k05/coated_148,TRUE,TRUE,57,None,0.228358,3.262525,2.50835,3,0.0221926,nan,nan,None,(1.55+0.05j),0.532,nan,0.075751738,1.849567822,0.041138807,1.004452371,0.456925905,0.572890277,0.07469327,1.823724067,0.041390669,1.010601887,0.445858118,0.464767455,0.074811118,1.826601466,0.041467107,1.012468217,0.445709293,0.378836903
532nm/k05/coated_149,TRUE,TRUE,57,None,0.295182,7.04644,5.03096,3,0.0221926,nan,nan,None,(1.55+0.05j),0.532,nan,0.143927706,2.103171946,0.060813119,0.888643672,0.57747455,0.763260099,0.147090893,2.149394632,0.059362106,0.867440462,0.596425687,0.621501227,0.137257182,2.005697593,0.060508377,0.884190569,0.559160578,0.596704915
532nm/k05/coated_150,TRUE,TRUE,57,None,0.340064,10.77424,7.51616,3,0.0217831,nan,nan,None,(1.55+0.05j),0.532,nan,0.209290384,2.304294985,0.072768809,0.801187318,0.652306965,0.777050345,0.217330576,2.392817808,0.069977321,0.770452933,0.678014377,0.641813044,0.201659437,2.220277981,0.072206042,0.794991239,0.641940673,0.627674341
532nm/k05/coated_151,TRUE,TRUE,57,None,0.3757,14.52865,10.0191,3,0.0217831,nan,nan,None,(1.55+0.05j),0.532,nan,0.274202293,2.473425367,0.084606558,0.763188393,0.691444746,0.788169691,0.289572808,2.612074179,0.083081353,0.749430372,0.713089935,0.674625142,0.265539331,2.395281642,0.083452904,0.752781926,0.685723001,0.644069055
532nm/k05/coated_152,TRUE,TRUE,57,None,0.4058,18.3079,12.5386,3,0.0261598,nan,nan,None,(1.55+0.05j),0.532,nan,0.350444962,2.709604185,0.100322933,0.77568654,0.713726992,0.821498371,0.372849185,2.88283132,0.100071318,0.773741077,0.731603764,0.715732066,0.341723895,2.642173798,0.098305137,0.760085148,0.712325833,0.671965162
532nm/k05/coated_153,TRUE,TRUE,57,None,0.431726,22.04605,15.0307,3,0.0261598,nan,nan,None,(1.55+0.05j),0.532,nan,0.434186207,2.965990347,0.115620764,0.789822576,0.733706963,0.847156226,0.458038089,3.128926089,0.115167107,0.786723581,0.748564345,0.742419959,0.425886561,2.909294232,0.112821117,0.770697776,0.735091154,0.691861814
532nm/k05/coated_154,TRUE,TRUE,81,0.183294768,0.1730826,1,1,3,0.00434831,nan,nan,0.346377929,(1.55+0.05j),0.532,nan,0.050255069,2.135911099,0.034746579,1.476778455,0.308595543,0.499100862,0.055490522,2.358425205,0.035827925,1.522737185,0.35434154,0.252089188,0.055490522,2.358425205,0.035827925,1.522737185,0.35434154,0.252089188
532nm/k05/coated_155,TRUE,TRUE,81,0.267146955,0.256784,3.265435,2.51029,3,0.00435879,nan,nan,0.340426047,(1.55+0.05j),0.532,nan,0.112136537,2.165316266,0.058591912,1.131388776,0.477494907,0.694815966,0.111687739,2.156650134,0.058542926,1.130442883,0.475833903,0.554338968,0.105879232,2.044489951,0.057301807,1.106477323,0.458800312,0.486690949
532nm/k05/coated_156,TRUE,TRUE,81,0.34454444,0.331396,7.019125,5.01275,3,0.00265695,nan,nan,0.33946721,(1.55+0.05j),0.532,nan,0.200387642,2.323199624,0.080908733,0.938017614,0.596238909,0.780157579,0.209702736,2.431194426,0.078554381,0.910722369,0.62540126,0.6411817,0.188736536,2.188122215,0.079735236,0.924412651,0.577531527,0.628856614
532nm/k05/coated_157,TRUE,TRUE,81,None,0.382542,10.79635,7.5309,3,0.00265695,nan,nan,None,(1.55+0.05j),0.532,nan,0.290418735,2.526832768,0.099855115,0.86880475,0.65616848,0.799457775,0.313383297,2.726639465,0.099255011,0.863583455,0.683279192,0.691324609,0.278003414,2.418811362,0.097238429,0.846037872,0.650225774,0.651579902
532nm/k05/coated_158,TRUE,TRUE,81,None,0.422298,14.52445,10.0163,3,0.00412664,nan,nan,None,(1.55+0.05j),0.532,nan,0.398257552,2.843387761,0.122390879,0.873818277,0.692684097,0.838541651,0.429711097,3.067952555,0.122663762,0.875766545,0.714543648,0.738615726,0.388054053,2.77053916,0.118293409,0.844564097,0.695162548,0.681350691
532nm/k05/coated_159,TRUE,TRUE,81,None,0.4559,18.2746,12.5164,3,0.00256242,nan,nan,None,(1.55+0.05j),0.532,nan,0.50221949,3.076553679,0.138445833,0.848107343,0.724332019,0.85448598,0.533724334,3.269549664,0.138088228,0.845916683,0.741274252,0.753742421,0.493635388,3.023968201,0.132971049,0.814569286,0.730629017,0.687373239
532nm/k05/coated_160,TRUE,TRUE,81,None,0.485146,22.02205,15.0147,3,0.00580608,nan,nan,None,(1.55+0.05j),0.532,nan,0.58047613,3.140144071,0.148521913,0.80344424,0.744137778,0.852180733,0.618135189,3.343864544,0.15036278,0.813402596,0.756747743,0.753388599,0.572361075,3.096244863,0.142391828,0.770282932,0.751220279,0.682329471
532nm/k05/coated_161,TRUE,TRUE,93,0.199860129,0.1812362,1,1,3,0.00865857,nan,nan,0.354913232,(1.55+0.05j),0.532,nan,0.058065694,2.250815244,0.039510608,1.531559724,0.319553336,0.55084995,0.064036949,2.482280505,0.040367805,1.564787482,0.36961698,0.27716223,0.064036949,2.482280505,0.040367805,1.564787482,0.36961698,0.27716223
532nm/k05/coated_162,TRUE,TRUE,93,None,0.268694,3.258685,2.50579,3,0.00649326,nan,nan,None,(1.55+0.05j),0.532,nan,0.128755207,2.270695942,0.066294035,1.169145693,0.485115699,0.729213525,0.128889488,2.273064077,0.065963906,1.163323614,0.488213454,0.578091297,0.119739011,2.111688471,0.064281108,1.133646196,0.463156516,0.523955909
532nm/k05/coated_163,TRUE,TRUE,93,None,0.34686,7.010185,5.00679,3,0.00629579,nan,nan,None,(1.55+0.05j),0.532,nan,0.226366603,2.395598499,0.090463572,0.957360296,0.600366966,0.785445359,0.239663437,2.53631659,0.088502195,0.936603379,0.630723001,0.654845577,0.211885632,2.242348896,0.088596021,0.937596321,0.581868672,0.637772553
532nm/k05/coated_164,TRUE,TRUE,93,None,0.400578,10.797535,7.53169,3,0.00640314,nan,nan,None,(1.55+0.05j),0.532,nan,0.335330004,2.660776187,0.115253501,0.914513363,0.656298276,0.818601744,0.365384302,2.899251003,0.115721576,0.91822745,0.683288046,0.71787745,0.321373903,2.550037327,0.111379584,0.88377461,0.653426795,0.666913966
532nm/k05/coated_165,TRUE,TRUE,93,None,0.442322,14.5372,10.0248,3,0.00626752,nan,nan,None,(1.55+0.05j),0.532,nan,0.458318956,2.982640136,0.138537049,0.901569001,0.697727866,0.851750145,0.492557532,3.205457342,0.138151241,0.899058241,0.719522631,0.75158712,0.448650974,2.919723008,0.132824788,0.864394848,0.703946283,0.686076294
532nm/k05/coated_166,TRUE,TRUE,93,None,0.477594,18.29965,12.5331,3,0.00451925,nan,nan,None,(1.55+0.05j),0.532,nan,0.555024338,3.098164131,0.151376407,0.844988088,0.727261677,0.853822346,0.594677863,3.319511414,0.152505845,0.851292651,0.74354881,0.754678215,0.547109668,3.053984186,0.144295478,0.805462109,0.736258585,0.680432644
532nm/k05/coated_167,TRUE,TRUE,93,None,0.508146,22.04095,15.0273,3,0.00451925,nan,nan,None,(1.55+0.05j),0.532,nan,0.639351757,3.152629673,0.165511838,0.81613529,0.741125545,0.851157887,0.689752741,3.401155836,0.170904864,0.842728185,0.752223001,0.755035038,0.632140491,3.117071077,0.158256067,0.780357243,0.749650482,0.681548107
532nm/k05/coated_168,TRUE,TRUE,123,0.216443302,0.199124,1,1,3,0.0216537,nan,nan,0.350653868,(1.55+0.05j),0.532,nan,0.079100423,2.54004673,0.052443664,1.684053673,0.33699894,0.653701091,0.083615634,2.685037701,0.050390011,1.618107454,0.397361365,0.331646805,0.083615634,2.685037701,0.050390011,1.618107454,0.397361365,0.331646805
532nm/k05/coated_169,TRUE,TRUE,123,None,0.295566,3.27034,2.51356,3,0.0245269,nan,nan,None,(1.55+0.05j),0.532,nan,0.167309803,2.438498864,0.08309189,1.211043674,0.503365086,0.769641551,0.169506659,2.470517498,0.082457497,1.201797566,0.5135442,0.612581806,0.151731677,2.211451547,0.080051184,1.166726141,0.472416141,0.587130271
532nm/k05/coated_170,TRUE,TRUE,123,None,0.38158,7.037005,5.02467,3,0.0194582,nan,nan,None,(1.55+0.05j),0.532,nan,0.294799872,2.577900799,0.117491577,1.027414391,0.601453093,0.81086099,0.321210861,2.80885379,0.117721406,1.02942415,0.633507393,0.701083485,0.274642816,2.401635835,0.113319949,0.990935257,0.587391543,0.663169013
532nm/k05/coated_171,TRUE,TRUE,123,None,0.43995,10.78549,7.52366,3,0.0252447,nan,nan,None,(1.55+0.05j),0.532,nan,0.445829498,2.932731302,0.150719056,0.991451881,0.661935657,0.85280597,0.484674767,3.188261135,0.149909344,0.986125478,0.690701158,0.752788039,0.432450976,2.844725436,0.143550555,0.944296436,0.668053576,0.685877154
532nm/k05/coated_172,TRUE,TRUE,123,None,0.485986,14.5378,10.0252,3,0.0250311,nan,nan,None,(1.55+0.05j),0.532,nan,0.565422896,3.048147593,0.167571507,0.903363996,0.703635087,0.853734157,0.615307718,3.317072504,0.170256078,0.917836291,0.723299298,0.756556893,0.555352229,2.99385747,0.158162752,0.852642184,0.715202813,0.675156265
532nm/k05/coated_173,TRUE,TRUE,123,None,0.524326,18.2572,12.5048,3,0.0117294,nan,nan,None,(1.55+0.05j),0.532,nan,0.681351862,3.155576973,0.190418237,0.881892949,0.720528779,0.85500296,0.747501139,3.461937237,0.19975808,0.925149006,0.732765517,0.762630782,0.674829297,3.125368709,0.181017983,0.838357113,0.731757373,0.684252669
532nm/k05/coated_174,TRUE,TRUE,123,None,0.558408,22.0537,15.0358,3,0.0219885,nan,nan,None,(1.55+0.05j),0.532,nan,0.833177673,3.402079666,0.223314555,0.911851015,0.731972469,0.871582029,0.894003878,3.65044877,0.231992998,0.947287337,0.740501128,0.776914807,0.833977844,3.40534697,0.21472831,0.876791158,0.742525162,0.714110063
532nm/k05/coated_175,TRUE,TRUE,147,0.244206383,0.211342,1,1,3,0.00770542,nan,nan,0.362276459,(1.55+0.05j),0.532,nan,0.094050691,2.681022652,0.060814151,1.733577028,0.353389638,0.701748582,0.097207761,2.771018543,0.057126602,1.628459199,0.412324684,0.367249858,0.097207761,2.771018543,0.057126602,1.628459199,0.412324684,0.367249858
532nm/k05/coated_176,TRUE,TRUE,147,None,0.3134,3.26092,2.50728,3,0.00788626,nan,nan,None,(1.55+0.05j),0.532,nan,0.194241199,2.517987001,0.094462046,1.224530144,0.513686868,0.782529359,0.1988066,2.577169196,0.09454398,1.225592279,0.524442446,0.631385748,0.174506833,2.262166518,0.091421842,1.185119384,0.476113109,0.617593224
532nm/k05/coated_177,TRUE,TRUE,147,None,0.404472,7.00981,5.00654,3,0.00589269,nan,nan,None,(1.55+0.05j),0.532,nan,0.351678409,2.73702585,0.140964661,1.097093003,0.599166006,0.836273433,0.38483453,2.99507172,0.140514822,1.093592017,0.634869506,0.731242446,0.327494531,2.548808724,0.134050719,1.043283509,0.590677991,0.682808695
532nm/k05/coated_178,TRUE,TRUE,147,None,0.466524,10.7563,7.5042,3,0.00745378,nan,nan,None,(1.55+0.05j),0.532,nan,0.510705718,2.987671593,0.170881816,0.999673058,0.665400622,0.857580465,0.556998214,3.258486606,0.170185399,0.995598959,0.694459705,0.757819986,0.496765591,2.906120671,0.160530427,0.939116557,0.67684874,0.680734777
532nm/k05/coated_179,TRUE,TRUE,147,None,0.515764,14.53435,10.0229,3,0.0084442,nan,nan,None,(1.55+0.05j),0.532,nan,0.642016783,3.072942606,0.194232147,0.929670776,0.697465623,0.854469943,0.711592047,3.405956945,0.202504944,0.969267606,0.715419889,0.762668913,0.632238951,3.026142091,0.181988424,0.871067545,0.712152464,0.677214572
532nm/k05/coated_180,TRUE,TRUE,147,None,0.556728,18.27985,12.5199,3,0.00784795,nan,nan,None,(1.55+0.05j),0.532,nan,0.814039613,3.344025106,0.232301418,0.954280066,0.714631309,0.871184512,0.88088791,3.618633835,0.240867798,0.989470229,0.726562489,0.778711525,0.813219846,3.340657552,0.220246783,0.904760357,0.729166985,0.708528031
532nm/k05/coated_181,TRUE,TRUE,147,None,0.592784,22.06645,15.0443,3,0.008884,nan,nan,None,(1.55+0.05j),0.532,nan,0.962695472,3.488237942,0.257299641,0.932301437,0.732729976,0.886921302,1.011780766,3.666093962,0.263383384,0.954345314,0.739683346,0.786158631,0.968840377,3.510503437,0.245715264,0.890326516,0.746382098,0.727584157
532nm/k05/coated_182,TRUE,TRUE,171,0.244206383,0.22226,1,1,3,0.0176723,nan,nan,0.351636068,(1.55+0.05j),0.532,nan,0.109544285,2.823431295,0.069447373,1.789959969,0.366033814,0.739486887,0.109375691,2.819085884,0.063092769,1.626174271,0.42315547,0.39780941,0.109375691,2.819085884,0.063092769,1.626174271,0.42315547,0.39780941
532nm/k05/coated_183,TRUE,TRUE,171,None,0.32931,3.25261,2.50174,3,0.0171518,nan,nan,None,(1.55+0.05j),0.532,nan,0.220519362,2.589089167,0.106529331,1.250747025,0.516916203,0.79384628,0.227476428,2.670771178,0.106925313,1.255396206,0.52994992,0.650288982,0.196688209,2.309290701,0.102769474,1.206603043,0.477500584,0.640871966
532nm/k05/coated_184,TRUE,TRUE,171,None,0.425364,7.009705,5.00647,3,0.0108687,nan,nan,None,(1.55+0.05j),0.532,nan,0.404321651,2.845218696,0.161857969,1.138997426,0.599680184,0.853686283,0.443048572,3.117740734,0.159842893,1.1248173,0.639220386,0.748828651,0.380035556,2.674317013,0.153158866,1.077781682,0.596988062,0.694740102
532nm/k05/coated_185,TRUE,TRUE,171,None,0.491076,10.786045,7.52403,3,0.025065,nan,nan,None,(1.55+0.05j),0.532,nan,0.56230167,2.968807731,0.189087472,0.998333064,0.663725928,0.856694207,0.625217712,3.3009882,0.192571472,1.016727687,0.691992935,0.760261997,0.548983818,2.898492911,0.175922763,0.928826799,0.679548363,0.674804117
532nm/k05/coated_186,TRUE,TRUE,171,None,0.54266,14.55445,10.0363,3,0.0137617,nan,nan,None,(1.55+0.05j),0.532,nan,0.738221704,3.191841427,0.227915967,0.985437871,0.691263525,0.863793702,0.816755456,3.531396985,0.238112719,1.029525463,0.708465101,0.775522924,0.733340019,3.170734538,0.213198126,0.921802496,0.709277934,0.693761337
532nm/k05/coated_187,TRUE,TRUE,171,None,0.585766,18.3058,12.5372,3,0.00975606,nan,nan,None,(1.55+0.05j),0.532,nan,0.92563092,3.434785746,0.262400974,0.973704645,0.716516628,0.883668613,0.980857706,3.63971859,0.268867248,0.997699375,0.725885573,0.787211262,0.931460013,3.45641606,0.248099446,0.920635236,0.733644556,0.721330483
532nm/k05/coated_188,TRUE,TRUE,171,None,0.623348,22.06015,15.0401,3,0.00931892,nan,nan,None,(1.55+0.05j),0.532,nan,1.034391026,3.389485046,0.279515035,0.915912848,0.729778171,0.887234189,1.091182972,3.575580482,0.293345951,0.961233893,0.731167038,0.786328756,1.046571958,3.429399433,0.267281043,0.875824593,0.744612837,0.722651709
532nm/k05/coated_189,TRUE,TRUE,389,0.331639064,0.291912,1,1,3,0.00465219,nan,nan,0.354732101,(1.55+0.05j),0.532,nan,0.234758244,3.5077374,0.133568287,1.995765807,0.431038992,0.826761368,0.198108762,2.960124018,0.109297563,1.633114752,0.448295158,0.577032868,0.198108762,2.960124018,0.109297563,1.633114752,0.448295158,0.577032868
532nm/k05/coated_190,TRUE,TRUE,389,0.331639064,0.291912,1,1,3,0.00565223,nan,nan,0.354732101,(1.55+0.05j),0.532,nan,0.234758244,3.5077374,0.133568287,1.995765807,0.431038992,0.826761368,0.198108762,2.960124018,0.109297563,1.633114752,0.448295158,0.577032868,0.198108762,2.960124018,0.109297563,1.633114752,0.448295158,0.577032868
532nm/k05/coated_191,TRUE,TRUE,847,0.417623785,0.378548,1,1,3,0.00537142,nan,nan,0.347903554,(1.55+0.05j),0.532,nan,0.447809207,3.978883512,0.239161477,2.125002439,0.465929969,0.891671005,0.331674417,2.947000304,0.177101898,1.573589406,0.466036904,0.667598276,0.331674417,2.947000304,0.177101898,1.573589406,0.466036904,0.667598276
532nm/k05/coated_192,TRUE,TRUE,1189,0.468577706,0.423866,1,1,3,0.00695093,nan,nan,0.347494594,(1.55+0.05j),0.532,nan,0.579146332,4.10432049,0.304958092,2.161190836,0.473435166,0.910379877,0.408076068,2.891971989,0.217639675,1.542378722,0.466668859,0.699650049,0.408076068,2.891971989,0.217639675,1.542378722,0.466668859,0.699650049
532nm/k05/coated_193,TRUE,TRUE,1189,None,0.627964,3.25174,2.50116,3,0.00478763,nan,nan,None,(1.55+0.05j),0.532,nan,0.83481945,2.69546181,0.451150153,1.456671869,0.459583562,0.925444981,0.906328382,2.926349575,0.452076059,1.45966143,0.501200594,0.815080637,0.808148959,2.609348232,0.419946807,1.355922625,0.480359652,0.801712598
532nm/k05/coated_194,TRUE,TRUE,1189,None,0.811244,7.010785,5.00719,3,0.00382561,nan,nan,None,(1.55+0.05j),0.532,nan,1.522952292,2.946411642,0.687542771,1.330169063,0.548546088,0.919690313,1.461140742,2.826826629,0.705837444,1.365563238,0.516927135,0.821536798,1.649874857,3.19196505,0.617096958,1.193879593,0.625973476,0.744938174
532nm/k05/coated_195,TRUE,TRUE,1189,None,0.935658,10.750015,7.50001,3,0.00539897,nan,nan,None,(1.55+0.05j),0.532,nan,2.000020487,2.908776096,0.910942862,1.32485084,0.544533234,0.935619829,1.788370916,2.600958642,0.900703126,1.309958443,0.496355528,0.805481287,2.14277619,3.116396157,0.806181899,1.172489308,0.623767567,0.765034002
532nm/k05/coated_196,TRUE,TRUE,1189,None,1.033942,14.51455,10.0097,3,0.00491383,nan,nan,None,(1.55+0.05j),0.532,nan,2.365912062,2.817840213,0.980014781,1.167213737,0.585777174,0.926005766,2.020144777,2.406025684,1.049918252,1.250469922,0.480275739,0.789608129,2.336145869,2.782388187,0.925587671,1.102390152,0.603797142,0.751360565
532nm/k05/coated_197,TRUE,TRUE,1189,None,1.116162,18.25975,12.5065,3,0.00498339,nan,nan,None,(1.55+0.05j),0.532,nan,2.676801402,2.735721,1.164865624,1.190505708,0.564829269,0.933166362,2.295289031,2.345811086,1.20680538,1.233368608,0.474225092,0.799454337,2.539574175,2.595473238,1.095139108,1.119244429,0.568770576,0.733396907
532nm/k05/coated_198,TRUE,TRUE,1189,None,1.187888,22.0111,15.0074,3,0.00690105,nan,nan,None,(1.55+0.05j),0.532,nan,2.735466518,2.468257878,1.278555523,1.153662354,0.532600558,0.920008471,2.552302611,2.302985975,1.348435091,1.216715874,0.471678991,0.805818181,2.591647925,2.338487919,1.229244433,1.10916812,0.525690036,0.717567979
880nm/k00/coated_1,TRUE,TRUE,137,0.588616048,0.394734,7.017715,5.01181,1.76932,0.00886222,nan,nan,0.391510692,(1.55+0j),0.88,nan,0.111585657,0.911820648,0.052158812,0.426215008,0.532567058,0.682043522,0.16432748,1.342799722,0.06431217,0.525526007,0.608634111,0.490069826,0.167223806,1.366467009,0.069017142,0.563972615,0.587276816,0.404724364
880nm/k00/coated_2,TRUE,TRUE,34,None,0.1924024,3.27076,2.51384,1.6715,0.0293814,nan,nan,None,(1.55+0j),0.88,nan,0.013324037,0.458273763,0.010996766,0.378228385,0.174667161,0.277499604,0.01357862,0.467030013,0.010797342,0.37136929,0.204827784,0.101143812,0.01397914,0.480805678,0.010909161,0.375215275,0.219611389,0.079964084
880nm/k00/coated_3,TRUE,TRUE,146,0.667746915,0.466184,10.836235,7.55749,1.73124,0.0146115,nan,nan,0.382108114,(1.55+0j),0.88,nan,0.208044941,1.218856422,0.064471397,0.377713467,0.690108318,0.677411194,0.299053826,1.752042971,0.081707611,0.478693914,0.726779581,0.610543673,0.286311503,1.677390533,0.085454466,0.500645315,0.701533242,0.562886895
880nm/k00/coated_4,TRUE,TRUE,48,None,0.408188,22.10695,15.0713,1.67835,0.0213175,nan,nan,None,(1.55+0j),0.88,nan,0.129707554,0.991185462,0.024407138,0.186511884,0.81182948,0.601182346,0.137158575,1.048123879,0.02513542,0.192077192,0.816741899,0.501722383,0.139439763,1.065556023,0.028077005,0.214555884,0.798644202,0.462673216
880nm/k00/coated_5,TRUE,TRUE,65,0.47289858,0.355646,10.82029,7.54686,1.68772,0.0255813,nan,nan,0.376802096,(1.55+0j),0.88,nan,0.073211657,0.73697796,0.027459028,0.276413604,0.624936403,0.58245279,0.088536744,0.89124644,0.029226122,0.294201883,0.669898392,0.376377031,0.094819942,0.954495636,0.033546895,0.337696522,0.646204226,0.320481525
880nm/k00/coated_6,TRUE,TRUE,92,None,0.441154,14.56915,10.0461,2.24499,0.017024,nan,nan,None,(1.55+0j),0.88,nan,0.198936503,1.301499949,0.047407692,0.310154785,0.761694355,0.679223361,0.216904656,1.419052788,0.051167739,0.334754098,0.76410032,0.57789543,0.213414713,1.396220575,0.054409219,0.355960793,0.745054041,0.528351869
880nm/k00/coated_7,TRUE,TRUE,34,0.522242112,0.459358,44.5009,30.0006,1.93457,0.0178684,nan,nan,0.350854027,(1.55+0j),0.88,nan,0.212452513,1.281945086,0.020071172,0.121110077,0.905526314,0.70688425,0.225302629,1.359483086,0.020949839,0.126411985,0.907014669,0.597316651,0.223937634,1.351246664,0.021579605,0.130212011,0.903635647,0.579868386
880nm/k00/coated_8,TRUE,TRUE,398,0.709746908,0.56301,7.004605,5.00307,2.63375,0.0140351,nan,nan,0.362528296,(1.55+0j),0.88,nan,0.588332794,2.363202611,0.181880333,0.730573041,0.690854674,0.80735924,0.619066019,2.486651173,0.186902797,0.750747166,0.698089071,0.635699485,0.54380904,2.184360548,0.193268161,0.776315423,0.644602891,0.609748595
880nm/k00/coated_9,TRUE,TRUE,14,None,0.1846662,7.047715,5.03181,1.55278,0.0421606,nan,nan,None,(1.55+0j),0.88,nan,0.006555608,0.244764427,0.004796682,0.179092013,0.268308651,0.155783851,0.006268136,0.234031163,0.004572323,0.170715195,0.270545029,0.089725161,0.006401985,0.239028659,0.004592258,0.171459505,0.28268223,0.077447928
880nm/k00/coated_10,TRUE,TRUE,389,None,0.644488,10.761985,7.50799,3,0.00548111,nan,nan,None,(1.55+0j),0.88,nan,0.83279263,2.552803113,0.210488693,0.645222078,0.747249573,0.784467018,0.916224868,2.808552347,0.207267837,0.635349019,0.773780603,0.683533267,0.788070913,2.415715279,0.19716031,0.604365884,0.749819075,0.617111872
880nm/k00/coated_11,TRUE,TRUE,19,None,0.1583822,3.26434,2.50956,2.27573,0.000583218,nan,nan,None,(1.55+0j),0.88,nan,0.006607755,0.335390943,0.005643839,0.286465293,0.145876479,0.086076669,0.00653556,0.331726532,0.005658876,0.287228522,0.134140643,0.067856448,0.006480339,0.328923669,0.005531266,0.280751381,0.146454306,0.054577372
880nm/k00/coated_12,TRUE,TRUE,93,None,0.268694,3.258685,2.50579,3,0.00591491,nan,nan,None,(1.55+0j),0.88,nan,0.054283335,0.957327874,0.033886124,0.597607559,0.375754561,0.258540766,0.051642262,0.910750539,0.033299642,0.587264489,0.355186229,0.21043008,0.056403747,0.994722953,0.035629706,0.628356952,0.368309588,0.159464339
880nm/k00/coated_13,TRUE,TRUE,847,None,0.561238,3.258985,2.50599,3,0.0090348,nan,nan,None,(1.55+0j),0.88,nan,0.651121808,2.631953567,0.296371473,1.197987761,0.544829447,0.791909409,0.676659477,2.735181504,0.298283158,1.205715139,0.559182768,0.658035631,0.569394285,2.301595957,0.285436418,1.153786266,0.498701646,0.643160521
880nm/k00/coated_14,TRUE,TRUE,123,None,0.295566,3.27034,2.51356,3,0.0212002,nan,nan,None,(1.55+0j),0.88,nan,0.079460564,1.158118008,0.046460195,0.677145821,0.415304989,0.321376782,0.075541265,1.1009952,0.045646296,0.665283434,0.395743565,0.263909172,0.08252484,1.202779068,0.048953965,0.713491891,0.406797217,0.198301032
1200nm/k00/coated_1,TRUE,TRUE,137,0.588616048,0.394734,7.017715,5.01181,1.77822,0.0158238,nan,nan,0.391510692,(1.55+0j),1.2,nan,0.059336121,0.484864293,0.034853869,0.284807909,0.412602839,0.537303489,0.080616013,0.65875263,0.039546977,0.32315757,0.509440183,0.235574125,0.089147681,0.728469035,0.044423409,0.363005266,0.501687444,0.192631255
1200nm/k00/coated_2,TRUE,TRUE,34,None,0.1924024,3.27076,2.51384,1.65269,0.0221782,nan,nan,None,(1.55+0j),1.2,nan,0.008368834,0.287841959,0.00759035,0.261066392,0.093021766,0.159254452,0.008002961,0.275257937,0.007188534,0.247246126,0.10176568,0.053739418,0.007791652,0.267990056,0.00691819,0.237947781,0.112102202,0.04355321
1200nm/k00/coated_3,TRUE,TRUE,146,0.667746915,0.466184,10.836235,7.55749,1.72597,0.0146711,nan,nan,0.382108114,(1.55+0j),1.2,nan,0.103946638,0.608983938,0.042987851,0.251849518,0.586443086,0.541874745,0.13809342,0.809036984,0.047011766,0.275424109,0.65956549,0.341807055,0.149379594,0.875158398,0.054282351,0.318019711,0.636614684,0.291285178
1200nm/k00/coated_4,TRUE,TRUE,48,None,0.408188,22.10695,15.0713,1.67865,0.0360987,nan,nan,None,(1.55+0j),1.2,nan,0.058164033,0.444471751,0.015200039,0.116154048,0.738669448,0.355207425,0.059133865,0.451882908,0.014737345,0.112618286,0.750779939,0.242487022,0.062983231,0.48129859,0.016955585,0.129569397,0.73079207,0.223979576
1200nm/k00/coated_5,TRUE,TRUE,65,0.47289858,0.355646,10.82029,7.54686,1.68948,0.0352819,nan,nan,0.376802096,(1.55+0j),1.2,nan,0.035555239,0.357913322,0.017539315,0.176557789,0.506702382,0.365679444,0.040205005,0.404719736,0.018269727,0.183910416,0.545585748,0.182153705,0.043550654,0.438398378,0.020168517,0.203024399,0.536895186,0.159616628
1200nm/k00/coated_6,TRUE,TRUE,92,None,0.441154,14.56915,10.0461,2.25709,0.0172652,nan,nan,None,(1.55+0j),1.2,nan,0.095740155,0.626359693,0.029602741,0.193669667,0.690801198,0.40631417,0.096967649,0.634390312,0.029072534,0.190200897,0.700183162,0.294852123,0.104823508,0.685785609,0.03386485,0.221553611,0.676934587,0.260897786
1200nm/k00/coated_7,TRUE,TRUE,34,0.522242112,0.459358,44.5009,30.0006,1.94841,0.0172953,nan,nan,0.350854027,(1.55+0j),1.2,nan,0.092869047,0.560374723,0.012212329,0.073689572,0.868499471,0.418059516,0.091869175,0.554341469,0.011276637,0.06804358,0.87725331,0.315362019,0.095218173,0.574549422,0.013219661,0.079767849,0.861164513,0.301281153
1200nm/k00/coated_8,TRUE,TRUE,398,0.709746908,0.56301,7.004605,5.00307,2.63206,0.0106222,nan,nan,0.362528296,(1.55+0j),1.2,nan,0.336607035,1.352075956,0.124083796,0.498417142,0.631368977,0.644916283,0.370826585,1.489528313,0.141729805,0.569297257,0.617800312,0.53320375,0.367673396,1.476862651,0.149380158,0.600027031,0.593715075,0.449574062
1200nm/k00/coated_9,TRUE,TRUE,14,None,0.1846662,7.047715,5.03181,1.57754,0.0455966,nan,nan,None,(1.55+0j),1.2,nan,0.00372163,0.13895319,0.003192894,0.119211948,0.142071169,0.086634903,0.003547547,0.132453492,0.003055944,0.114098687,0.138575469,0.048141445,0.003428304,0.128001383,0.002912528,0.108744034,0.150446418,0.042274273
1200nm/k00/coated_10,TRUE,TRUE,389,None,0.644488,10.761985,7.50799,3,0.00539789,nan,nan,None,(1.55+0j),1.2,nan,0.583319647,1.78808044,0.166773907,0.511220842,0.714095166,0.734268447,0.591284041,1.812494116,0.160030806,0.49055086,0.729350371,0.615057204,0.564179018,1.72940766,0.167416592,0.513190897,0.70325626,0.570588278
1200nm/k00/coated_11,TRUE,TRUE,19,None,0.1583822,3.26434,2.50956,2.27551,0.00182321,nan,nan,None,(1.55+0j),1.2,nan,0.004048953,0.205513392,0.003773795,0.191547131,0.067957914,0.046681951,0.004094357,0.207817944,0.003841572,0.194987299,0.061739831,0.036408427,0.003892877,0.197591414,0.003624991,0.183994253,0.068814534,0.02977085
1200nm/k00/coated_12,TRUE,TRUE,93,None,0.268694,3.258685,2.50579,3,0.00625628,nan,nan,None,(1.55+0j),1.2,nan,0.028289139,0.498900466,0.021740267,0.383406125,0.23149776,0.133855812,0.027781541,0.489948586,0.021823105,0.384867043,0.214474633,0.106332997,0.02874351,0.506913651,0.02214889,0.390612516,0.229429875,0.083828503
1200nm/k00/coated_13,TRUE,TRUE,847,None,0.561238,3.258985,2.50599,3,0.00415632,nan,nan,None,(1.55+0j),1.2,nan,0.505692149,2.04410026,0.254444676,1.02851197,0.496838785,0.669001768,0.498740714,2.016001285,0.253785201,1.02584625,0.491148018,0.537893585,0.478447069,1.933970655,0.250753567,1.01359183,0.475901132,0.448502605
1200nm/k00/coated_14,TRUE,TRUE,123,None,0.295566,3.27034,2.51356,3,0.0166012,nan,nan,None,(1.55+0j),1.2,nan,0.041578172,0.60599154,0.030171259,0.439738609,0.2743486,0.162307824,0.040322909,0.587696393,0.02997719,0.436910104,0.256571744,0.130128039,0.042569904,0.620445792,0.031002016,0.451846698,0.271738637,0.101455572
2500nm/k00/coated_1,TRUE,TRUE,137,0.588616048,0.394734,7.017715,5.01181,1.7691,0.00998032,nan,nan,0.391510692,(1.55+0j),2.5,nan,0.016717357,0.136605649,0.014491441,0.118416606,0.133150005,0.179079522,0.016968904,0.138661164,0.014476278,0.118292708,0.146893735,0.050677312,0.016460842,0.13450954,0.013842425,0.113113183,0.159069434,0.04443683
2500nm/k00/coated_2,TRUE,TRUE,34,None,0.1924024,3.27076,2.51384,1.65417,0.0210649,nan,nan,None,(1.55+0j),2.5,nan,0.003405767,0.117139684,0.003358832,0.115525393,0.013780906,0.038490976,0.00311678,0.107200138,0.003074217,0.105736206,0.013656062,0.012429369,0.002866911,0.098605998,0.002822555,0.0970804,0.015471655,0.010284582
2500nm/k00/coated_3,TRUE,TRUE,146,0.667746915,0.466184,10.836235,7.55749,1.73025,0.0161448,nan,nan,0.382108114,(1.55+0j),2.5,nan,0.022144757,0.129737736,0.016655288,0.097577017,0.247890247,0.213803667,0.022693286,0.132951358,0.016406825,0.096121364,0.277018563,0.069923996,0.022609299,0.132459312,0.016052626,0.094046246,0.289998981,0.063464554
2500nm/k00/coated_4,TRUE,TRUE,48,None,0.408188,22.10695,15.0713,1.6738,0.021995,nan,nan,None,(1.55+0j),2.5,nan,0.008025597,0.061329156,0.005256188,0.040166178,0.345072047,0.089343051,0.007913069,0.060469256,0.0052624,0.040213648,0.334973663,0.053111519,0.007722492,0.059012918,0.005016991,0.038338314,0.350340311,0.050643136
2500nm/k00/coated_5,TRUE,TRUE,65,0.47289858,0.355646,10.82029,7.54686,1.68086,0.0285172,nan,nan,0.376802096,(1.55+0j),2.5,nan,0.00807825,0.081318906,0.006821735,0.068670324,0.155542937,0.090065316,0.008031377,0.080847063,0.006796113,0.068412408,0.15380467,0.040787463,0.007678552,0.077295389,0.006401572,0.0644408,0.166304728,0.037335374
2500nm/k00/coated_6,TRUE,TRUE,92,None,0.441154,14.56915,10.0461,2.2489,0.0148083,nan,nan,None,(1.55+0j),2.5,nan,0.014721237,0.096310575,0.010160216,0.066471064,0.309825898,0.097622486,0.014600505,0.095520713,0.010234662,0.066958111,0.299019979,0.062300074,0.014403596,0.094232475,0.009898387,0.064758099,0.312783633,0.057945278
2500nm/k00/coated_7,TRUE,TRUE,34,0.522242112,0.459358,44.5009,30.0006,1.94502,0.0167769,nan,nan,0.350854027,(1.55+0j),2.5,nan,0.009201488,0.055522066,0.003806627,0.022969307,0.586303092,0.099831244,0.009112855,0.054987251,0.003877784,0.023398669,0.574471019,0.066804858,0.009045153,0.054578732,0.003746562,0.022606869,0.585793439,0.065124628
2500nm/k00/coated_8,TRUE,TRUE,398,0.709746908,0.56301,7.004605,5.00307,2.63247,0.0106156,nan,nan,0.362528296,(1.55+0j),2.5,nan,0.068024006,0.273237376,0.04658294,0.18711336,0.315198518,0.171207414,0.067923565,0.272833925,0.047093058,0.189162392,0.306675691,0.103669369,0.070423992,0.282877588,0.048077525,0.193116777,0.317313263,0.088891624
2500nm/k00/coated_9,TRUE,TRUE,14,None,0.1846662,7.047715,5.03181,1.56338,0.0527394,nan,nan,None,(1.55+0j),2.5,nan,0.001403124,0.052387952,0.001374477,0.051318372,0.020416532,0.020700245,0.001350045,0.050406147,0.001324306,0.049445132,0.019065431,0.011174274,0.001230891,0.045957331,0.001204317,0.044965143,0.021589318,0.009944615
2500nm/k00/coated_10,TRUE,TRUE,389,None,0.644488,10.761985,7.50799,3,0.00767794,nan,nan,None,(1.55+0j),2.5,nan,0.096266025,0.295089317,0.050653013,0.155269348,0.473822538,0.172513584,0.092237793,0.282741366,0.04931132,0.151156586,0.465389207,0.135221446,0.097679174,0.299421116,0.052168402,0.159914551,0.465920931,0.120120632
2500nm/k00/coated_11,TRUE,TRUE,19,None,0.1583822,3.26434,2.50956,2.27641,0.00198582,nan,nan,None,(1.55+0j),2.5,nan,0.001656703,0.084089538,0.00164246,0.083366612,0.008597099,0.010907908,0.001709066,0.086747324,0.001695848,0.086076439,0.007733779,0.008433965,0.001563902,0.079379223,0.001550165,0.078681996,0.008783489,0.006990273
2500nm/k00/coated_12,TRUE,TRUE,93,None,0.268694,3.258685,2.50579,3,0.00624144,nan,nan,None,(1.55+0j),2.5,nan,0.00868002,0.153078756,0.00833964,0.147075889,0.039214239,0.031181631,0.009027873,0.159213402,0.00870933,0.153595648,0.035284431,0.024178271,0.008438714,0.148823137,0.008104025,0.142920635,0.039661185,0.019889671
2500nm/k00/coated_13,TRUE,TRUE,847,None,0.561238,3.258985,2.50599,3,0.00521905,nan,nan,None,(1.55+0j),2.5,nan,0.121559633,0.491366294,0.093193567,0.37670546,0.233351036,0.135116637,0.121799257,0.492334896,0.095541967,0.386198126,0.215578403,0.106914176,0.126086167,0.509663372,0.097017142,0.392161051,0.230548882,0.084262902
2500nm/k00/coated_14,TRUE,TRUE,123,None,0.295566,3.27034,2.51356,3,0.0237787,nan,nan,None,(1.55+0j),2.5,nan,0.01190599,0.17352685,0.011302231,0.164727206,0.050710566,0.037557815,0.0122909,0.179136815,0.011726183,0.170906205,0.04594594,0.029229983,0.011569479,0.16862228,0.010974034,0.159943818,0.051466875,0.023991136